Team A,Team B,Half,Time,Event Name,Player1 Name,Player1 Team,Player2 Name,X,Y,Possession,Possession Number,Possession Regain,Possession Loss,xG Score
Fulham,Aston Villa,0,0.0,Start Of Half,Bobby ZAMORA,Fulham,,0.0,0.01,A,1,False,False,0.0
Fulham,Aston Villa,0,0.4,Pass,Andrew JOHNSON,Fulham,,0.03,1.77,A,1,False,False,0.0
Fulham,Aston Villa,0,1.2,Touch,Danny MURPHY,Fulham,,-6.02,0.59,A,1,False,False,0.0
Fulham,Aston Villa,0,1.8,Touch,Danny MURPHY,Fulham,,-6.52,0.23,A,1,False,False,0.0
Fulham,Aston Villa,0,3.1,Pass,Danny MURPHY,Fulham,,-10.75,1.22,A,1,False,False,0.0
Fulham,Aston Villa,0,4.5,Touch,Philippe SENDEROS,Fulham,,-23.94,6.72,A,1,False,False,0.0
Fulham,Aston Villa,0,5.5,Pass,Philippe SENDEROS,Fulham,,-24.01,8.97,A,1,False,True,0.0
Fulham,Aston Villa,0,7.1,Pass,Stephen WARNOCK,Aston Villa,,6.93,14.14,B,2,True,False,0.0
Fulham,Aston Villa,0,11.3,Goalkeeper Pick Up,Shay GIVEN,Aston Villa,,38.96,-9.22,B,2,False,False,0.0
Fulham,Aston Villa,0,17.3,Touch,Shay GIVEN,Aston Villa,,37.05,-9.0,B,2,False,False,0.0
Fulham,Aston Villa,0,21.4,Pass,Shay GIVEN,Aston Villa,,31.5,-10.07,B,2,False,True,0.0
Fulham,Aston Villa,0,24.6,Header,Danny MURPHY,Fulham,,-15.86,-1.18,A,3,True,False,0.0
Fulham,Aston Villa,0,25.9,Header,Damien DUFF,Fulham,,-14.44,6.13,A,3,False,False,0.0
Fulham,Aston Villa,0,27.6,Pass,James COLLINS,Aston Villa,,2.79,-0.87,A,3,False,False,0.0
Fulham,Aston Villa,0,31.4,Header,Aaron HUGHES,Fulham,,-22.81,23.06,A,3,False,True,0.0
Fulham,Aston Villa,0,32.6,Touch,Fabian DELPH,Aston Villa,,-10.03,16.72,B,4,True,False,0.0
Fulham,Aston Villa,0,33.7,Touch,Fabian DELPH,Aston Villa,,-12.14,18.41,B,4,False,False,0.0
Fulham,Aston Villa,0,34.4,Pass,Fabian DELPH,Aston Villa,,-11.43,19.94,B,4,False,False,0.0
Fulham,Aston Villa,0,35.3,Touch,Stephen WARNOCK,Aston Villa,,-7.83,27.04,B,4,False,False,0.0
Fulham,Aston Villa,0,36.4,Pass,Stephen WARNOCK,Aston Villa,,-6.08,26.7,B,4,False,False,0.0
Fulham,Aston Villa,0,37.6,Touch,Emile HESKEY,Aston Villa,,-19.55,13.37,B,4,False,False,0.0
Fulham,Aston Villa,0,38.8,Pass,Emile HESKEY,Aston Villa,,-24.54,16.14,B,4,False,False,0.0
Fulham,Aston Villa,0,40.0,Touch,Gabriel AGBONLAHOR,Aston Villa,,-30.28,27.48,B,4,False,False,0.0
Fulham,Aston Villa,0,41.3,Cross,Gabriel AGBONLAHOR,Aston Villa,,-30.18,25.27,B,4,False,False,0.0
Fulham,Aston Villa,0,42.7,Clearance,Brede HANGELAND,Fulham,,-39.23,1.51,B,4,False,False,0.0
Fulham,Aston Villa,0,45.5,Touch,Luke YOUNG,Aston Villa,,-6.93,-10.93,B,4,False,False,0.0
Fulham,Aston Villa,0,49.8,Touch,Luke YOUNG,Aston Villa,,-7.57,-31.34,B,4,False,False,0.0
Fulham,Aston Villa,0,50.9,Tackle,Luke YOUNG,Aston Villa,Clint DEMPSEY,-11.05,-30.77,B,4,False,False,0.0
Fulham,Aston Villa,0,51.1,Ball Out Of Play,,,,-13.0,-34.0,U,-1,False,False,0.0
Fulham,Aston Villa,0,64.2,Throw In,Luke YOUNG,Aston Villa,,-19.79,-33.5,B,5,False,False,0.0
Fulham,Aston Villa,0,65.6,Touch,Emile HESKEY,Aston Villa,,-29.19,-25.16,B,5,False,True,0.0
Fulham,Aston Villa,0,66.3,Tackle,Emile HESKEY,Aston Villa,Clint DEMPSEY,-27.84,-26.4,A,6,True,False,0.0
Fulham,Aston Villa,0,67.4,Pass,Clint DEMPSEY,Fulham,,-26.5,-26.41,A,6,False,False,0.0
Fulham,Aston Villa,0,68.4,Clearance,John ARNE RIISE,Fulham,,-34.03,-25.43,A,6,False,True,0.0
Fulham,Aston Villa,0,71.5,Ball Out Of Play,,,,-12.0,-34.0,U,-1,False,False,0.0
Fulham,Aston Villa,0,86.5,Throw In,Luke YOUNG,Aston Villa,,-3.76,-33.5,B,7,False,True,0.0
Fulham,Aston Villa,0,88.3,Header,John ARNE RIISE,Fulham,,-24.32,-29.84,A,8,True,False,0.0
Fulham,Aston Villa,0,90.7,Header,Dickson ETUHU,Fulham,,-18.27,-19.88,A,8,False,True,0.0
Fulham,Aston Villa,0,92.4,Tackle,Andrew JOHNSON,Fulham,Fabian DELPH,-9.16,-16.45,B,9,True,False,0.0
Fulham,Aston Villa,0,93.8,Touch,Fabian DELPH,Aston Villa,,-10.03,-20.61,B,9,False,False,0.0
Fulham,Aston Villa,0,94.5,Touch,Fabian DELPH,Aston Villa,,-9.21,-20.1,B,9,False,False,0.0
Fulham,Aston Villa,0,95.2,Touch,Fabian DELPH,Aston Villa,,-8.34,-19.09,B,9,False,False,0.0
Fulham,Aston Villa,0,95.9,Pass,Fabian DELPH,Aston Villa,,-7.71,-19.6,B,9,False,False,0.0
Fulham,Aston Villa,0,96.7,Touch,Luke YOUNG,Aston Villa,,-4.01,-28.51,B,9,False,False,0.0
Fulham,Aston Villa,0,97.3,Touch,Luke YOUNG,Aston Villa,,-3.78,-28.79,B,9,False,False,0.0
Fulham,Aston Villa,0,98.5,Pass,Luke YOUNG,Aston Villa,,-4.61,-29.66,B,9,False,True,0.0
Fulham,Aston Villa,0,98.6,Offside,Darren BENT,Aston Villa,,-29.97,-13.26,U,-1,False,False,0.0
Fulham,Aston Villa,0,122.2,Indirect Free Kick Pass,Mark SCHWARZER,Fulham,,-34.09,-14.84,A,10,False,False,0.0
Fulham,Aston Villa,0,125.7,Header,James COLLINS,Aston Villa,,17.82,-4.01,A,10,False,False,0.0
Fulham,Aston Villa,0,128.2,Touch,Brede HANGELAND,Fulham,,-6.22,-10.01,A,10,False,False,0.0
Fulham,Aston Villa,0,128.8,Touch,Brede HANGELAND,Fulham,,-5.79,-11.51,A,10,False,False,0.0
Fulham,Aston Villa,0,130.1,Touch,Brede HANGELAND,Fulham,,-1.65,-12.16,A,10,False,False,0.0
Fulham,Aston Villa,0,130.9,Pass,Brede HANGELAND,Fulham,,2.96,-11.56,A,10,False,True,0.0
Fulham,Aston Villa,0,134.3,Goalkeeper Pick Up,Shay GIVEN,Aston Villa,,39.17,-8.63,B,11,True,False,0.0
Fulham,Aston Villa,0,143.9,Goalkeeper Kick,Shay GIVEN,Aston Villa,,35.28,-6.7,B,11,False,False,0.0
Fulham,Aston Villa,0,148.1,Header,Emile HESKEY,Aston Villa,,-12.91,6.25,B,11,False,True,0.0
Fulham,Aston Villa,0,149.8,Header,Philippe SENDEROS,Fulham,,-28.01,5.69,A,12,True,False,0.0
Fulham,Aston Villa,0,151.8,Goalkeeper Catch,Mark SCHWARZER,Fulham,,-43.64,3.96,A,12,False,False,0.0
Fulham,Aston Villa,0,154.9,Goalkeeper Kick,Mark SCHWARZER,Fulham,,-35.49,8.7,A,12,False,False,0.0
Fulham,Aston Villa,0,158.7,Header,Bobby ZAMORA,Fulham,,28.85,20.21,A,12,False,True,0.0
Fulham,Aston Villa,0,160.7,Clearance,Stephen WARNOCK,Aston Villa,,32.45,14.75,B,13,True,False,0.0
Fulham,Aston Villa,0,164.5,Header,Emile HESKEY,Aston Villa,,2.1,18.62,B,13,False,True,0.0
Fulham,Aston Villa,0,166.4,Touch,Philippe SENDEROS,Fulham,,-13.69,16.34,A,14,True,False,0.0
Fulham,Aston Villa,0,167.1,Pass,Philippe SENDEROS,Fulham,,-15.77,16.52,A,14,False,False,0.0
Fulham,Aston Villa,0,169.6,Pass,Mark SCHWARZER,Fulham,,-41.48,7.51,A,14,False,False,0.0
Fulham,Aston Villa,0,173.5,Header,Emile HESKEY,Aston Villa,,-2.89,21.83,A,14,False,False,0.0
Fulham,Aston Villa,0,175.5,Header,Aaron HUGHES,Fulham,,-13.29,22.36,A,14,False,False,0.0
Fulham,Aston Villa,0,177.9,Touch,Damien DUFF,Fulham,,-0.78,26.88,A,14,False,False,0.0
Fulham,Aston Villa,0,178.2,Touch,Damien DUFF,Fulham,,0.46,27.12,A,14,False,False,0.0
Fulham,Aston Villa,0,179.0,Pass,Damien DUFF,Fulham,,2.0,26.88,A,14,False,False,0.0
Fulham,Aston Villa,0,179.8,Touch,Bobby ZAMORA,Fulham,,12.18,24.07,A,14,False,False,0.0
Fulham,Aston Villa,0,180.5,Pass,Bobby ZAMORA,Fulham,,11.77,24.14,A,14,False,False,0.0
Fulham,Aston Villa,0,181.1,Touch,Damien DUFF,Fulham,,12.09,30.17,A,14,False,False,0.0
Fulham,Aston Villa,0,182.3,Pass,Damien DUFF,Fulham,,20.54,30.38,A,14,False,False,0.0
Fulham,Aston Villa,0,184.1,Touch,Andrew JOHNSON,Fulham,,25.87,9.36,A,14,False,False,0.0
Fulham,Aston Villa,0,186.0,Clearance,James COLLINS,Aston Villa,,31.0,1.52,A,14,False,False,0.0
Fulham,Aston Villa,0,193.4,Pass,Brede HANGELAND,Fulham,,-33.01,-30.6,A,14,False,False,0.0
Fulham,Aston Villa,0,195.0,Touch,Mark SCHWARZER,Fulham,,-42.2,-11.31,A,14,False,False,0.0
Fulham,Aston Villa,0,197.8,Pass,Mark SCHWARZER,Fulham,,-39.21,-0.11,A,14,False,False,0.0
Fulham,Aston Villa,0,198.6,Touch,Philippe SENDEROS,Fulham,,-31.8,10.48,A,14,False,False,0.0
Fulham,Aston Villa,0,199.9,Pass,Philippe SENDEROS,Fulham,,-29.45,10.62,A,14,False,False,0.0
Fulham,Aston Villa,0,201.1,Pass,Dickson ETUHU,Fulham,,-21.02,3.3,A,14,False,False,0.0
Fulham,Aston Villa,0,202.3,Touch,Philippe SENDEROS,Fulham,,-24.14,16.04,A,14,False,False,0.0
Fulham,Aston Villa,0,204.0,Pass,Philippe SENDEROS,Fulham,,-21.89,18.5,A,14,False,False,0.0
Fulham,Aston Villa,0,206.4,Header,Richard DUNNE,Aston Villa,,18.96,14.85,A,14,False,False,0.0
Fulham,Aston Villa,0,207.7,Touch,Andrew JOHNSON,Fulham,,27.39,17.32,A,14,False,False,0.0
Fulham,Aston Villa,0,208.0,Touch,Andrew JOHNSON,Fulham,,27.94,18.56,A,14,False,False,0.0
Fulham,Aston Villa,0,209.0,Pass,Andrew JOHNSON,Fulham,,29.49,22.36,A,14,False,False,0.0
Fulham,Aston Villa,0,210.1,Touch,Damien DUFF,Fulham,,25.36,26.84,A,14,False,False,0.0
Fulham,Aston Villa,0,210.6,Touch,Damien DUFF,Fulham,,26.24,27.1,A,14,False,False,0.0
Fulham,Aston Villa,0,211.2,Touch,Damien DUFF,Fulham,,27.7,27.41,A,14,False,False,0.0
Fulham,Aston Villa,0,211.8,Touch,Damien DUFF,Fulham,,30.48,27.65,A,14,False,False,0.0
Fulham,Aston Villa,0,212.3,Touch,Damien DUFF,Fulham,,33.18,27.46,A,14,False,False,0.0
Fulham,Aston Villa,0,213.4,Touch,Damien DUFF,Fulham,,37.7,26.22,A,14,False,False,0.0
Fulham,Aston Villa,0,214.2,Cross,Damien DUFF,Fulham,,40.67,25.49,A,14,False,True,0.0
Fulham,Aston Villa,0,215.5,Header,Richard DUNNE,Aston Villa,,43.48,0.96,B,15,True,False,0.0
Fulham,Aston Villa,0,217.7,Header,Gabriel AGBONLAHOR,Aston Villa,,30.63,14.08,B,15,False,False,0.0
Fulham,Aston Villa,0,218.9,Pass,Dickson ETUHU,Fulham,,22.11,2.72,B,15,False,False,0.0
Fulham,Aston Villa,0,220.0,Touch,Fabian DELPH,Aston Villa,,30.97,16.73,B,15,False,False,0.0
Fulham,Aston Villa,0,220.8,Touch,Fabian DELPH,Aston Villa,,29.2,15.26,B,15,False,False,0.0
Fulham,Aston Villa,0,222.1,Pass,Fabian DELPH,Aston Villa,,27.77,10.0,B,15,False,False,0.0
Fulham,Aston Villa,0,222.5,Touch,Emile HESKEY,Aston Villa,,22.36,4.39,B,15,False,False,0.0
Fulham,Aston Villa,0,223.4,Pass,Emile HESKEY,Aston Villa,,21.41,4.31,B,15,False,False,0.0
Fulham,Aston Villa,0,224.7,Touch,Gabriel AGBONLAHOR,Aston Villa,,8.78,8.58,B,15,False,False,0.0
Fulham,Aston Villa,0,225.2,Touch,Gabriel AGBONLAHOR,Aston Villa,,8.26,8.47,B,15,False,False,0.0
Fulham,Aston Villa,0,226.3,Pass,Gabriel AGBONLAHOR,Aston Villa,,9.27,7.92,B,15,False,False,0.0
Fulham,Aston Villa,0,228.7,Touch,Luke YOUNG,Aston Villa,,6.21,-24.97,B,15,False,False,0.0
Fulham,Aston Villa,0,231.7,Touch,Luke YOUNG,Aston Villa,,-8.08,-29.21,B,15,False,False,0.0
Fulham,Aston Villa,0,232.5,Pass,Luke YOUNG,Aston Villa,,-8.98,-29.5,B,15,False,False,0.0
Fulham,Aston Villa,0,234.3,Touch,Stiliyan PETROV,Aston Villa,,-0.3,-23.66,B,15,False,False,0.0
Fulham,Aston Villa,0,234.9,Touch,Stiliyan PETROV,Aston Villa,,-0.31,-23.63,B,15,False,False,0.0
Fulham,Aston Villa,0,236.6,Touch,Stiliyan PETROV,Aston Villa,,-3.83,-21.39,B,15,False,False,0.0
Fulham,Aston Villa,0,237.7,Pass,Stiliyan PETROV,Aston Villa,,-5.59,-20.1,B,15,False,False,0.0
Fulham,Aston Villa,0,238.9,Touch,Fabian DELPH,Aston Villa,,-3.37,-8.12,B,15,False,False,0.0
Fulham,Aston Villa,0,241.0,Pass,Fabian DELPH,Aston Villa,,-3.47,-6.1,B,15,False,False,0.0
Fulham,Aston Villa,0,242.2,Pass,Stiliyan PETROV,Aston Villa,,-1.81,-15.45,B,15,False,False,0.0
Fulham,Aston Villa,0,243.7,Touch,Fabian DELPH,Aston Villa,,-2.43,-5.92,B,15,False,False,0.0
Fulham,Aston Villa,0,245.0,Pass,Fabian DELPH,Aston Villa,,-3.1,-5.0,B,15,False,False,0.0
Fulham,Aston Villa,0,247.5,Touch,Stephen WARNOCK,Aston Villa,,-30.41,31.9,B,15,False,True,0.0
Fulham,Aston Villa,0,249.4,Ball Out Of Play,,,,-35.0,34.0,U,-1,False,False,0.0
Fulham,Aston Villa,0,264.3,Throw In,Aaron HUGHES,Fulham,,-36.77,33.5,A,16,False,False,0.0
Fulham,Aston Villa,0,266.9,Header,Bobby ZAMORA,Fulham,,-15.41,28.91,A,16,False,False,0.0
Fulham,Aston Villa,0,268.1,Touch,Andrew JOHNSON,Fulham,,-6.56,22.36,A,16,False,True,0.0
Fulham,Aston Villa,0,268.6,Tackle,Andrew JOHNSON,Fulham,Stiliyan PETROV,-8.0,22.25,B,17,True,False,0.0
Fulham,Aston Villa,0,270.0,Pass,Fabian DELPH,Aston Villa,,-8.34,25.88,B,17,False,False,0.0
Fulham,Aston Villa,0,270.5,Touch,Stephen WARNOCK,Aston Villa,,-11.48,30.63,B,17,False,False,0.0
Fulham,Aston Villa,0,271.1,Touch,Stephen WARNOCK,Aston Villa,,-11.23,31.31,B,17,False,False,0.0
Fulham,Aston Villa,0,272.2,Touch,Stephen WARNOCK,Aston Villa,,-6.87,31.59,B,17,False,False,0.0
Fulham,Aston Villa,0,272.7,Pass,Stephen WARNOCK,Aston Villa,,-4.51,31.62,B,17,False,False,0.0
Fulham,Aston Villa,0,275.6,Pass,Richard DUNNE,Aston Villa,,3.24,12.57,B,17,False,False,0.0
Fulham,Aston Villa,0,277.6,Touch,James COLLINS,Aston Villa,,10.22,-0.18,B,17,False,False,0.0
Fulham,Aston Villa,0,278.8,Touch,James COLLINS,Aston Villa,,8.52,-3.1,B,17,False,False,0.0
Fulham,Aston Villa,0,280.2,Pass,James COLLINS,Aston Villa,,3.72,-3.65,B,17,False,True,0.0
Fulham,Aston Villa,0,282.8,Ball Out Of Play,,,,-38.0,34.0,U,-1,False,False,0.0
Fulham,Aston Villa,0,293.6,Throw In,Aaron HUGHES,Fulham,,-31.81,33.5,A,18,False,False,0.0
Fulham,Aston Villa,0,295.6,Header,Bobby ZAMORA,Fulham,,-9.28,29.32,A,18,False,False,0.0
Fulham,Aston Villa,0,297.5,Header,James COLLINS,Aston Villa,,2.65,20.15,A,18,False,False,0.0
Fulham,Aston Villa,0,300.8,Touch,Philippe SENDEROS,Fulham,,-32.21,20.27,A,18,False,False,0.0
Fulham,Aston Villa,0,301.4,Touch,Philippe SENDEROS,Fulham,,-33.58,22.92,A,18,False,False,0.0
Fulham,Aston Villa,0,302.4,Clearance,Philippe SENDEROS,Fulham,,-33.43,28.03,A,18,False,True,0.0
Fulham,Aston Villa,0,305.2,Ball Out Of Play,,,,13.0,35.0,U,-1,False,False,0.0
Fulham,Aston Villa,0,315.2,Throw In,Stephen WARNOCK,Aston Villa,,-2.77,33.5,B,19,False,False,0.0
Fulham,Aston Villa,0,317.0,Header,Emile HESKEY,Aston Villa,,-18.5,26.64,B,19,False,True,0.0
Fulham,Aston Villa,0,318.3,Header,Philippe SENDEROS,Fulham,,-28.87,20.45,A,20,True,False,0.0
Fulham,Aston Villa,0,320.4,Header,Dickson ETUHU,Fulham,,-20.74,17.82,A,20,False,True,0.0
Fulham,Aston Villa,0,322.4,Pass,Stiliyan PETROV,Aston Villa,,-11.15,25.81,B,21,True,False,0.0
Fulham,Aston Villa,0,322.9,Pass,Stephen WARNOCK,Aston Villa,,-5.46,27.25,B,21,False,False,0.0
Fulham,Aston Villa,0,324.1,Touch,Emile HESKEY,Aston Villa,,-19.0,21.73,B,21,False,False,0.0
Fulham,Aston Villa,0,324.9,Pass,Emile HESKEY,Aston Villa,,-21.99,23.19,B,21,False,False,0.0
Fulham,Aston Villa,0,326.1,Touch,Gabriel AGBONLAHOR,Aston Villa,,-30.07,31.46,B,21,False,False,0.0
Fulham,Aston Villa,0,327.0,Touch,Gabriel AGBONLAHOR,Aston Villa,,-34.46,30.98,B,21,False,False,0.0
Fulham,Aston Villa,0,327.7,Touch,Gabriel AGBONLAHOR,Aston Villa,,-38.42,29.63,B,21,False,False,0.0
Fulham,Aston Villa,0,328.9,Cross,Gabriel AGBONLAHOR,Aston Villa,,-44.54,27.35,B,21,False,True,0.0
Fulham,Aston Villa,0,329.6,Touch,Philippe SENDEROS,Fulham,,-44.12,11.42,A,22,True,False,0.0
Fulham,Aston Villa,0,331.3,Pass,Philippe SENDEROS,Fulham,,-41.35,15.54,A,22,False,False,0.0
Fulham,Aston Villa,0,331.8,Touch,Damien DUFF,Fulham,,-37.73,22.33,A,22,False,True,0.0
Fulham,Aston Villa,0,332.5,Tackle,Damien DUFF,Fulham,Gabriel AGBONLAHOR,-35.44,22.79,A,22,True,False,0.0
Fulham,Aston Villa,0,332.8,Foul,Gabriel AGBONLAHOR,Aston Villa,Damien DUFF,-34.58,22.51,U,-1,False,False,0.0
Fulham,Aston Villa,0,376.7,Direct Free Kick Cross,Charles N'ZOGBIA,Aston Villa,,-29.88,20.08,B,23,False,True,0.0
Fulham,Aston Villa,0,378.6,Ball Out Of Play,,,,-52.0,-12.0,U,-1,False,False,0.0
Fulham,Aston Villa,0,404.2,Goal Kick,Mark SCHWARZER,Fulham,,-46.05,7.71,A,24,False,False,0.0
Fulham,Aston Villa,0,406.4,Touch,Philippe SENDEROS,Fulham,,-26.82,19.74,A,24,False,False,0.0
Fulham,Aston Villa,0,407.2,Touch,Philippe SENDEROS,Fulham,,-27.12,19.98,A,24,False,False,0.0
Fulham,Aston Villa,0,408.8,Touch,Philippe SENDEROS,Fulham,,-24.25,18.02,A,24,False,False,0.0
Fulham,Aston Villa,0,409.5,Touch,Philippe SENDEROS,Fulham,,-22.66,17.29,A,24,False,False,0.0
Fulham,Aston Villa,0,410.1,Pass,Philippe SENDEROS,Fulham,,-21.89,16.75,A,24,False,False,0.0
Fulham,Aston Villa,0,411.5,Pass,Brede HANGELAND,Fulham,,-24.93,0.18,A,24,False,False,0.0
Fulham,Aston Villa,0,413.6,Clearance,Mark SCHWARZER,Fulham,,-41.21,4.0,A,24,False,False,0.0
Fulham,Aston Villa,0,416.8,Header,James COLLINS,Aston Villa,,7.41,7.7,A,24,False,False,0.0
Fulham,Aston Villa,0,418.2,Header,Aaron HUGHES,Fulham,,-12.53,22.06,A,24,False,False,0.0
Fulham,Aston Villa,0,419.5,Pass,Damien DUFF,Fulham,,0.51,26.32,A,24,False,False,0.0
Fulham,Aston Villa,0,420.6,Pass,Bobby ZAMORA,Fulham,,11.09,20.95,A,24,False,False,0.0
Fulham,Aston Villa,0,421.1,Touch,Andrew JOHNSON,Fulham,,12.81,16.23,A,24,False,False,0.0
Fulham,Aston Villa,0,422.7,Foul,Andrew JOHNSON,Fulham,James COLLINS,22.9,19.73,U,-1,False,False,0.0
Fulham,Aston Villa,0,472.2,Direct Free Kick Cross,Damien DUFF,Fulham,,29.17,21.8,A,25,False,False,0.0
Fulham,Aston Villa,0,473.5,Header,Richard DUNNE,Aston Villa,,43.08,1.27,A,25,False,False,0.0
Fulham,Aston Villa,0,473.9,Header,Clint DEMPSEY,Fulham,,39.57,0.54,A,25,False,True,0.0
Fulham,Aston Villa,0,477.0,Pass,Fabian DELPH,Aston Villa,,24.61,6.19,B,26,True,False,0.0
Fulham,Aston Villa,0,478.5,Touch,Charles N'ZOGBIA,Aston Villa,,16.35,14.93,B,26,False,False,0.0
Fulham,Aston Villa,0,479.9,Pass,Charles N'ZOGBIA,Aston Villa,,9.48,15.27,B,26,False,False,0.0
Fulham,Aston Villa,0,481.8,Touch,Gabriel AGBONLAHOR,Aston Villa,,-11.91,26.5,B,26,False,False,0.0
Fulham,Aston Villa,0,482.6,Touch,Gabriel AGBONLAHOR,Aston Villa,,-17.95,27.05,B,26,False,False,0.0
Fulham,Aston Villa,0,485.3,Touch,Gabriel AGBONLAHOR,Aston Villa,,-36.11,28.12,B,26,False,False,0.0
Fulham,Aston Villa,0,486.2,Pass,Gabriel AGBONLAHOR,Aston Villa,,-37.0,28.43,B,26,False,False,0.0
Fulham,Aston Villa,0,486.9,Touch,Charles N'ZOGBIA,Aston Villa,,-28.16,28.54,B,26,False,False,0.0
Fulham,Aston Villa,0,488.5,Pass,Charles N'ZOGBIA,Aston Villa,,-28.76,29.69,B,26,False,False,0.0
Fulham,Aston Villa,0,489.7,Touch,Fabian DELPH,Aston Villa,,-16.4,19.72,B,26,False,False,0.0
Fulham,Aston Villa,0,490.8,Pass,Fabian DELPH,Aston Villa,,-17.49,17.75,B,26,False,False,0.0
Fulham,Aston Villa,0,491.8,Touch,Stiliyan PETROV,Aston Villa,,-15.81,4.85,B,26,False,False,0.0
Fulham,Aston Villa,0,493.3,Touch,Stiliyan PETROV,Aston Villa,,-15.31,2.99,B,26,False,False,0.0
Fulham,Aston Villa,0,494.4,Pass,Stiliyan PETROV,Aston Villa,,-14.25,2.83,B,26,False,False,0.0
Fulham,Aston Villa,0,495.1,Touch,Fabian DELPH,Aston Villa,,-15.17,10.37,B,26,False,False,0.0
Fulham,Aston Villa,0,495.9,Pass,Fabian DELPH,Aston Villa,,-15.51,10.9,B,26,False,False,0.0
Fulham,Aston Villa,0,497.7,Touch,Charles N'ZOGBIA,Aston Villa,,-29.75,30.56,B,26,False,False,0.0
Fulham,Aston Villa,0,499.1,Cross,Charles N'ZOGBIA,Aston Villa,,-32.87,29.12,B,26,False,False,0.0
Fulham,Aston Villa,0,499.8,Header,Aaron HUGHES,Fulham,,-40.08,11.68,B,26,False,False,0.0
Fulham,Aston Villa,0,502.3,Ball Out Of Play,,,,-48.0,34.0,U,-1,False,False,0.0
Fulham,Aston Villa,0,521.7,Throw In,Stephen WARNOCK,Aston Villa,,-41.86,33.5,B,27,False,False,0.0
Fulham,Aston Villa,0,522.9,Touch,Emile HESKEY,Aston Villa,,-37.86,20.93,B,27,False,True,0.0
Fulham,Aston Villa,0,523.4,Touch,Dickson ETUHU,Fulham,,-38.57,23.74,A,28,True,False,0.0
Fulham,Aston Villa,0,524.6,Clearance,Dickson ETUHU,Fulham,,-35.92,28.14,A,28,False,True,0.0
Fulham,Aston Villa,0,529.5,Touch,James COLLINS,Aston Villa,,6.67,19.97,B,29,True,False,0.0
Fulham,Aston Villa,0,530.8,Pass,James COLLINS,Aston Villa,,8.05,15.52,B,29,False,False,0.0
Fulham,Aston Villa,0,532.4,Touch,Luke YOUNG,Aston Villa,,5.45,-8.98,B,29,False,False,0.0
Fulham,Aston Villa,0,532.9,Touch,Luke YOUNG,Aston Villa,,5.14,-9.44,B,29,False,False,0.0
Fulham,Aston Villa,0,534.0,Touch,Luke YOUNG,Aston Villa,,3.21,-10.48,B,29,False,False,0.0
Fulham,Aston Villa,0,535.0,Touch,Luke YOUNG,Aston Villa,,2.8,-10.3,B,29,False,False,0.0
Fulham,Aston Villa,0,535.5,Pass,Luke YOUNG,Aston Villa,,3.09,-10.09,B,29,False,False,0.0
Fulham,Aston Villa,0,538.7,Touch,Shay GIVEN,Aston Villa,,29.9,-6.08,B,29,False,False,0.0
Fulham,Aston Villa,0,543.1,Pass,Shay GIVEN,Aston Villa,,25.95,-7.92,B,29,False,False,0.0
Fulham,Aston Villa,0,546.2,Header,Emile HESKEY,Aston Villa,,-16.84,28.13,B,29,False,False,0.0
Fulham,Aston Villa,0,548.3,Touch,Gabriel AGBONLAHOR,Aston Villa,,-32.73,24.15,B,29,False,False,0.0
Fulham,Aston Villa,0,549.0,Touch,Gabriel AGBONLAHOR,Aston Villa,,-34.17,24.83,B,29,False,False,0.0
Fulham,Aston Villa,0,549.7,Touch,Gabriel AGBONLAHOR,Aston Villa,,-34.92,24.73,B,29,False,False,0.0
Fulham,Aston Villa,0,550.7,Cross,Gabriel AGBONLAHOR,Aston Villa,,-34.78,21.5,B,29,False,True,0.0
Fulham,Aston Villa,0,551.5,Header,Brede HANGELAND,Fulham,,-40.05,2.38,A,30,True,False,0.0
Fulham,Aston Villa,0,555.8,Tackle,Richard DUNNE,Aston Villa,Bobby ZAMORA,3.85,8.34,A,30,False,False,0.0
Fulham,Aston Villa,0,557.2,Touch,Bobby ZAMORA,Fulham,,4.87,10.95,A,30,False,False,0.0
Fulham,Aston Villa,0,559.2,Pass,Bobby ZAMORA,Fulham,,13.79,19.43,A,30,False,False,0.0
Fulham,Aston Villa,0,559.7,Block,James COLLINS,Aston Villa,,22.84,12.77,A,30,False,False,0.0
Fulham,Aston Villa,0,561.5,Clearance,James COLLINS,Aston Villa,,31.21,14.92,A,30,False,False,0.0
Fulham,Aston Villa,0,563.2,Ball Out Of Play,,,,24.0,34.0,U,-1,False,False,0.0
Fulham,Aston Villa,0,582.6,Throw In,Aaron HUGHES,Fulham,,28.87,33.5,A,31,False,False,0.0
Fulham,Aston Villa,0,584.5,Touch,Danny MURPHY,Fulham,,20.15,21.23,A,31,False,False,0.0
Fulham,Aston Villa,0,585.5,Pass,Danny MURPHY,Fulham,,19.69,16.06,A,31,False,False,0.0
Fulham,Aston Villa,0,586.2,Touch,Clint DEMPSEY,Fulham,,25.16,4.99,A,31,False,False,0.0
Fulham,Aston Villa,0,587.2,Touch,Clint DEMPSEY,Fulham,,23.52,4.28,A,31,False,False,0.0
Fulham,Aston Villa,0,587.8,Pass,Clint DEMPSEY,Fulham,,23.08,3.6,A,31,False,False,0.0
Fulham,Aston Villa,0,588.2,Pass,Danny MURPHY,Fulham,,20.46,3.53,A,31,False,False,0.0
Fulham,Aston Villa,0,590.4,Shot,John ARNE RIISE,Fulham,,39.76,-10.53,A,31,False,True,0.0697073061928318
Fulham,Aston Villa,0,591.1,Ball Out Of Play,,,,52.0,2.0,U,-1,False,False,0.0
Fulham,Aston Villa,0,631.3,Goal Kick,Shay GIVEN,Aston Villa,,45.68,8.02,B,32,False,False,0.0
Fulham,Aston Villa,0,636.4,Pass,Aaron HUGHES,Fulham,,-20.97,26.63,B,32,False,False,0.0
Fulham,Aston Villa,0,641.7,Clearance,Fabian DELPH,Aston Villa,,10.01,27.33,B,32,False,True,0.0
Fulham,Aston Villa,0,643.3,Ball Out Of Play,,,,-12.0,34.0,U,-1,False,False,0.0
Fulham,Aston Villa,0,654.6,Throw In,Aaron HUGHES,Fulham,,-8.68,33.5,A,33,False,False,0.0
Fulham,Aston Villa,0,656.4,Header,Bobby ZAMORA,Fulham,,10.23,29.75,A,33,False,True,0.0
Fulham,Aston Villa,0,657.7,Touch,Stiliyan PETROV,Aston Villa,,14.23,20.19,B,34,True,False,0.0
Fulham,Aston Villa,0,658.6,Pass,Stiliyan PETROV,Aston Villa,,13.54,19.91,B,34,False,True,0.0
Fulham,Aston Villa,0,661.2,Header,Brede HANGELAND,Fulham,,-13.42,-0.81,A,35,True,False,0.0
Fulham,Aston Villa,0,663.0,Touch,John ARNE RIISE,Fulham,,-11.48,-22.55,A,35,False,False,0.0
Fulham,Aston Villa,0,664.8,Pass,John ARNE RIISE,Fulham,,-12.38,-25.17,A,35,False,True,0.0
Fulham,Aston Villa,0,668.2,Goalkeeper Catch,Shay GIVEN,Aston Villa,,36.57,-11.37,B,36,True,False,0.0
Fulham,Aston Villa,0,678.4,Goalkeeper Kick,Shay GIVEN,Aston Villa,,35.21,-12.77,B,36,False,False,0.0
Fulham,Aston Villa,0,682.7,Header,Emile HESKEY,Aston Villa,,-20.71,-5.52,B,36,False,False,0.0
Fulham,Aston Villa,0,685.3,Clearance,John ARNE RIISE,Fulham,,-29.46,-20.49,B,36,False,False,0.0
Fulham,Aston Villa,0,687.8,Ball Out Of Play,,,,-12.0,-34.0,U,-1,False,False,0.0
Fulham,Aston Villa,0,701.8,Throw In,Luke YOUNG,Aston Villa,,-13.96,-33.5,B,37,False,False,0.0
Fulham,Aston Villa,0,702.7,Pass,Stiliyan PETROV,Aston Villa,,-16.0,-26.08,B,37,False,False,0.0
Fulham,Aston Villa,0,703.4,Touch,Luke YOUNG,Aston Villa,,-14.97,-33.29,B,37,False,False,0.0
Fulham,Aston Villa,0,704.0,Pass,Luke YOUNG,Aston Villa,,-15.05,-31.97,B,37,False,False,0.0
Fulham,Aston Villa,0,705.9,Touch,Stiliyan PETROV,Aston Villa,,-10.1,-21.97,B,37,False,False,0.0
Fulham,Aston Villa,0,706.8,Touch,Stiliyan PETROV,Aston Villa,,-9.42,-21.52,B,37,False,False,0.0
Fulham,Aston Villa,0,708.0,Touch,Stiliyan PETROV,Aston Villa,,-10.67,-23.62,B,37,False,False,0.0
Fulham,Aston Villa,0,709.0,Pass,Stiliyan PETROV,Aston Villa,,-10.89,-24.43,B,37,False,False,0.0
Fulham,Aston Villa,0,710.2,Touch,Fabian DELPH,Aston Villa,,-3.29,-4.55,B,37,False,False,0.0
Fulham,Aston Villa,0,711.5,Pass,Fabian DELPH,Aston Villa,,-3.37,-1.7,B,37,False,False,0.0
Fulham,Aston Villa,0,712.6,Pass,Darren BENT,Aston Villa,,-20.03,-1.14,B,37,False,False,0.0
Fulham,Aston Villa,0,715.2,Touch,Gabriel AGBONLAHOR,Aston Villa,,-18.1,24.1,B,37,False,False,0.0
Fulham,Aston Villa,0,716.3,Touch,Gabriel AGBONLAHOR,Aston Villa,,-14.86,24.64,B,37,False,False,0.0
Fulham,Aston Villa,0,716.9,Touch,Gabriel AGBONLAHOR,Aston Villa,,-14.56,24.68,B,37,False,False,0.0
Fulham,Aston Villa,0,717.5,Pass,Gabriel AGBONLAHOR,Aston Villa,,-15.16,24.34,B,37,False,False,0.0
Fulham,Aston Villa,0,718.4,Touch,Fabian DELPH,Aston Villa,,-11.4,16.45,B,37,False,False,0.0
Fulham,Aston Villa,0,719.2,Pass,Fabian DELPH,Aston Villa,,-11.78,15.91,B,37,False,False,0.0
Fulham,Aston Villa,0,720.2,Touch,Stiliyan PETROV,Aston Villa,,-11.64,4.69,B,37,False,False,0.0
Fulham,Aston Villa,0,721.6,Touch,Stiliyan PETROV,Aston Villa,,-9.17,2.18,B,37,False,False,0.0
Fulham,Aston Villa,0,723.0,Touch,Stiliyan PETROV,Aston Villa,,-8.99,1.49,B,37,False,False,0.0
Fulham,Aston Villa,0,723.6,Touch,Stiliyan PETROV,Aston Villa,,-9.68,2.15,B,37,False,False,0.0
Fulham,Aston Villa,0,724.4,Pass,Stiliyan PETROV,Aston Villa,,-10.57,3.25,B,37,False,False,0.0
Fulham,Aston Villa,0,725.6,Pass,Stephen WARNOCK,Aston Villa,,-16.27,25.22,B,37,False,False,0.0
Fulham,Aston Villa,0,726.3,Touch,Fabian DELPH,Aston Villa,,-9.87,17.6,B,37,False,False,0.0
Fulham,Aston Villa,0,727.8,Pass,Fabian DELPH,Aston Villa,,-13.42,18.6,B,37,False,False,0.0
Fulham,Aston Villa,0,729.1,Touch,Gabriel AGBONLAHOR,Aston Villa,,-31.58,18.23,B,37,False,False,0.0
Fulham,Aston Villa,0,729.7,Touch,Gabriel AGBONLAHOR,Aston Villa,,-32.47,18.54,B,37,False,False,0.0
Fulham,Aston Villa,0,731.0,Pass,Gabriel AGBONLAHOR,Aston Villa,,-36.91,21.77,B,37,False,True,0.0
Fulham,Aston Villa,0,732.3,Pass,Dickson ETUHU,Fulham,,-29.83,7.62,A,38,True,False,0.0
Fulham,Aston Villa,0,733.1,Pass,Danny MURPHY,Fulham,,-31.73,14.34,A,38,False,False,0.0
Fulham,Aston Villa,0,734.8,Touch,Clint DEMPSEY,Fulham,,-17.75,-3.31,A,38,False,False,0.0
Fulham,Aston Villa,0,735.5,Touch,Clint DEMPSEY,Fulham,,-14.54,-1.43,A,38,False,False,0.0
Fulham,Aston Villa,0,736.8,Touch,Clint DEMPSEY,Fulham,,-10.68,7.05,A,38,False,False,0.0
Fulham,Aston Villa,0,738.7,Touch,Clint DEMPSEY,Fulham,,-6.14,18.29,A,38,False,False,0.0
Fulham,Aston Villa,0,738.9,Touch,Clint DEMPSEY,Fulham,,-5.92,19.17,A,38,False,False,0.0
Fulham,Aston Villa,0,739.5,Pass,Clint DEMPSEY,Fulham,,-5.87,21.12,A,38,False,False,0.0
Fulham,Aston Villa,0,740.3,Touch,Damien DUFF,Fulham,,-3.14,28.64,A,38,False,False,0.0
Fulham,Aston Villa,0,741.1,Touch,Damien DUFF,Fulham,,-1.14,28.98,A,38,False,False,0.0
Fulham,Aston Villa,0,742.2,Pass,Damien DUFF,Fulham,,-0.37,27.46,A,38,False,False,0.0
Fulham,Aston Villa,0,743.7,Touch,Aaron HUGHES,Fulham,,-11.5,23.74,A,38,False,False,0.0
Fulham,Aston Villa,0,744.2,Pass,Aaron HUGHES,Fulham,,-10.49,23.48,A,38,False,False,0.0
Fulham,Aston Villa,0,746.0,Touch,Philippe SENDEROS,Fulham,,-20.88,14.58,A,38,False,False,0.0
Fulham,Aston Villa,0,747.4,Touch,Philippe SENDEROS,Fulham,,-20.82,11.04,A,38,False,False,0.0
Fulham,Aston Villa,0,748.9,Touch,Philippe SENDEROS,Fulham,,-16.47,8.51,A,38,False,False,0.0
Fulham,Aston Villa,0,749.6,Pass,Philippe SENDEROS,Fulham,,-16.09,7.0,A,38,False,False,0.0
Fulham,Aston Villa,0,750.5,Touch,Dickson ETUHU,Fulham,,-7.32,-1.31,A,38,False,False,0.0
Fulham,Aston Villa,0,751.7,Pass,Dickson ETUHU,Fulham,,-5.74,2.47,A,38,False,False,0.0
Fulham,Aston Villa,0,752.4,Touch,Andrew JOHNSON,Fulham,,9.71,4.3,A,38,False,True,0.0
Fulham,Aston Villa,0,752.8,Touch,James COLLINS,Aston Villa,,14.68,1.8,B,39,True,False,0.0
Fulham,Aston Villa,0,753.9,Pass,James COLLINS,Aston Villa,,15.0,2.45,B,39,False,False,0.0
Fulham,Aston Villa,0,755.7,Touch,Shay GIVEN,Aston Villa,,40.73,2.38,B,39,False,False,0.0
Fulham,Aston Villa,0,758.3,Pass,Shay GIVEN,Aston Villa,,41.02,4.38,B,39,False,False,0.0
Fulham,Aston Villa,0,760.5,Touch,James COLLINS,Aston Villa,,29.71,-9.41,B,39,False,False,0.0
Fulham,Aston Villa,0,760.9,Touch,James COLLINS,Aston Villa,,30.42,-9.95,B,39,False,False,0.0
Fulham,Aston Villa,0,762.5,Pass,James COLLINS,Aston Villa,,30.26,-13.92,B,39,False,False,0.0
Fulham,Aston Villa,0,763.6,Touch,Luke YOUNG,Aston Villa,,19.4,-29.0,B,39,False,False,0.0
Fulham,Aston Villa,0,764.8,Pass,Luke YOUNG,Aston Villa,,21.63,-29.54,B,39,False,False,0.0
Fulham,Aston Villa,0,766.2,Touch,James COLLINS,Aston Villa,,32.25,-20.58,B,39,False,False,0.0
Fulham,Aston Villa,0,768.1,Pass,James COLLINS,Aston Villa,,30.15,-22.96,B,39,False,True,0.0
Fulham,Aston Villa,0,772.1,Touch,Philippe SENDEROS,Fulham,,-22.61,-5.84,A,40,True,False,0.0
Fulham,Aston Villa,0,772.6,Touch,Philippe SENDEROS,Fulham,,-24.6,-4.63,A,40,False,False,0.0
Fulham,Aston Villa,0,774.5,Touch,Philippe SENDEROS,Fulham,,-24.62,1.54,A,40,False,False,0.0
Fulham,Aston Villa,0,775.8,Pass,Philippe SENDEROS,Fulham,,-23.04,4.6,A,40,False,False,0.0
Fulham,Aston Villa,0,776.6,Pass,Dickson ETUHU,Fulham,,-11.75,-0.49,A,40,False,False,0.0
Fulham,Aston Villa,0,777.6,Pass,Philippe SENDEROS,Fulham,,-18.98,6.05,A,40,False,False,0.0
Fulham,Aston Villa,0,778.8,Touch,Danny MURPHY,Fulham,,-8.12,10.64,A,40,False,False,0.0
Fulham,Aston Villa,0,779.7,Pass,Danny MURPHY,Fulham,,-5.43,11.83,A,40,False,True,0.0
Fulham,Aston Villa,0,781.1,Pass,Stephen WARNOCK,Aston Villa,,8.78,25.89,B,41,True,False,0.0
Fulham,Aston Villa,0,781.8,Touch,Gabriel AGBONLAHOR,Aston Villa,,-1.76,23.43,B,41,False,False,0.0
Fulham,Aston Villa,0,782.8,Touch,Gabriel AGBONLAHOR,Aston Villa,,-1.34,23.95,B,41,False,False,0.0
Fulham,Aston Villa,0,783.7,Touch,Gabriel AGBONLAHOR,Aston Villa,,-2.34,23.64,B,41,False,False,0.0
Fulham,Aston Villa,0,784.1,Pass,Gabriel AGBONLAHOR,Aston Villa,,-3.3,22.89,B,41,False,False,0.0
Fulham,Aston Villa,0,784.8,Touch,Fabian DELPH,Aston Villa,,1.54,17.59,B,41,False,False,0.0
Fulham,Aston Villa,0,785.4,Pass,Fabian DELPH,Aston Villa,,1.33,17.18,B,41,False,False,0.0
Fulham,Aston Villa,0,786.3,Touch,Stiliyan PETROV,Aston Villa,,4.24,11.26,B,41,False,False,0.0
Fulham,Aston Villa,0,787.6,Pass,Stiliyan PETROV,Aston Villa,,4.51,9.37,B,41,False,False,0.0
Fulham,Aston Villa,0,788.4,Touch,Charles N'ZOGBIA,Aston Villa,,-5.15,-0.94,B,41,False,False,0.0
Fulham,Aston Villa,0,789.0,Touch,Charles N'ZOGBIA,Aston Villa,,-4.87,0.11,B,41,False,False,0.0
Fulham,Aston Villa,0,790.0,Pass,Charles N'ZOGBIA,Aston Villa,,-3.29,2.22,B,41,False,False,0.0
Fulham,Aston Villa,0,791.3,Touch,Fabian DELPH,Aston Villa,,-2.89,16.91,B,41,False,False,0.0
Fulham,Aston Villa,0,792.0,Pass,Fabian DELPH,Aston Villa,,-5.84,17.98,B,41,False,False,0.0
Fulham,Aston Villa,0,793.5,Touch,Stephen WARNOCK,Aston Villa,,-17.85,29.28,B,41,False,False,0.0
Fulham,Aston Villa,0,795.0,Cross,Stephen WARNOCK,Aston Villa,,-21.72,29.5,B,41,False,True,0.0
Fulham,Aston Villa,0,799.9,Ball Out Of Play,,,,-48.0,-34.0,U,-1,False,False,0.0
Fulham,Aston Villa,0,817.7,Throw In,John ARNE RIISE,Fulham,,-44.82,-33.5,A,42,False,False,0.0
Fulham,Aston Villa,0,819.9,Header,Andrew JOHNSON,Fulham,,-18.2,-29.13,A,42,False,False,0.0
Fulham,Aston Villa,0,821.0,Foul,Dickson ETUHU,Fulham,Emile HESKEY,-25.38,-23.9,U,-1,False,False,0.0
Fulham,Aston Villa,0,841.7,Direct Free Kick Pass,Mark SCHWARZER,Fulham,,-22.93,-26.53,A,43,False,False,0.0
Fulham,Aston Villa,0,842.9,Pass,John ARNE RIISE,Fulham,,-16.28,-25.05,A,43,False,False,0.0
Fulham,Aston Villa,0,844.6,Touch,Mark SCHWARZER,Fulham,,-26.38,-24.6,A,43,False,False,0.0
Fulham,Aston Villa,0,847.4,Pass,Mark SCHWARZER,Fulham,,-25.4,-22.11,A,43,False,False,0.0
Fulham,Aston Villa,0,850.8,Header,James COLLINS,Aston Villa,,27.42,3.44,A,43,False,False,0.0
Fulham,Aston Villa,0,851.8,Touch,Damien DUFF,Fulham,,21.97,14.42,A,43,False,False,0.0
Fulham,Aston Villa,0,852.3,Touch,Damien DUFF,Fulham,,22.17,14.84,A,43,False,False,0.0
Fulham,Aston Villa,0,853.1,Shot,Damien DUFF,Fulham,,23.16,15.59,A,43,False,True,0.0032565338445898
Fulham,Aston Villa,0,854.3,Ball Out Of Play,,,,52.0,5.0,U,-1,False,False,0.0
Fulham,Aston Villa,0,883.8,Goal Kick,Shay GIVEN,Aston Villa,,45.99,8.46,B,44,False,False,0.0
Fulham,Aston Villa,0,887.1,Header,Emile HESKEY,Aston Villa,,-8.65,22.67,B,44,False,True,0.0
Fulham,Aston Villa,0,888.2,Header,Philippe SENDEROS,Fulham,,-21.47,19.05,A,45,True,False,0.0
Fulham,Aston Villa,0,889.4,Pass,Damien DUFF,Fulham,,-10.19,26.75,A,45,False,False,0.0
Fulham,Aston Villa,0,890.6,Touch,Andrew JOHNSON,Fulham,,0.59,17.75,A,45,False,False,0.0
Fulham,Aston Villa,0,891.6,Clearance,James COLLINS,Aston Villa,,5.28,12.2,A,45,False,False,0.0
Fulham,Aston Villa,0,893.7,Ball Out Of Play,,,,-21.0,35.0,U,-1,False,False,0.0
Fulham,Aston Villa,0,906.9,Throw In,Aaron HUGHES,Fulham,,-10.02,33.37,A,46,False,False,0.0
Fulham,Aston Villa,0,908.2,Touch,Bobby ZAMORA,Fulham,,-0.04,30.42,A,46,False,False,0.0
Fulham,Aston Villa,0,909.6,Pass,Bobby ZAMORA,Fulham,,-2.12,31.33,A,46,False,True,0.0
Fulham,Aston Villa,0,912.9,Touch,Darren BENT,Aston Villa,,-11.59,3.37,B,47,True,False,0.0
Fulham,Aston Villa,0,913.6,Touch,Darren BENT,Aston Villa,,-11.21,0.15,B,47,False,False,0.0
Fulham,Aston Villa,0,914.6,Pass,Darren BENT,Aston Villa,,-9.63,-4.1,B,47,False,False,0.0
Fulham,Aston Villa,0,916.6,Touch,Luke YOUNG,Aston Villa,,-4.94,-21.65,B,47,False,False,0.0
Fulham,Aston Villa,0,917.7,Pass,Luke YOUNG,Aston Villa,,-4.95,-22.97,B,47,False,False,0.0
Fulham,Aston Villa,0,918.8,Touch,Stiliyan PETROV,Aston Villa,,-3.36,-14.11,B,47,False,False,0.0
Fulham,Aston Villa,0,919.6,Touch,Stiliyan PETROV,Aston Villa,,-4.24,-14.66,B,47,False,False,0.0
Fulham,Aston Villa,0,920.9,Touch,Stiliyan PETROV,Aston Villa,,-6.57,-13.44,B,47,False,False,0.0
Fulham,Aston Villa,0,921.5,Touch,Stiliyan PETROV,Aston Villa,,-7.88,-12.47,B,47,False,False,0.0
Fulham,Aston Villa,0,921.8,Touch,Stiliyan PETROV,Aston Villa,,-8.84,-11.94,B,47,False,False,0.0
Fulham,Aston Villa,0,922.7,Pass,Stiliyan PETROV,Aston Villa,,-9.72,-11.76,B,47,False,False,0.0
Fulham,Aston Villa,0,923.8,Pass,Emile HESKEY,Aston Villa,,-22.27,-9.38,B,47,False,False,0.0
Fulham,Aston Villa,0,924.5,Touch,Darren BENT,Aston Villa,,-22.19,-4.79,B,47,False,True,0.0
Fulham,Aston Villa,0,925.9,Tackle,Darren BENT,Aston Villa,Brede HANGELAND,-25.99,-8.31,A,48,True,False,0.0
Fulham,Aston Villa,0,927.3,Touch,Mark SCHWARZER,Fulham,,-46.13,-1.91,A,48,False,False,0.0
Fulham,Aston Villa,0,929.6,Touch,Mark SCHWARZER,Fulham,,-47.64,4.91,A,48,False,False,0.0
Fulham,Aston Villa,0,932.3,Pass,Mark SCHWARZER,Fulham,,-41.01,10.22,A,48,False,False,0.0
Fulham,Aston Villa,0,933.3,Touch,Philippe SENDEROS,Fulham,,-32.76,15.28,A,48,False,False,0.0
Fulham,Aston Villa,0,933.7,Touch,Philippe SENDEROS,Fulham,,-32.99,16.43,A,48,False,False,0.0
Fulham,Aston Villa,0,934.9,Pass,Philippe SENDEROS,Fulham,,-30.45,19.68,A,48,False,False,0.0
Fulham,Aston Villa,0,935.9,Touch,Danny MURPHY,Fulham,,-13.52,12.93,A,48,False,False,0.0
Fulham,Aston Villa,0,936.6,Touch,Danny MURPHY,Fulham,,-13.71,13.46,A,48,False,False,0.0
Fulham,Aston Villa,0,937.4,Touch,Danny MURPHY,Fulham,,-13.8,15.25,A,48,False,False,0.0
Fulham,Aston Villa,0,938.2,Touch,Danny MURPHY,Fulham,,-14.62,16.58,A,48,False,False,0.0
Fulham,Aston Villa,0,938.5,Foul,Danny MURPHY,Fulham,Emile HESKEY,-15.37,16.82,U,-1,False,False,0.0
Fulham,Aston Villa,0,942.7,Direct Free Kick Pass,Danny MURPHY,Fulham,,-17.97,17.21,A,49,False,False,0.0
Fulham,Aston Villa,0,945.2,Touch,Brede HANGELAND,Fulham,,-20.25,-7.84,A,49,False,False,0.0
Fulham,Aston Villa,0,946.4,Touch,Brede HANGELAND,Fulham,,-15.38,-11.62,A,49,False,False,0.0
Fulham,Aston Villa,0,948.3,Touch,Brede HANGELAND,Fulham,,-6.07,-14.96,A,49,False,False,0.0
Fulham,Aston Villa,0,949.5,Pass,Brede HANGELAND,Fulham,,-2.89,-15.17,A,49,False,False,0.0
Fulham,Aston Villa,0,951.1,Touch,John ARNE RIISE,Fulham,,13.04,-31.58,A,49,False,False,0.0
Fulham,Aston Villa,0,951.9,Pass,John ARNE RIISE,Fulham,,12.61,-31.41,A,49,False,False,0.0
Fulham,Aston Villa,0,952.9,Touch,Clint DEMPSEY,Fulham,,23.01,-19.31,A,49,False,False,0.0
Fulham,Aston Villa,0,953.6,Touch,Clint DEMPSEY,Fulham,,23.36,-20.1,A,49,False,False,0.0
Fulham,Aston Villa,0,954.4,Pass,Clint DEMPSEY,Fulham,,22.13,-20.42,A,49,False,False,0.0
Fulham,Aston Villa,0,956.0,Touch,Dickson ETUHU,Fulham,,7.67,-13.98,A,49,False,False,0.0
Fulham,Aston Villa,0,957.0,Touch,Dickson ETUHU,Fulham,,9.4,-14.38,A,49,False,False,0.0
Fulham,Aston Villa,0,958.6,Pass,Dickson ETUHU,Fulham,,8.16,-7.82,A,49,False,False,0.0
Fulham,Aston Villa,0,960.3,Touch,Aaron HUGHES,Fulham,,3.46,20.55,A,49,False,False,0.0
Fulham,Aston Villa,0,961.5,Pass,Aaron HUGHES,Fulham,,2.52,21.35,A,49,False,False,0.0
Fulham,Aston Villa,0,962.4,Pass,Danny MURPHY,Fulham,,5.54,14.82,A,49,False,True,0.0
Fulham,Aston Villa,0,962.9,Block,Fabian DELPH,Aston Villa,,16.32,17.83,B,50,True,False,0.0
Fulham,Aston Villa,0,963.5,Touch,Fabian DELPH,Aston Villa,,16.5,18.5,B,50,False,False,0.0
Fulham,Aston Villa,0,964.2,Touch,Fabian DELPH,Aston Villa,,15.53,19.07,B,50,False,False,0.0
Fulham,Aston Villa,0,965.9,Touch,Fabian DELPH,Aston Villa,,7.38,19.28,B,50,False,False,0.0
Fulham,Aston Villa,0,966.4,Foul,Fabian DELPH,Aston Villa,Danny MURPHY,6.46,18.75,U,-1,False,False,0.0
Fulham,Aston Villa,0,977.1,Direct Free Kick Pass,Stephen WARNOCK,Aston Villa,,1.32,19.37,B,51,False,False,0.0
Fulham,Aston Villa,0,978.2,Touch,Fabian DELPH,Aston Villa,,1.68,16.04,B,51,False,False,0.0
Fulham,Aston Villa,0,979.4,Pass,Fabian DELPH,Aston Villa,,-1.44,14.09,B,51,False,False,0.0
Fulham,Aston Villa,0,981.8,Touch,Luke YOUNG,Aston Villa,,3.65,-22.92,B,51,False,False,0.0
Fulham,Aston Villa,0,985.1,Pass,Luke YOUNG,Aston Villa,,18.89,-29.58,B,51,False,False,0.0
Fulham,Aston Villa,0,987.2,Touch,Shay GIVEN,Aston Villa,,38.35,-14.4,B,51,False,False,0.0
Fulham,Aston Villa,0,992.1,Touch,Shay GIVEN,Aston Villa,,36.78,-15.05,B,51,False,False,0.0
Fulham,Aston Villa,0,996.9,Pass,Shay GIVEN,Aston Villa,,31.91,-14.38,B,51,False,False,0.0
Fulham,Aston Villa,0,1000.4,Header,Emile HESKEY,Aston Villa,,-14.66,6.46,B,51,False,False,0.0
Fulham,Aston Villa,0,1002.0,Header,Gabriel AGBONLAHOR,Aston Villa,,-24.68,12.46,B,51,False,False,0.0
Fulham,Aston Villa,0,1003.3,Clearance,Brede HANGELAND,Fulham,,-29.22,9.19,B,51,False,False,0.0
Fulham,Aston Villa,0,1006.6,Header,James COLLINS,Aston Villa,,10.46,-2.12,B,51,False,False,0.0
Fulham,Aston Villa,0,1009.0,Touch,Luke YOUNG,Aston Villa,,7.46,-17.2,B,51,False,False,0.0
Fulham,Aston Villa,0,1010.7,Touch,Luke YOUNG,Aston Villa,,-0.42,-25.16,B,51,False,True,0.0
Fulham,Aston Villa,0,1013.4,Ball Out Of Play,,,,-12.0,-34.0,U,-1,False,False,0.0
Fulham,Aston Villa,0,1029.7,Throw In,John ARNE RIISE,Fulham,,-10.55,-33.5,A,52,False,False,0.0
Fulham,Aston Villa,0,1030.3,Touch,Brede HANGELAND,Fulham,,-14.78,-31.07,A,52,False,False,0.0
Fulham,Aston Villa,0,1031.7,Pass,Brede HANGELAND,Fulham,,-14.34,-31.08,A,52,False,False,0.0
Fulham,Aston Villa,0,1032.8,Touch,Clint DEMPSEY,Fulham,,1.23,-18.76,A,52,False,False,0.0
Fulham,Aston Villa,0,1033.6,Touch,Clint DEMPSEY,Fulham,,0.72,-17.01,A,52,False,False,0.0
Fulham,Aston Villa,0,1034.2,Pass,Clint DEMPSEY,Fulham,,0.48,-14.96,A,52,False,False,0.0
Fulham,Aston Villa,0,1035.4,Touch,Danny MURPHY,Fulham,,-4.23,-2.21,A,52,False,False,0.0
Fulham,Aston Villa,0,1036.0,Touch,Danny MURPHY,Fulham,,-4.08,-0.94,A,52,False,False,0.0
Fulham,Aston Villa,0,1036.6,Pass,Danny MURPHY,Fulham,,-4.73,0.15,A,52,False,False,0.0
Fulham,Aston Villa,0,1038.1,Pass,Aaron HUGHES,Fulham,,-3.26,23.81,A,52,False,False,0.0
Fulham,Aston Villa,0,1040.1,Touch,Philippe SENDEROS,Fulham,,-13.52,14.16,A,52,False,False,0.0
Fulham,Aston Villa,0,1040.7,Pass,Philippe SENDEROS,Fulham,,-13.93,14.41,A,52,False,False,0.0
Fulham,Aston Villa,0,1042.4,Touch,Dickson ETUHU,Fulham,,-5.55,-2.7,A,52,False,False,0.0
Fulham,Aston Villa,0,1043.2,Pass,Dickson ETUHU,Fulham,,-4.81,-3.53,A,52,False,False,0.0
Fulham,Aston Villa,0,1044.4,Touch,Clint DEMPSEY,Fulham,,7.49,-10.45,A,52,False,False,0.0
Fulham,Aston Villa,0,1046.5,Pass,Clint DEMPSEY,Fulham,,6.17,-11.26,A,52,False,False,0.0
Fulham,Aston Villa,0,1048.7,Pass,Dickson ETUHU,Fulham,,5.38,-3.02,A,52,False,False,0.0
Fulham,Aston Villa,0,1050.4,Touch,Danny MURPHY,Fulham,,2.82,10.9,A,52,False,False,0.0
Fulham,Aston Villa,0,1051.5,Touch,Danny MURPHY,Fulham,,2.28,10.99,A,52,False,False,0.0
Fulham,Aston Villa,0,1053.3,Pass,Danny MURPHY,Fulham,,3.11,14.7,A,52,False,True,0.0
Fulham,Aston Villa,0,1056.0,Touch,Shay GIVEN,Aston Villa,,45.11,-6.71,B,53,True,False,0.0
Fulham,Aston Villa,0,1057.2,Goalkeeper Pick Up,Shay GIVEN,Aston Villa,,46.1,-12.56,B,53,False,False,0.0
Fulham,Aston Villa,0,1059.1,Goalkeeper Throw,Shay GIVEN,Aston Villa,,40.3,-14.4,B,53,False,False,0.0
Fulham,Aston Villa,0,1060.3,Touch,Luke YOUNG,Aston Villa,,28.57,-21.6,B,53,False,False,0.0
Fulham,Aston Villa,0,1061.5,Touch,Luke YOUNG,Aston Villa,,28.6,-22.89,B,53,False,False,0.0
Fulham,Aston Villa,0,1062.4,Touch,Luke YOUNG,Aston Villa,,27.6,-23.23,B,53,False,False,0.0
Fulham,Aston Villa,0,1063.8,Touch,Luke YOUNG,Aston Villa,,25.08,-23.41,B,53,False,False,0.0
Fulham,Aston Villa,0,1064.5,Touch,Luke YOUNG,Aston Villa,,24.31,-23.72,B,53,False,False,0.0
Fulham,Aston Villa,0,1066.2,Pass,Luke YOUNG,Aston Villa,,23.26,-24.37,B,53,False,False,0.0
Fulham,Aston Villa,0,1067.6,Touch,James COLLINS,Aston Villa,,29.0,-10.65,B,53,False,False,0.0
Fulham,Aston Villa,0,1068.5,Touch,James COLLINS,Aston Villa,,29.19,-10.97,B,53,False,False,0.0
Fulham,Aston Villa,0,1069.5,Touch,James COLLINS,Aston Villa,,28.82,-10.94,B,53,False,False,0.0
Fulham,Aston Villa,0,1070.3,Pass,James COLLINS,Aston Villa,,28.18,-11.07,B,53,False,False,0.0
Fulham,Aston Villa,0,1072.0,Touch,Richard DUNNE,Aston Villa,,31.77,13.39,B,53,False,False,0.0
Fulham,Aston Villa,0,1073.3,Pass,Richard DUNNE,Aston Villa,,31.21,18.42,B,53,False,False,0.0
Fulham,Aston Villa,0,1074.2,Touch,Stephen WARNOCK,Aston Villa,,25.72,25.25,B,53,False,False,0.0
Fulham,Aston Villa,0,1074.6,Touch,Stephen WARNOCK,Aston Villa,,26.26,25.09,B,53,False,False,0.0
Fulham,Aston Villa,0,1076.0,Pass,Stephen WARNOCK,Aston Villa,,25.13,26.24,B,53,False,True,0.0
Fulham,Aston Villa,0,1080.5,Goalkeeper Catch,Mark SCHWARZER,Fulham,,-36.47,1.15,A,54,True,False,0.0
Fulham,Aston Villa,0,1081.1,Goalkeeper Throw,Mark SCHWARZER,Fulham,,-36.06,1.08,A,54,False,False,0.0
Fulham,Aston Villa,0,1084.0,Touch,Brede HANGELAND,Fulham,,-20.82,-12.05,A,54,False,False,0.0
Fulham,Aston Villa,0,1085.3,Touch,Brede HANGELAND,Fulham,,-14.53,-13.85,A,54,False,False,0.0
Fulham,Aston Villa,0,1087.5,Pass,Brede HANGELAND,Fulham,,-4.26,-13.79,A,54,False,True,0.0
Fulham,Aston Villa,0,1089.6,Ball Out Of Play,,,,25.0,-34.0,U,-1,False,False,0.0
Fulham,Aston Villa,0,1110.0,Throw In,Luke YOUNG,Aston Villa,,25.63,-33.5,B,55,False,False,0.0
Fulham,Aston Villa,0,1112.5,Header,John ARNE RIISE,Fulham,,3.33,-29.29,B,55,False,False,0.0
Fulham,Aston Villa,0,1113.2,Ball Out Of Play,,,,-4.0,-35.0,U,-1,False,False,0.0
Fulham,Aston Villa,0,1126.4,Throw In,Luke YOUNG,Aston Villa,,-11.35,-33.48,B,56,False,False,0.0
Fulham,Aston Villa,0,1127.2,Touch,Stiliyan PETROV,Aston Villa,,-2.84,-25.52,B,56,False,False,0.0
Fulham,Aston Villa,0,1127.9,Pass,Stiliyan PETROV,Aston Villa,,-2.54,-26.15,B,56,False,False,0.0
Fulham,Aston Villa,0,1128.6,Touch,Luke YOUNG,Aston Villa,,-5.58,-31.64,B,56,False,False,0.0
Fulham,Aston Villa,0,1129.2,Touch,Luke YOUNG,Aston Villa,,-6.68,-31.43,B,56,False,False,0.0
Fulham,Aston Villa,0,1129.8,Pass,Luke YOUNG,Aston Villa,,-8.74,-31.46,B,56,False,False,0.0
Fulham,Aston Villa,0,1130.4,Touch,Darren BENT,Aston Villa,,-16.27,-26.56,B,56,False,False,0.0
Fulham,Aston Villa,0,1131.3,Pass,Darren BENT,Aston Villa,,-14.38,-26.23,B,56,False,False,0.0
Fulham,Aston Villa,0,1131.6,Touch,Charles N'ZOGBIA,Aston Villa,,-11.29,-21.68,B,56,False,False,0.0
Fulham,Aston Villa,0,1132.5,Touch,Charles N'ZOGBIA,Aston Villa,,-13.08,-22.92,B,56,False,False,0.0
Fulham,Aston Villa,0,1133.0,Touch,Charles N'ZOGBIA,Aston Villa,,-14.72,-23.27,B,56,False,False,0.0
Fulham,Aston Villa,0,1133.6,Touch,Charles N'ZOGBIA,Aston Villa,,-16.5,-22.41,B,56,False,False,0.0
Fulham,Aston Villa,0,1134.2,Touch,Charles N'ZOGBIA,Aston Villa,,-17.01,-21.77,B,56,False,False,0.0
Fulham,Aston Villa,0,1135.0,Pass,Charles N'ZOGBIA,Aston Villa,,-15.56,-22.13,B,56,False,False,0.0
Fulham,Aston Villa,0,1136.7,Touch,Stiliyan PETROV,Aston Villa,,2.23,-26.89,B,56,False,False,0.0
Fulham,Aston Villa,0,1137.4,Pass,Stiliyan PETROV,Aston Villa,,3.75,-26.84,B,56,False,False,0.0
Fulham,Aston Villa,0,1138.9,Touch,James COLLINS,Aston Villa,,16.03,-17.47,B,56,False,False,0.0
Fulham,Aston Villa,0,1140.5,Pass,James COLLINS,Aston Villa,,19.58,-13.39,B,56,False,False,0.0
Fulham,Aston Villa,0,1142.9,Touch,Richard DUNNE,Aston Villa,,18.83,16.2,B,56,False,False,0.0
Fulham,Aston Villa,0,1145.2,Pass,Richard DUNNE,Aston Villa,,9.61,21.99,B,56,False,False,0.0
Fulham,Aston Villa,0,1149.0,Shot,Emile HESKEY,Aston Villa,,-39.81,13.33,B,56,False,True,0.0474368190296575
Fulham,Aston Villa,0,1150.0,Goalkeeper Save Catch,Mark SCHWARZER,Fulham,,-45.27,7.63,A,57,True,False,0.0
Fulham,Aston Villa,0,1160.4,Touch,Mark SCHWARZER,Fulham,,-36.6,8.77,A,57,False,False,0.0
Fulham,Aston Villa,0,1164.3,Pass,Mark SCHWARZER,Fulham,,-35.14,12.2,A,57,False,False,0.0
Fulham,Aston Villa,0,1167.7,Header,Richard DUNNE,Aston Villa,,22.84,18.03,A,57,False,False,0.0
Fulham,Aston Villa,0,1168.7,Header,Danny MURPHY,Fulham,,13.31,17.23,A,57,False,False,0.0
Fulham,Aston Villa,0,1170.2,Touch,Damien DUFF,Fulham,,18.86,27.02,A,57,False,False,0.0
Fulham,Aston Villa,0,1171.4,Touch,Damien DUFF,Fulham,,23.61,29.16,A,57,False,False,0.0
Fulham,Aston Villa,0,1171.6,Touch,Damien DUFF,Fulham,,24.39,29.38,A,57,False,False,0.0
Fulham,Aston Villa,0,1172.4,Touch,Damien DUFF,Fulham,,27.67,29.96,A,57,False,False,0.0
Fulham,Aston Villa,0,1174.4,Touch,Damien DUFF,Fulham,,33.41,28.62,A,57,False,False,0.0
Fulham,Aston Villa,0,1176.7,Touch,Damien DUFF,Fulham,,33.09,27.88,A,57,False,False,0.0
Fulham,Aston Villa,0,1177.7,Touch,Damien DUFF,Fulham,,30.9,27.12,A,57,False,False,0.0
Fulham,Aston Villa,0,1178.3,Pass,Damien DUFF,Fulham,,28.56,26.27,A,57,False,False,0.0
Fulham,Aston Villa,0,1179.4,Touch,Aaron HUGHES,Fulham,,17.5,32.07,A,57,False,False,0.0
Fulham,Aston Villa,0,1180.8,Touch,Aaron HUGHES,Fulham,,16.48,30.54,A,57,False,False,0.0
Fulham,Aston Villa,0,1182.0,Pass,Aaron HUGHES,Fulham,,13.84,27.69,A,57,False,False,0.0
Fulham,Aston Villa,0,1184.1,Header,Bobby ZAMORA,Fulham,,29.15,3.76,A,57,False,False,0.0
Fulham,Aston Villa,0,1185.3,Clearance,Richard DUNNE,Aston Villa,,34.9,10.71,A,57,False,False,0.0
Fulham,Aston Villa,0,1188.1,Touch,Dickson ETUHU,Fulham,,11.55,5.58,A,57,False,False,0.0
Fulham,Aston Villa,0,1190.0,Touch,Dickson ETUHU,Fulham,,8.38,8.68,A,57,False,False,0.0
Fulham,Aston Villa,0,1191.5,Pass,Dickson ETUHU,Fulham,,6.64,13.88,A,57,False,False,0.0
Fulham,Aston Villa,0,1192.4,Touch,Aaron HUGHES,Fulham,,3.95,24.25,A,57,False,False,0.0
Fulham,Aston Villa,0,1193.2,Touch,Aaron HUGHES,Fulham,,2.77,23.94,A,57,False,False,0.0
Fulham,Aston Villa,0,1193.8,Pass,Aaron HUGHES,Fulham,,1.95,22.8,A,57,False,False,0.0
Fulham,Aston Villa,0,1195.8,Touch,Philippe SENDEROS,Fulham,,-10.13,21.44,A,57,False,False,0.0
Fulham,Aston Villa,0,1196.6,Touch,Philippe SENDEROS,Fulham,,-9.21,21.78,A,57,False,False,0.0
Fulham,Aston Villa,0,1198.0,Pass,Philippe SENDEROS,Fulham,,-1.49,20.5,A,57,False,False,0.0
Fulham,Aston Villa,0,1199.0,Touch,Clint DEMPSEY,Fulham,,13.68,7.89,A,57,False,False,0.0
Fulham,Aston Villa,0,1200.0,Touch,Clint DEMPSEY,Fulham,,16.12,7.46,A,57,False,False,0.0
Fulham,Aston Villa,0,1200.7,Touch,Clint DEMPSEY,Fulham,,17.76,8.94,A,57,False,False,0.0
Fulham,Aston Villa,0,1201.6,Pass,Clint DEMPSEY,Fulham,,17.25,9.76,A,57,False,False,0.0
Fulham,Aston Villa,0,1203.1,Touch,Bobby ZAMORA,Fulham,,24.9,-4.82,A,57,False,False,0.0
Fulham,Aston Villa,0,1203.6,Touch,Bobby ZAMORA,Fulham,,25.75,-4.51,A,57,False,False,0.0
Fulham,Aston Villa,0,1204.2,Touch,Bobby ZAMORA,Fulham,,26.67,-4.63,A,57,False,True,0.0
Fulham,Aston Villa,0,1205.1,Tackle,Bobby ZAMORA,Fulham,Luke YOUNG,29.15,-7.42,B,58,True,False,0.0
Fulham,Aston Villa,0,1206.9,Touch,Charles N'ZOGBIA,Aston Villa,,27.19,-13.42,B,58,False,False,0.0
Fulham,Aston Villa,0,1207.9,Touch,Charles N'ZOGBIA,Aston Villa,,22.85,-14.52,B,58,False,False,0.0
Fulham,Aston Villa,0,1208.9,Touch,Charles N'ZOGBIA,Aston Villa,,19.1,-12.14,B,58,False,False,0.0
Fulham,Aston Villa,0,1210.0,Tackle,Charles N'ZOGBIA,Aston Villa,Danny MURPHY,13.9,-8.71,B,58,False,False,0.0
Fulham,Aston Villa,0,1211.3,Touch,Fabian DELPH,Aston Villa,,17.65,2.95,B,58,False,False,0.0
Fulham,Aston Villa,0,1212.9,Pass,Fabian DELPH,Aston Villa,,14.64,2.01,B,58,False,False,0.0
Fulham,Aston Villa,0,1213.5,Foul,Fabian DELPH,Aston Villa,Danny MURPHY,13.32,2.74,U,-1,False,False,0.0
Fulham,Aston Villa,0,1220.4,Yellow Card,Danny MURPHY,Fulham,,0.34,5.76,U,-1,False,False,0.0
Fulham,Aston Villa,0,1269.0,Direct Free Kick Pass,Richard DUNNE,Aston Villa,,5.44,11.63,B,59,False,False,0.0
Fulham,Aston Villa,0,1271.6,Header,Aaron HUGHES,Fulham,,-37.02,28.01,B,59,False,False,0.0
Fulham,Aston Villa,0,1272.0,Ball Out Of Play,,,,-41.0,35.0,U,-1,False,False,0.0
Fulham,Aston Villa,0,1279.3,Throw In,Stephen WARNOCK,Aston Villa,,-29.81,33.32,B,60,False,False,0.0
Fulham,Aston Villa,0,1280.3,Tackle,Fabian DELPH,Aston Villa,Andrew JOHNSON,-32.59,24.01,B,60,False,False,0.0
Fulham,Aston Villa,0,1281.7,Clearance,Aaron HUGHES,Fulham,,-37.82,20.65,B,60,False,False,0.0
Fulham,Aston Villa,0,1286.3,Touch,Shay GIVEN,Aston Villa,,30.87,1.17,B,60,False,False,0.0
Fulham,Aston Villa,0,1287.1,Pass,Shay GIVEN,Aston Villa,,29.7,0.04,B,60,False,False,0.0
Fulham,Aston Villa,0,1290.5,Pass,Luke YOUNG,Aston Villa,,1.29,-24.29,B,60,False,False,0.0
Fulham,Aston Villa,0,1291.7,Touch,Charles N'ZOGBIA,Aston Villa,,-15.31,-25.8,B,60,False,False,0.0
Fulham,Aston Villa,0,1292.9,Pass,Charles N'ZOGBIA,Aston Villa,,-13.18,-30.41,B,60,False,False,0.0
Fulham,Aston Villa,0,1294.2,Touch,Luke YOUNG,Aston Villa,,-4.76,-30.18,B,60,False,False,0.0
Fulham,Aston Villa,0,1295.1,Pass,Luke YOUNG,Aston Villa,,-6.86,-28.57,B,60,False,False,0.0
Fulham,Aston Villa,0,1296.1,Touch,Stiliyan PETROV,Aston Villa,,2.41,-23.26,B,60,False,False,0.0
Fulham,Aston Villa,0,1296.8,Touch,Stiliyan PETROV,Aston Villa,,3.04,-22.68,B,60,False,False,0.0
Fulham,Aston Villa,0,1297.4,Pass,Stiliyan PETROV,Aston Villa,,3.17,-23.4,B,60,False,False,0.0
Fulham,Aston Villa,0,1298.5,Touch,Luke YOUNG,Aston Villa,,-3.68,-29.41,B,60,False,False,0.0
Fulham,Aston Villa,0,1299.8,Touch,Luke YOUNG,Aston Villa,,-3.13,-30.41,B,60,False,False,0.0
Fulham,Aston Villa,0,1301.2,Pass,Luke YOUNG,Aston Villa,,-3.6,-30.84,B,60,False,False,0.0
Fulham,Aston Villa,0,1301.7,Touch,Stiliyan PETROV,Aston Villa,,-2.58,-23.43,B,60,False,False,0.0
Fulham,Aston Villa,0,1302.8,Pass,Stiliyan PETROV,Aston Villa,,-1.09,-21.5,B,60,False,False,0.0
Fulham,Aston Villa,0,1303.8,Pass,Fabian DELPH,Aston Villa,,5.47,-13.74,B,60,False,False,0.0
Fulham,Aston Villa,0,1305.0,Pass,James COLLINS,Aston Villa,,19.58,-13.69,B,60,False,False,0.0
Fulham,Aston Villa,0,1307.9,Pass,Richard DUNNE,Aston Villa,,17.99,16.09,B,60,False,False,0.0
Fulham,Aston Villa,0,1309.0,Pass,Stephen WARNOCK,Aston Villa,,7.85,27.05,B,60,False,False,0.0
Fulham,Aston Villa,0,1311.5,Touch,Richard DUNNE,Aston Villa,,17.77,18.83,B,60,False,False,0.0
Fulham,Aston Villa,0,1312.1,Pass,Richard DUNNE,Aston Villa,,17.73,18.25,B,60,False,False,0.0
Fulham,Aston Villa,0,1313.1,Touch,Fabian DELPH,Aston Villa,,4.6,19.97,B,60,False,False,0.0
Fulham,Aston Villa,0,1313.6,Touch,Fabian DELPH,Aston Villa,,4.85,19.94,B,60,False,False,0.0
Fulham,Aston Villa,0,1314.8,Pass,Fabian DELPH,Aston Villa,,1.54,18.34,B,60,False,True,0.0
Fulham,Aston Villa,0,1314.9,Offside,Darren BENT,Aston Villa,,-21.75,-5.9,U,-1,False,False,0.0
Fulham,Aston Villa,0,1326.1,Indirect Free Kick Pass,Mark SCHWARZER,Fulham,,-26.67,-3.31,A,61,False,False,0.0
Fulham,Aston Villa,0,1327.7,Touch,Philippe SENDEROS,Fulham,,-23.8,14.44,A,61,False,False,0.0
Fulham,Aston Villa,0,1328.3,Touch,Philippe SENDEROS,Fulham,,-21.89,14.77,A,61,False,False,0.0
Fulham,Aston Villa,0,1328.8,Pass,Philippe SENDEROS,Fulham,,-21.56,13.62,A,61,False,False,0.0
Fulham,Aston Villa,0,1331.2,Touch,Brede HANGELAND,Fulham,,-23.95,-11.61,A,61,False,False,0.0
Fulham,Aston Villa,0,1333.6,Touch,Brede HANGELAND,Fulham,,-20.14,-12.71,A,61,False,False,0.0
Fulham,Aston Villa,0,1335.2,Pass,Brede HANGELAND,Fulham,,-13.42,-13.79,A,61,False,False,0.0
Fulham,Aston Villa,0,1336.2,Pass,Bobby ZAMORA,Fulham,,13.44,-18.04,A,61,False,False,0.0
Fulham,Aston Villa,0,1337.7,Touch,John ARNE RIISE,Fulham,,11.52,-31.72,A,61,False,False,0.0
Fulham,Aston Villa,0,1339.0,Pass,John ARNE RIISE,Fulham,,9.72,-31.71,A,61,False,False,0.0
Fulham,Aston Villa,0,1339.9,Touch,Clint DEMPSEY,Fulham,,6.41,-13.74,A,61,False,False,0.0
Fulham,Aston Villa,0,1340.6,Touch,Clint DEMPSEY,Fulham,,6.93,-12.49,A,61,False,False,0.0
Fulham,Aston Villa,0,1342.0,Touch,Clint DEMPSEY,Fulham,,8.57,-7.26,A,61,False,False,0.0
Fulham,Aston Villa,0,1342.5,Touch,Clint DEMPSEY,Fulham,,9.16,-4.72,A,61,False,False,0.0
Fulham,Aston Villa,0,1343.8,Pass,Clint DEMPSEY,Fulham,,13.81,-4.62,A,61,False,True,0.0
Fulham,Aston Villa,0,1344.8,Tackle,Andrew JOHNSON,Fulham,James COLLINS,25.77,-4.58,B,62,True,False,0.0
Fulham,Aston Villa,0,1345.9,Touch,Fabian DELPH,Aston Villa,,20.85,0.48,B,62,False,False,0.0
Fulham,Aston Villa,0,1347.3,Pass,Fabian DELPH,Aston Villa,,22.72,3.78,B,62,False,False,0.0
Fulham,Aston Villa,0,1348.1,Touch,Stephen WARNOCK,Aston Villa,,29.98,10.21,B,62,False,False,0.0
Fulham,Aston Villa,0,1349.1,Touch,Stephen WARNOCK,Aston Villa,,29.85,10.72,B,62,False,False,0.0
Fulham,Aston Villa,0,1350.3,Pass,Stephen WARNOCK,Aston Villa,,28.55,12.07,B,62,False,False,0.0
Fulham,Aston Villa,0,1353.2,Touch,Gabriel AGBONLAHOR,Aston Villa,,-12.68,28.21,B,62,False,False,0.0
Fulham,Aston Villa,0,1355.0,Pass,Gabriel AGBONLAHOR,Aston Villa,,-12.18,30.0,B,62,False,False,0.0
Fulham,Aston Villa,0,1355.2,Block,Aaron HUGHES,Fulham,,-13.74,27.3,B,62,False,False,0.0
Fulham,Aston Villa,0,1357.4,Touch,Emile HESKEY,Aston Villa,,-19.65,8.09,B,62,False,False,0.0
Fulham,Aston Villa,0,1358.3,Pass,Emile HESKEY,Aston Villa,,-23.24,8.47,B,62,False,True,0.0
Fulham,Aston Villa,0,1358.4,Offside,Darren BENT,Aston Villa,,-29.35,9.89,U,-1,False,False,0.0
Fulham,Aston Villa,0,1386.1,Indirect Free Kick Pass,Mark SCHWARZER,Fulham,,-29.36,3.65,A,63,False,True,0.0
Fulham,Aston Villa,0,1392.3,Ball Out Of Play,,,,52.0,28.0,U,-1,False,False,0.0
Fulham,Aston Villa,0,1417.8,Goal Kick,Shay GIVEN,Aston Villa,,46.05,7.86,B,64,False,False,0.0
Fulham,Aston Villa,0,1421.0,Header,Emile HESKEY,Aston Villa,,-6.43,32.01,B,64,False,False,0.0
Fulham,Aston Villa,0,1422.0,Header,Dickson ETUHU,Fulham,,-15.89,26.43,B,64,False,False,0.0
Fulham,Aston Villa,0,1423.2,Ball Out Of Play,,,,-15.0,35.0,U,-1,False,False,0.0
Fulham,Aston Villa,0,1434.5,Throw In,Stephen WARNOCK,Aston Villa,,-14.11,33.5,B,65,False,True,0.0
Fulham,Aston Villa,0,1436.5,Foul,Philippe SENDEROS,Fulham,Darren BENT,-35.46,20.12,U,-1,False,False,0.0
Fulham,Aston Villa,0,1453.4,Direct Free Kick Pass,Mark SCHWARZER,Fulham,,-34.89,15.76,A,66,False,False,0.0
Fulham,Aston Villa,0,1454.6,Touch,Philippe SENDEROS,Fulham,,-23.46,22.66,A,66,False,False,0.0
Fulham,Aston Villa,0,1455.5,Pass,Philippe SENDEROS,Fulham,,-24.45,23.04,A,66,False,False,0.0
Fulham,Aston Villa,0,1457.1,Clearance,Mark SCHWARZER,Fulham,,-34.71,14.89,A,66,False,False,0.0
Fulham,Aston Villa,0,1459.5,Header,Luke YOUNG,Aston Villa,,12.63,-3.28,A,66,False,False,0.0
Fulham,Aston Villa,0,1461.6,Touch,Philippe SENDEROS,Fulham,,-8.24,14.85,A,66,False,False,0.0
Fulham,Aston Villa,0,1463.1,Pass,Philippe SENDEROS,Fulham,,-1.69,14.97,A,66,False,False,0.0
Fulham,Aston Villa,0,1463.8,Touch,Danny MURPHY,Fulham,,-1.53,8.99,A,66,False,False,0.0
Fulham,Aston Villa,0,1465.1,Touch,Danny MURPHY,Fulham,,2.12,14.23,A,66,False,False,0.0
Fulham,Aston Villa,0,1465.4,Pass,Danny MURPHY,Fulham,,2.71,15.14,A,66,False,False,0.0
Fulham,Aston Villa,0,1466.5,Touch,Aaron HUGHES,Fulham,,0.67,25.93,A,66,False,False,0.0
Fulham,Aston Villa,0,1467.7,Touch,Aaron HUGHES,Fulham,,0.37,25.87,A,66,False,False,0.0
Fulham,Aston Villa,0,1469.1,Pass,Aaron HUGHES,Fulham,,-1.19,22.33,A,66,False,True,0.0
Fulham,Aston Villa,0,1470.7,Pass,James COLLINS,Aston Villa,,19.63,7.0,B,67,True,False,0.0
Fulham,Aston Villa,0,1471.4,Touch,Stiliyan PETROV,Aston Villa,,12.56,11.76,B,67,False,False,0.0
Fulham,Aston Villa,0,1471.9,Touch,Stiliyan PETROV,Aston Villa,,12.25,12.47,B,67,False,False,0.0
Fulham,Aston Villa,0,1472.8,Touch,Stiliyan PETROV,Aston Villa,,11.62,13.78,B,67,False,False,0.0
Fulham,Aston Villa,0,1473.7,Pass,Stiliyan PETROV,Aston Villa,,9.29,14.23,B,67,False,True,0.0
Fulham,Aston Villa,0,1475.1,Pass,Philippe SENDEROS,Fulham,,-9.5,10.5,A,68,True,False,0.0
Fulham,Aston Villa,0,1475.9,Touch,Dickson ETUHU,Fulham,,-4.78,5.41,A,68,False,False,0.0
Fulham,Aston Villa,0,1476.3,Touch,Dickson ETUHU,Fulham,,-4.83,4.8,A,68,False,False,0.0
Fulham,Aston Villa,0,1477.5,Pass,Dickson ETUHU,Fulham,,-2.04,2.59,A,68,False,False,0.0
Fulham,Aston Villa,0,1478.2,Pass,Clint DEMPSEY,Fulham,,5.8,-2.59,A,68,False,False,0.0
Fulham,Aston Villa,0,1479.0,Touch,Dickson ETUHU,Fulham,,0.23,-0.18,A,68,False,False,0.0
Fulham,Aston Villa,0,1479.7,Pass,Dickson ETUHU,Fulham,,0.97,-2.1,A,68,False,True,0.0
Fulham,Aston Villa,0,1481.5,Ball Out Of Play,,,,8.0,-34.0,U,-1,False,False,0.0
Fulham,Aston Villa,0,1499.7,Throw In,Luke YOUNG,Aston Villa,,3.98,-33.5,B,69,False,False,0.0
Fulham,Aston Villa,0,1501.6,Header,Brede HANGELAND,Fulham,,-20.75,-29.87,B,69,False,False,0.0
Fulham,Aston Villa,0,1502.5,Ball Out Of Play,,,,-9.0,-34.0,U,-1,False,False,0.0
Fulham,Aston Villa,0,1512.0,Throw In,Luke YOUNG,Aston Villa,,-15.55,-33.5,B,70,False,False,0.0
Fulham,Aston Villa,0,1512.9,Touch,Stiliyan PETROV,Aston Villa,,-9.34,-26.21,B,70,False,False,0.0
Fulham,Aston Villa,0,1513.5,Pass,Stiliyan PETROV,Aston Villa,,-10.27,-27.33,B,70,False,False,0.0
Fulham,Aston Villa,0,1514.2,Touch,Luke YOUNG,Aston Villa,,-12.69,-31.71,B,70,False,False,0.0
Fulham,Aston Villa,0,1514.9,Touch,Luke YOUNG,Aston Villa,,-12.39,-31.21,B,70,False,False,0.0
Fulham,Aston Villa,0,1515.6,Touch,Luke YOUNG,Aston Villa,,-14.1,-28.88,B,70,False,False,0.0
Fulham,Aston Villa,0,1516.5,Dribble,Luke YOUNG,Aston Villa,,-17.58300000000035,-24.82999999999959,B,70,False,False,0.0
Fulham,Aston Villa,0,1516.6,Pass,Luke YOUNG,Aston Villa,,-17.97,-24.38,B,70,False,False,0.0
Fulham,Aston Villa,0,1517.6,Touch,Fabian DELPH,Aston Villa,,-9.6,-14.86,B,70,False,False,0.0
Fulham,Aston Villa,0,1518.6,Pass,Fabian DELPH,Aston Villa,,-10.22,-13.78,B,70,False,False,0.0
Fulham,Aston Villa,0,1520.8,Touch,Stephen WARNOCK,Aston Villa,,-2.7,11.97,B,70,False,False,0.0
Fulham,Aston Villa,0,1521.8,Pass,Stephen WARNOCK,Aston Villa,,-2.85,11.95,B,70,False,False,0.0
Fulham,Aston Villa,0,1524.1,Touch,Gabriel AGBONLAHOR,Aston Villa,,-29.35,21.37,B,70,False,False,0.0
Fulham,Aston Villa,0,1524.4,Touch,Gabriel AGBONLAHOR,Aston Villa,,-31.05,22.35,B,70,False,False,0.0
Fulham,Aston Villa,0,1525.3,Touch,Gabriel AGBONLAHOR,Aston Villa,,-35.2,25.46,B,70,False,False,0.0
Fulham,Aston Villa,0,1526.3,Pass,Gabriel AGBONLAHOR,Aston Villa,,-34.8,26.95,B,70,False,False,0.0
Fulham,Aston Villa,0,1527.9,Touch,Fabian DELPH,Aston Villa,,-16.52,22.3,B,70,False,False,0.0
Fulham,Aston Villa,0,1529.3,Touch,Fabian DELPH,Aston Villa,,-16.35,22.12,B,70,False,False,0.0
Fulham,Aston Villa,0,1530.4,Pass,Fabian DELPH,Aston Villa,,-17.28,19.83,B,70,False,False,0.0
Fulham,Aston Villa,0,1532.1,Touch,Darren BENT,Aston Villa,,-38.69,14.37,B,70,False,False,0.0
Fulham,Aston Villa,0,1532.8,Pass,Darren BENT,Aston Villa,,-39.74,16.72,B,70,False,False,0.0
Fulham,Aston Villa,0,1533.9,Cross,Stephen WARNOCK,Aston Villa,,-38.44,29.45,B,70,False,False,0.0
Fulham,Aston Villa,0,1536.3,Touch,Charles N'ZOGBIA,Aston Villa,,-42.49,-17.75,B,70,False,False,0.0
Fulham,Aston Villa,0,1539.1,Touch,Charles N'ZOGBIA,Aston Villa,,-42.65,-27.42,B,70,False,False,0.0
Fulham,Aston Villa,0,1539.9,Touch,Charles N'ZOGBIA,Aston Villa,,-42.97,-28.02,B,70,False,False,0.0
Fulham,Aston Villa,0,1540.5,Dribble,Charles N'ZOGBIA,Aston Villa,,-41.984285714285605,-28.04571428571429,B,70,False,False,0.0
Fulham,Aston Villa,0,1540.6,Cross,Charles N'ZOGBIA,Aston Villa,,-41.82,-28.05,B,70,False,False,0.0
Fulham,Aston Villa,0,1541.7,Header Shot,Emile HESKEY,Aston Villa,,-40.96,-4.02,B,70,False,True,0.0391154295245042
Fulham,Aston Villa,0,1542.5,Ball Out Of Play,,,,-51.0,1.0,U,-1,False,False,0.0
Fulham,Aston Villa,0,1563.5,Goal Kick,Mark SCHWARZER,Fulham,,-45.62,7.27,A,71,False,False,0.0
Fulham,Aston Villa,0,1569.4,Tackle,Damien DUFF,Fulham,Fabian DELPH,25.35,27.88,A,71,False,False,0.0
Fulham,Aston Villa,0,1571.0,Ball Out Of Play,,,,31.0,34.0,U,-1,False,False,0.0
Fulham,Aston Villa,0,1585.5,Throw In,Aaron HUGHES,Fulham,,30.94,33.5,A,72,False,False,0.0
Fulham,Aston Villa,0,1586.8,Touch,Bobby ZAMORA,Fulham,,34.24,25.23,A,72,False,False,0.0
Fulham,Aston Villa,0,1587.8,Pass,Bobby ZAMORA,Fulham,,32.63,27.96,A,72,False,False,0.0
Fulham,Aston Villa,0,1588.6,Touch,Aaron HUGHES,Fulham,,28.52,31.41,A,72,False,False,0.0
Fulham,Aston Villa,0,1589.0,Pass,Aaron HUGHES,Fulham,,27.74,31.42,A,72,False,False,0.0
Fulham,Aston Villa,0,1590.2,Touch,Danny MURPHY,Fulham,,16.06,18.23,A,72,False,False,0.0
Fulham,Aston Villa,0,1590.7,Touch,Danny MURPHY,Fulham,,14.36,17.14,A,72,False,False,0.0
Fulham,Aston Villa,0,1591.3,Pass,Danny MURPHY,Fulham,,13.68,15.48,A,72,False,False,0.0
Fulham,Aston Villa,0,1593.1,Touch,Dickson ETUHU,Fulham,,11.57,-1.68,A,72,False,False,0.0
Fulham,Aston Villa,0,1594.8,Touch,Dickson ETUHU,Fulham,,11.99,-6.75,A,72,False,False,0.0
Fulham,Aston Villa,0,1595.4,Pass,Dickson ETUHU,Fulham,,12.49,-7.3,A,72,False,True,0.0
Fulham,Aston Villa,0,1596.7,Pass,Fabian DELPH,Aston Villa,,23.32,2.05,B,73,True,False,0.0
Fulham,Aston Villa,0,1597.7,Touch,Emile HESKEY,Aston Villa,,18.58,4.67,B,73,False,False,0.0
Fulham,Aston Villa,0,1598.7,Pass,Emile HESKEY,Aston Villa,,17.09,4.78,B,73,False,True,0.0
Fulham,Aston Villa,0,1602.8,Ball Out Of Play,,,,-36.0,34.0,U,-1,False,False,0.0
Fulham,Aston Villa,0,1618.4,Throw In,Aaron HUGHES,Fulham,,-21.78,33.5,A,74,False,False,0.0
Fulham,Aston Villa,0,1620.2,Header,Bobby ZAMORA,Fulham,,0.41,31.45,A,74,False,True,0.0
Fulham,Aston Villa,0,1621.9,Pass,Stiliyan PETROV,Aston Villa,,7.22,20.8,B,75,True,False,0.0
Fulham,Aston Villa,0,1623.8,Pass,James COLLINS,Aston Villa,,21.64,19.86,B,75,False,False,0.0
Fulham,Aston Villa,0,1626.4,Touch,Shay GIVEN,Aston Villa,,42.45,4.72,B,75,False,False,0.0
Fulham,Aston Villa,0,1628.4,Pass,Shay GIVEN,Aston Villa,,40.91,1.42,B,75,False,False,0.0
Fulham,Aston Villa,0,1631.8,Header,Philippe SENDEROS,Fulham,,-15.96,15.2,B,75,False,False,0.0
Fulham,Aston Villa,0,1633.6,Touch,Stiliyan PETROV,Aston Villa,,1.86,7.64,B,75,False,False,0.0
Fulham,Aston Villa,0,1634.6,Touch,Stiliyan PETROV,Aston Villa,,4.57,9.13,B,75,False,False,0.0
Fulham,Aston Villa,0,1635.0,Pass,Stiliyan PETROV,Aston Villa,,4.94,9.98,B,75,False,False,0.0
Fulham,Aston Villa,0,1636.1,Touch,Stephen WARNOCK,Aston Villa,,8.81,23.38,B,75,False,False,0.0
Fulham,Aston Villa,0,1636.6,Pass,Stephen WARNOCK,Aston Villa,,9.37,23.56,B,75,False,False,0.0
Fulham,Aston Villa,0,1637.6,Touch,Stiliyan PETROV,Aston Villa,,4.59,15.28,B,75,False,False,0.0
Fulham,Aston Villa,0,1638.1,Pass,Stiliyan PETROV,Aston Villa,,4.43,15.94,B,75,False,False,0.0
Fulham,Aston Villa,0,1638.8,Pass,Fabian DELPH,Aston Villa,,-4.32,25.34,B,75,False,False,0.0
Fulham,Aston Villa,0,1640.0,Touch,Stephen WARNOCK,Aston Villa,,10.08,25.7,B,75,False,False,0.0
Fulham,Aston Villa,0,1641.6,Touch,Stephen WARNOCK,Aston Villa,,8.64,24.96,B,75,False,False,0.0
Fulham,Aston Villa,0,1643.5,Pass,Stephen WARNOCK,Aston Villa,,2.44,22.29,B,75,False,False,0.0
Fulham,Aston Villa,0,1646.2,Touch,Luke YOUNG,Aston Villa,,-19.37,-26.19,B,75,False,False,0.0
Fulham,Aston Villa,0,1647.1,Touch,Luke YOUNG,Aston Villa,,-17.62,-29.91,B,75,False,False,0.0
Fulham,Aston Villa,0,1648.2,Pass,Luke YOUNG,Aston Villa,,-15.01,-29.18,B,75,False,False,0.0
Fulham,Aston Villa,0,1649.2,Touch,Charles N'ZOGBIA,Aston Villa,,-14.36,-12.13,B,75,False,False,0.0
Fulham,Aston Villa,0,1650.5,Tackle,Charles N'ZOGBIA,Aston Villa,Dickson ETUHU,-18.44,-18.57,B,75,False,False,0.0
Fulham,Aston Villa,0,1650.8,Touch,Clint DEMPSEY,Fulham,,-20.65,-22.83,B,75,False,False,0.0
Fulham,Aston Villa,0,1652.3,Ball Out Of Play,,,,-21.0,-35.0,U,-1,False,False,0.0
Fulham,Aston Villa,0,1656.3,Throw In,Luke YOUNG,Aston Villa,,-21.76,-33.5,B,76,False,True,0.0
Fulham,Aston Villa,0,1657.6,Pass,Clint DEMPSEY,Fulham,,-31.6,-30.66,A,77,True,False,0.0
Fulham,Aston Villa,0,1659.6,Touch,Brede HANGELAND,Fulham,,-37.37,-19.1,A,77,False,False,0.0
Fulham,Aston Villa,0,1660.9,Pass,Brede HANGELAND,Fulham,,-36.7,-19.93,A,77,False,False,0.0
Fulham,Aston Villa,0,1662.2,Pass,Clint DEMPSEY,Fulham,,-20.62,-29.74,A,77,False,False,0.0
Fulham,Aston Villa,0,1663.7,Foul,Clint DEMPSEY,Fulham,Stiliyan PETROV,-10.97,-30.54,U,-1,False,False,0.0
Fulham,Aston Villa,0,1686.8,Direct Free Kick Pass,John ARNE RIISE,Fulham,,-0.04,-29.62,A,78,False,False,0.0
Fulham,Aston Villa,0,1688.8,Pass,Philippe SENDEROS,Fulham,,-12.19,0.96,A,78,False,False,0.0
Fulham,Aston Villa,0,1692.0,Pass,Danny MURPHY,Fulham,,3.96,12.66,A,78,False,False,0.0
Fulham,Aston Villa,0,1692.9,Touch,Bobby ZAMORA,Fulham,,18.88,14.95,A,78,False,False,0.0
Fulham,Aston Villa,0,1693.4,Foul,Bobby ZAMORA,Fulham,Richard DUNNE,20.02,15.05,U,-1,False,False,0.0
Fulham,Aston Villa,0,1737.8,Direct Free Kick Pass,Danny MURPHY,Fulham,,22.69,14.77,A,79,False,False,0.0
Fulham,Aston Villa,0,1738.9,Shot,John ARNE RIISE,Fulham,,20.14,12.27,A,79,False,False,0.0034562203877792
Fulham,Aston Villa,0,1739.2,Block,Charles N'ZOGBIA,Aston Villa,,31.11,9.06,A,79,False,False,0.0
Fulham,Aston Villa,0,1739.7,Touch,John ARNE RIISE,Fulham,,22.47,11.66,A,79,False,False,0.0
Fulham,Aston Villa,0,1740.9,Pass,John ARNE RIISE,Fulham,,23.68,12.93,A,79,False,False,0.0
Fulham,Aston Villa,0,1741.6,Pass,Danny MURPHY,Fulham,,20.03,14.97,A,79,False,False,0.0
Fulham,Aston Villa,0,1743.2,Touch,Andrew JOHNSON,Fulham,,34.7,-2.18,A,79,False,False,0.0
Fulham,Aston Villa,0,1743.9,Touch,Andrew JOHNSON,Fulham,,35.33,-2.13,A,79,False,False,0.0
Fulham,Aston Villa,0,1744.4,Pass,Andrew JOHNSON,Fulham,,34.96,-1.94,A,79,False,False,0.0
Fulham,Aston Villa,0,1744.8,Touch,Damien DUFF,Fulham,,31.26,1.34,A,79,False,False,0.0
Fulham,Aston Villa,0,1745.9,Pass,Damien DUFF,Fulham,,33.22,2.51,A,79,False,False,0.0
Fulham,Aston Villa,0,1746.2,Touch,Clint DEMPSEY,Fulham,,37.22,5.5,A,79,False,False,0.0
Fulham,Aston Villa,0,1747.2,Shot,Clint DEMPSEY,Fulham,,37.6,7.01,A,79,False,True,0.0848335072536951
Fulham,Aston Villa,0,1747.3,Block,Stephen WARNOCK,Aston Villa,,39.98,5.81,B,80,True,False,0.0
Fulham,Aston Villa,0,1749.7,Touch,Stiliyan PETROV,Aston Villa,,27.42,3.23,B,80,False,False,0.0
Fulham,Aston Villa,0,1750.3,Touch,Stiliyan PETROV,Aston Villa,,24.23,3.11,B,80,False,False,0.0
Fulham,Aston Villa,0,1751.3,Touch,Stiliyan PETROV,Aston Villa,,21.37,1.71,B,80,False,False,0.0
Fulham,Aston Villa,0,1752.0,Pass,Stiliyan PETROV,Aston Villa,,20.22,1.59,B,80,False,False,0.0
Fulham,Aston Villa,0,1752.1,Block,Danny MURPHY,Fulham,,19.81,3.69,B,80,False,False,0.0
Fulham,Aston Villa,0,1753.3,Touch,Luke YOUNG,Aston Villa,,22.44,-12.13,B,80,False,False,0.0
Fulham,Aston Villa,0,1756.8,Pass,Luke YOUNG,Aston Villa,,16.17,-23.33,B,80,False,False,0.0
Fulham,Aston Villa,0,1760.1,Header,Darren BENT,Aston Villa,,-33.37,-3.67,B,80,False,False,0.0
Fulham,Aston Villa,0,1761.8,Touch,Gabriel AGBONLAHOR,Aston Villa,,-24.33,-8.88,B,80,False,False,0.0
Fulham,Aston Villa,0,1762.8,Touch,Gabriel AGBONLAHOR,Aston Villa,,-27.51,-14.04,B,80,False,False,0.0
Fulham,Aston Villa,0,1764.6,Cross,Gabriel AGBONLAHOR,Aston Villa,,-36.8,-20.32,B,80,False,False,0.0
Fulham,Aston Villa,0,1768.1,Touch,Charles N'ZOGBIA,Aston Villa,,-48.85,23.27,B,80,False,False,0.0
Fulham,Aston Villa,0,1769.1,Touch,Charles N'ZOGBIA,Aston Villa,,-47.22,28.21,B,80,False,False,0.0
Fulham,Aston Villa,0,1769.5,Touch,Charles N'ZOGBIA,Aston Villa,,-46.44,28.78,B,80,False,False,0.0
Fulham,Aston Villa,0,1770.7,Touch,Charles N'ZOGBIA,Aston Villa,,-44.61,26.39,B,80,False,False,0.0
Fulham,Aston Villa,0,1771.3,Touch,Charles N'ZOGBIA,Aston Villa,,-45.74,21.41,B,80,False,False,0.0
Fulham,Aston Villa,0,1772.0,Dribble,Charles N'ZOGBIA,Aston Villa,,-48.2250000000003,18.1199999999996,B,80,False,False,0.0
Fulham,Aston Villa,0,1772.1,Cross,Charles N'ZOGBIA,Aston Villa,,-48.58,17.65,B,80,False,True,0.0
Fulham,Aston Villa,0,1776.1,Ball Out Of Play,,,,-47.0,-35.0,U,-1,False,False,0.0
Fulham,Aston Villa,0,1799.1,Throw In,John ARNE RIISE,Fulham,,-47.34,-33.5,A,81,False,True,0.0
Fulham,Aston Villa,0,1801.2,Header,James COLLINS,Aston Villa,,-12.49,-26.45,B,82,True,False,0.0
Fulham,Aston Villa,0,1803.3,Touch,Charles N'ZOGBIA,Aston Villa,,-30.9,-27.26,B,82,False,False,0.0
Fulham,Aston Villa,0,1803.4,Touch,Charles N'ZOGBIA,Aston Villa,,-31.34,-27.12,B,82,False,False,0.0
Fulham,Aston Villa,0,1804.2,Touch,Charles N'ZOGBIA,Aston Villa,,-35.71,-27.01,B,82,False,False,0.0
Fulham,Aston Villa,0,1805.0,Pass,Charles N'ZOGBIA,Aston Villa,,-37.85,-25.52,B,82,False,False,0.0
Fulham,Aston Villa,0,1805.9,Touch,Darren BENT,Aston Villa,,-35.6,-9.5,B,82,False,False,0.0
Fulham,Aston Villa,0,1806.7,Pass,Darren BENT,Aston Villa,,-35.91,-10.49,B,82,False,False,0.0
Fulham,Aston Villa,0,1807.6,Shot,Charles N'ZOGBIA,Aston Villa,,-33.76,-18.02,B,82,False,True,0.0103126840559717
Fulham,Aston Villa,0,1808.8,Ball Out Of Play,,,,-51.0,6.0,U,-1,False,False,0.0
Fulham,Aston Villa,0,1832.4,Goal Kick,Mark SCHWARZER,Fulham,,-45.44,7.64,A,83,False,True,0.0
Fulham,Aston Villa,0,1835.9,Header,Richard DUNNE,Aston Villa,,21.0,16.62,B,84,True,False,0.0
Fulham,Aston Villa,0,1838.2,Header,Darren BENT,Aston Villa,,-0.13,14.99,B,84,False,False,0.0
Fulham,Aston Villa,0,1840.3,Header,Charles N'ZOGBIA,Aston Villa,,3.36,-1.94,B,84,False,False,0.0
Fulham,Aston Villa,0,1842.5,Header,Aaron HUGHES,Fulham,,-0.5,20.87,B,84,False,False,0.0
Fulham,Aston Villa,0,1844.1,Touch,Stiliyan PETROV,Aston Villa,,6.46,9.18,B,84,False,False,0.0
Fulham,Aston Villa,0,1845.0,Pass,Stiliyan PETROV,Aston Villa,,8.5,12.17,B,84,False,True,0.0
Fulham,Aston Villa,0,1848.5,Ball Out Of Play,,,,-31.0,34.0,U,-1,False,False,0.0
Fulham,Aston Villa,0,1862.5,Throw In,Aaron HUGHES,Fulham,,-23.69,33.5,A,85,False,False,0.0
Fulham,Aston Villa,0,1864.8,Header,Bobby ZAMORA,Fulham,,-3.63,30.18,A,85,False,True,0.0
Fulham,Aston Villa,0,1866.2,Touch,Stiliyan PETROV,Aston Villa,,3.21,21.57,B,86,True,False,0.0
Fulham,Aston Villa,0,1867.1,Pass,Stiliyan PETROV,Aston Villa,,0.76,18.51,B,86,False,False,0.0
Fulham,Aston Villa,0,1867.9,Pass,Charles N'ZOGBIA,Aston Villa,,-3.16,7.2,B,86,False,False,0.0
Fulham,Aston Villa,0,1868.9,Touch,Stiliyan PETROV,Aston Villa,,-1.39,11.38,B,86,False,False,0.0
Fulham,Aston Villa,0,1869.7,Pass,Stiliyan PETROV,Aston Villa,,-0.74,6.89,B,86,False,False,0.0
Fulham,Aston Villa,0,1871.5,Pass,James COLLINS,Aston Villa,,14.27,-2.51,B,86,False,False,0.0
Fulham,Aston Villa,0,1873.2,Touch,Luke YOUNG,Aston Villa,,12.51,-23.34,B,86,False,False,0.0
Fulham,Aston Villa,0,1874.4,Pass,Luke YOUNG,Aston Villa,,12.84,-24.27,B,86,False,False,0.0
Fulham,Aston Villa,0,1876.0,Touch,James COLLINS,Aston Villa,,21.0,-15.45,B,86,False,False,0.0
Fulham,Aston Villa,0,1877.4,Pass,James COLLINS,Aston Villa,,19.64,-18.16,B,86,False,False,0.0
Fulham,Aston Villa,0,1878.5,Touch,Stiliyan PETROV,Aston Villa,,10.4,-8.64,B,86,False,False,0.0
Fulham,Aston Villa,0,1879.9,Pass,Stiliyan PETROV,Aston Villa,,8.47,-4.69,B,86,False,False,0.0
Fulham,Aston Villa,0,1882.3,Pass,Richard DUNNE,Aston Villa,,20.81,14.83,B,86,False,False,0.0
Fulham,Aston Villa,0,1883.1,Touch,Stephen WARNOCK,Aston Villa,,15.63,25.88,B,86,False,False,0.0
Fulham,Aston Villa,0,1883.9,Touch,Stephen WARNOCK,Aston Villa,,16.47,26.01,B,86,False,False,0.0
Fulham,Aston Villa,0,1885.0,Pass,Stephen WARNOCK,Aston Villa,,16.76,26.02,B,86,False,False,0.0
Fulham,Aston Villa,0,1887.3,Header,Gabriel AGBONLAHOR,Aston Villa,,-16.53,22.9,B,86,False,False,0.0
Fulham,Aston Villa,0,1888.7,Touch,Fabian DELPH,Aston Villa,,-6.77,26.44,B,86,False,False,0.0
Fulham,Aston Villa,0,1890.1,Touch,Fabian DELPH,Aston Villa,,-9.57,24.98,B,86,False,False,0.0
Fulham,Aston Villa,0,1891.6,Touch,Fabian DELPH,Aston Villa,,-8.42,17.62,B,86,False,False,0.0
Fulham,Aston Villa,0,1892.4,Pass,Fabian DELPH,Aston Villa,,-7.55,16.76,B,86,False,False,0.0
Fulham,Aston Villa,0,1893.3,Touch,Stephen WARNOCK,Aston Villa,,-5.86,25.43,B,86,False,False,0.0
Fulham,Aston Villa,0,1894.1,Pass,Stephen WARNOCK,Aston Villa,,-6.58,25.16,B,86,False,False,0.0
Fulham,Aston Villa,0,1895.0,Touch,Emile HESKEY,Aston Villa,,-19.44,19.75,B,86,False,False,0.0
Fulham,Aston Villa,0,1895.8,Touch,Emile HESKEY,Aston Villa,,-17.72,19.24,B,86,False,False,0.0
Fulham,Aston Villa,0,1896.2,Foul,Emile HESKEY,Aston Villa,Dickson ETUHU,-17.1,19.4,U,-1,False,False,0.0
Fulham,Aston Villa,0,1930.2,Direct Free Kick Pass,Charles N'ZOGBIA,Aston Villa,,-13.94,17.57,B,87,False,True,0.0
Fulham,Aston Villa,0,1931.2,Tackle,James COLLINS,Aston Villa,John ARNE RIISE,-37.47,-4.44,A,88,True,False,0.0
Fulham,Aston Villa,0,1932.6,Pass,Dickson ETUHU,Fulham,,-36.45,2.2,A,88,False,False,0.0
Fulham,Aston Villa,0,1933.5,Touch,Clint DEMPSEY,Fulham,,-29.37,-2.44,A,88,False,False,0.0
Fulham,Aston Villa,0,1934.6,Touch,Clint DEMPSEY,Fulham,,-24.79,-5.23,A,88,False,False,0.0
Fulham,Aston Villa,0,1935.4,Touch,Clint DEMPSEY,Fulham,,-22.01,-9.71,A,88,False,False,0.0
Fulham,Aston Villa,0,1937.1,Touch,Clint DEMPSEY,Fulham,,-15.07,-20.76,A,88,False,False,0.0
Fulham,Aston Villa,0,1938.0,Touch,Clint DEMPSEY,Fulham,,-12.4,-23.45,A,88,False,False,0.0
Fulham,Aston Villa,0,1938.4,Touch,Clint DEMPSEY,Fulham,,-11.94,-24.63,A,88,False,False,0.0
Fulham,Aston Villa,0,1938.8,Touch,Clint DEMPSEY,Fulham,,-11.63,-25.13,A,88,False,False,0.0
Fulham,Aston Villa,0,1940.3,Pass,Clint DEMPSEY,Fulham,,-8.8,-21.47,A,88,False,True,0.0
Fulham,Aston Villa,0,1943.0,Header,Gabriel AGBONLAHOR,Aston Villa,,15.41,12.13,B,89,True,False,0.0
Fulham,Aston Villa,0,1945.8,Goalkeeper Pick Up,Shay GIVEN,Aston Villa,,40.04,11.04,B,89,False,False,0.0
Fulham,Aston Villa,0,1948.9,Goalkeeper Throw,Shay GIVEN,Aston Villa,,37.64,15.41,B,89,False,False,0.0
Fulham,Aston Villa,0,1950.3,Pass,Stephen WARNOCK,Aston Villa,,28.54,18.87,B,89,False,False,0.0
Fulham,Aston Villa,0,1952.3,Touch,Shay GIVEN,Aston Villa,,40.99,14.85,B,89,False,False,0.0
Fulham,Aston Villa,0,1954.9,Touch,Shay GIVEN,Aston Villa,,40.16,13.86,B,89,False,False,0.0
Fulham,Aston Villa,0,1958.4,Touch,Shay GIVEN,Aston Villa,,36.12,12.2,B,89,False,False,0.0
Fulham,Aston Villa,0,1963.1,Pass,Shay GIVEN,Aston Villa,,34.18,11.26,B,89,False,True,0.0
Fulham,Aston Villa,0,1966.2,Header,Aaron HUGHES,Fulham,,-17.43,31.02,B,89,True,False,0.0
Fulham,Aston Villa,0,1967.5,Foul,Danny MURPHY,Fulham,Gabriel AGBONLAHOR,-15.13,25.52,U,-1,False,False,0.0
Fulham,Aston Villa,0,1987.4,Direct Free Kick Pass,Philippe SENDEROS,Fulham,,-20.45,23.52,A,90,False,False,0.0
Fulham,Aston Villa,0,1990.4,Pass,Bobby ZAMORA,Fulham,,29.19,14.69,A,90,False,False,0.0
Fulham,Aston Villa,0,1992.0,Pass,Damien DUFF,Fulham,,24.42,22.84,A,90,False,True,0.0
Fulham,Aston Villa,0,1993.2,Pass,Emile HESKEY,Aston Villa,,19.7,19.18,B,91,True,False,0.0
Fulham,Aston Villa,0,1994.4,Touch,Fabian DELPH,Aston Villa,,23.94,19.08,B,91,False,False,0.0
Fulham,Aston Villa,0,1995.0,Touch,Fabian DELPH,Aston Villa,,22.94,19.49,B,91,False,False,0.0
Fulham,Aston Villa,0,1995.3,Touch,Fabian DELPH,Aston Villa,,21.99,19.24,B,91,False,False,0.0
Fulham,Aston Villa,0,1996.1,Touch,Fabian DELPH,Aston Villa,,18.94,18.15,B,91,False,False,0.0
Fulham,Aston Villa,0,1996.6,Touch,Fabian DELPH,Aston Villa,,16.46,17.74,B,91,False,False,0.0
Fulham,Aston Villa,0,1997.8,Tackle,Damien DUFF,Fulham,Fabian DELPH,8.55,21.83,B,91,False,True,0.0
Fulham,Aston Villa,0,1999.4,Ball Out Of Play,,,,4.0,34.0,U,-1,False,False,0.0
Fulham,Aston Villa,0,2010.5,Throw In,Aaron HUGHES,Fulham,,9.06,33.5,A,92,False,True,0.0
Fulham,Aston Villa,0,2014.2,Foul,Fabian DELPH,Aston Villa,Andrew JOHNSON,37.47,31.1,U,-1,False,False,0.0
Fulham,Aston Villa,0,2046.8,Direct Free Kick Pass,Shay GIVEN,Aston Villa,,42.56,29.51,B,93,False,True,0.0
Fulham,Aston Villa,0,2050.2,Header,Dickson ETUHU,Fulham,,-16.95,23.45,A,94,True,False,0.0
Fulham,Aston Villa,0,2052.2,Header,Andrew JOHNSON,Fulham,,-0.49,19.07,A,94,False,False,0.0
Fulham,Aston Villa,0,2054.1,Touch,Andrew JOHNSON,Fulham,,-1.08,8.46,A,94,False,False,0.0
Fulham,Aston Villa,0,2054.6,Touch,Andrew JOHNSON,Fulham,,-1.04,5.28,A,94,False,False,0.0
Fulham,Aston Villa,0,2055.3,Pass,Andrew JOHNSON,Fulham,,0.65,0.69,A,94,False,False,0.0
Fulham,Aston Villa,0,2058.2,Touch,John ARNE RIISE,Fulham,,9.89,-22.04,A,94,False,False,0.0
Fulham,Aston Villa,0,2060.2,Pass,John ARNE RIISE,Fulham,,19.97,-23.95,A,94,False,False,0.0
Fulham,Aston Villa,0,2062.2,Touch,Clint DEMPSEY,Fulham,,29.85,-31.09,A,94,False,False,0.0
Fulham,Aston Villa,0,2063.5,Touch,Clint DEMPSEY,Fulham,,31.71,-31.24,A,94,False,False,0.0
Fulham,Aston Villa,0,2064.5,Touch,Clint DEMPSEY,Fulham,,30.01,-30.37,A,94,False,False,0.0
Fulham,Aston Villa,0,2065.9,Dribble,Clint DEMPSEY,Fulham,,23.94333333333294,-26.169999999999728,A,94,False,False,0.0
Fulham,Aston Villa,0,2066.0,Pass,Clint DEMPSEY,Fulham,,23.51,-25.87,A,94,False,False,0.0
Fulham,Aston Villa,0,2067.1,Touch,Danny MURPHY,Fulham,,16.17,-19.21,A,94,False,False,0.0
Fulham,Aston Villa,0,2068.4,Pass,Danny MURPHY,Fulham,,10.01,-17.13,A,94,False,False,0.0
Fulham,Aston Villa,0,2070.1,Touch,Aaron HUGHES,Fulham,,6.29,16.39,A,94,False,False,0.0
Fulham,Aston Villa,0,2071.5,Pass,Aaron HUGHES,Fulham,,7.14,17.95,A,94,False,False,0.0
Fulham,Aston Villa,0,2073.0,Touch,Damien DUFF,Fulham,,24.31,29.72,A,94,False,False,0.0
Fulham,Aston Villa,0,2073.5,Touch,Damien DUFF,Fulham,,22.71,30.31,A,94,False,False,0.0
Fulham,Aston Villa,0,2074.0,Touch,Damien DUFF,Fulham,,21.45,30.23,A,94,False,False,0.0
Fulham,Aston Villa,0,2074.3,Touch,Damien DUFF,Fulham,,20.99,30.09,A,94,False,False,0.0
Fulham,Aston Villa,0,2074.8,Pass,Damien DUFF,Fulham,,20.37,29.71,A,94,False,False,0.0
Fulham,Aston Villa,0,2076.2,Pass,Aaron HUGHES,Fulham,,11.21,27.68,A,94,False,False,0.0
Fulham,Aston Villa,0,2077.2,Touch,Dickson ETUHU,Fulham,,12.08,18.37,A,94,False,False,0.0
Fulham,Aston Villa,0,2078.0,Touch,Dickson ETUHU,Fulham,,11.57,16.97,A,94,False,False,0.0
Fulham,Aston Villa,0,2079.7,Pass,Dickson ETUHU,Fulham,,12.46,10.93,A,94,False,False,0.0
Fulham,Aston Villa,0,2080.9,Touch,Danny MURPHY,Fulham,,8.89,-4.44,A,94,False,False,0.0
Fulham,Aston Villa,0,2081.7,Pass,Danny MURPHY,Fulham,,7.24,-4.83,A,94,False,False,0.0
Fulham,Aston Villa,0,2083.2,Touch,Brede HANGELAND,Fulham,,11.38,-15.64,A,94,False,False,0.0
Fulham,Aston Villa,0,2085.0,Pass,Brede HANGELAND,Fulham,,19.19,-15.83,A,94,False,True,0.0
Fulham,Aston Villa,0,2087.6,Ball Out Of Play,,,,52.0,-25.0,U,-1,False,False,0.0
Fulham,Aston Villa,0,2121.7,Goal Kick,Shay GIVEN,Aston Villa,,45.72,8.15,B,95,False,False,0.0
Fulham,Aston Villa,0,2125.2,Header,Emile HESKEY,Aston Villa,,-7.67,20.15,B,95,False,True,0.0
Fulham,Aston Villa,0,2125.3,Header,Dickson ETUHU,Fulham,,-8.77,19.66,A,96,True,False,0.0
Fulham,Aston Villa,0,2126.7,Header,Aaron HUGHES,Fulham,,-20.38,21.36,A,96,False,True,0.0
Fulham,Aston Villa,0,2129.1,Header,Stiliyan PETROV,Aston Villa,,-2.22,11.0,B,97,True,False,0.0
Fulham,Aston Villa,0,2130.3,Touch,Emile HESKEY,Aston Villa,,-12.04,11.74,B,97,False,False,0.0
Fulham,Aston Villa,0,2130.8,Foul,Emile HESKEY,Aston Villa,Philippe SENDEROS,-12.42,11.51,U,-1,False,False,0.0
Fulham,Aston Villa,0,2169.8,Direct Free Kick Pass,Stephen WARNOCK,Aston Villa,,-11.1,10.75,B,98,False,False,0.0
Fulham,Aston Villa,0,2172.2,Touch,Charles N'ZOGBIA,Aston Villa,,-37.03,-29.3,B,98,False,False,0.0
Fulham,Aston Villa,0,2173.3,Cross,Charles N'ZOGBIA,Aston Villa,,-36.73,-28.71,B,98,False,False,0.0
Fulham,Aston Villa,0,2174.7,Header Shot,James COLLINS,Aston Villa,,-39.9,-1.49,B,98,False,True,0.0480600439207136
Fulham,Aston Villa,0,2175.5,Ball Out Of Play,,,,-51.0,-7.0,U,-1,False,False,0.0
Fulham,Aston Villa,0,2199.5,Goal Kick,Mark SCHWARZER,Fulham,,-46.2,6.47,A,99,False,False,0.0
Fulham,Aston Villa,0,2203.6,Header,Bobby ZAMORA,Fulham,,15.18,18.0,A,99,False,False,0.0
Fulham,Aston Villa,0,2204.8,Touch,Damien DUFF,Fulham,,19.74,28.32,A,99,False,False,0.0
Fulham,Aston Villa,0,2205.6,Touch,Damien DUFF,Fulham,,20.84,28.08,A,99,False,False,0.0
Fulham,Aston Villa,0,2205.9,Pass,Damien DUFF,Fulham,,21.71,27.75,A,99,False,True,0.0
Fulham,Aston Villa,0,2206.0,Offside,Andrew JOHNSON,Fulham,,30.89,17.46,U,-1,False,False,0.0
Fulham,Aston Villa,0,2242.5,Indirect Free Kick Pass,Shay GIVEN,Aston Villa,,32.04,20.41,B,100,False,False,0.0
Fulham,Aston Villa,0,2245.9,Header,Dickson ETUHU,Fulham,,-25.04,13.85,B,100,False,False,0.0
Fulham,Aston Villa,0,2248.0,Touch,Emile HESKEY,Aston Villa,,-23.91,9.37,B,100,False,False,0.0
Fulham,Aston Villa,0,2248.5,Pass,Emile HESKEY,Aston Villa,,-23.67,7.95,B,100,False,False,0.0
Fulham,Aston Villa,0,2249.3,Touch,Charles N'ZOGBIA,Aston Villa,,-26.29,2.62,B,100,False,False,0.0
Fulham,Aston Villa,0,2249.5,Pass,Charles N'ZOGBIA,Aston Villa,,-25.83,2.37,B,100,False,True,0.0
Fulham,Aston Villa,0,2249.9,Pass,Danny MURPHY,Fulham,,-22.68,1.43,A,101,True,False,0.0
Fulham,Aston Villa,0,2250.5,Touch,Clint DEMPSEY,Fulham,,-18.24,-5.79,A,101,False,False,0.0
Fulham,Aston Villa,0,2251.4,Touch,Clint DEMPSEY,Fulham,,-19.6,-7.11,A,101,False,False,0.0
Fulham,Aston Villa,0,2251.6,Pass,Clint DEMPSEY,Fulham,,-19.68,-7.54,A,101,False,False,0.0
Fulham,Aston Villa,0,2253.2,Touch,John ARNE RIISE,Fulham,,-22.32,-19.33,A,101,False,False,0.0
Fulham,Aston Villa,0,2255.2,Pass,John ARNE RIISE,Fulham,,-12.82,-25.16,A,101,False,False,0.0
Fulham,Aston Villa,0,2256.7,Pass,Bobby ZAMORA,Fulham,,6.43,-8.48,A,101,False,False,0.0
Fulham,Aston Villa,0,2258.9,Touch,Clint DEMPSEY,Fulham,,17.15,-17.35,A,101,False,False,0.0
Fulham,Aston Villa,0,2259.6,Touch,Clint DEMPSEY,Fulham,,19.68,-17.71,A,101,False,False,0.0
Fulham,Aston Villa,0,2261.3,Touch,Clint DEMPSEY,Fulham,,22.66,-18.71,A,101,False,False,0.0
Fulham,Aston Villa,0,2262.9,Touch,Clint DEMPSEY,Fulham,,23.84,-14.35,A,101,False,False,0.0
Fulham,Aston Villa,0,2263.4,Touch,Clint DEMPSEY,Fulham,,24.05,-11.7,A,101,False,False,0.0
Fulham,Aston Villa,0,2264.5,Touch,Clint DEMPSEY,Fulham,,23.95,-6.0,A,101,False,False,0.0
Fulham,Aston Villa,0,2265.5,Dribble,Clint DEMPSEY,Fulham,,23.431818181818137,-0.7999999999995699,A,101,False,False,0.0
Fulham,Aston Villa,0,2265.6,Pass,Clint DEMPSEY,Fulham,,23.38,-0.28,A,101,False,False,0.0
Fulham,Aston Villa,0,2267.2,Touch,Aaron HUGHES,Fulham,,23.7,23.9,A,101,False,False,0.0
Fulham,Aston Villa,0,2268.2,Touch,Aaron HUGHES,Fulham,,26.24,24.62,A,101,False,False,0.0
Fulham,Aston Villa,0,2269.1,Dribble,Aaron HUGHES,Fulham,,27.059000000000083,22.6489999999998,A,101,False,False,0.0
Fulham,Aston Villa,0,2269.2,Cross,Aaron HUGHES,Fulham,,27.15,22.43,A,101,False,True,0.0
Fulham,Aston Villa,0,2271.0,Goalkeeper Pick Up,Shay GIVEN,Aston Villa,,48.55,3.41,B,102,True,False,0.0
Fulham,Aston Villa,0,2280.0,Goalkeeper Throw,Shay GIVEN,Aston Villa,,38.81,-0.04,B,102,False,False,0.0
Fulham,Aston Villa,0,2281.4,Touch,Stephen WARNOCK,Aston Villa,,25.75,19.9,B,102,False,False,0.0
Fulham,Aston Villa,0,2283.5,Touch,Stephen WARNOCK,Aston Villa,,22.13,22.51,B,102,False,False,0.0
Fulham,Aston Villa,0,2284.8,Pass,Stephen WARNOCK,Aston Villa,,13.92,25.88,B,102,False,False,0.0
Fulham,Aston Villa,0,2286.1,Touch,Darren BENT,Aston Villa,,-12.86,15.32,B,102,False,False,0.0
Fulham,Aston Villa,0,2286.6,Touch,Darren BENT,Aston Villa,,-12.52,16.92,B,102,False,False,0.0
Fulham,Aston Villa,0,2287.1,Foul,Darren BENT,Aston Villa,Philippe SENDEROS,-12.77,17.89,U,-1,False,False,0.0
Fulham,Aston Villa,0,2315.9,Direct Free Kick Pass,Stephen WARNOCK,Aston Villa,,-11.08,19.51,B,103,False,False,0.0
Fulham,Aston Villa,0,2317.1,Touch,Stiliyan PETROV,Aston Villa,,-15.52,0.69,B,103,False,False,0.0
Fulham,Aston Villa,0,2318.6,Shot,Stiliyan PETROV,Aston Villa,,-16.5,-1.1,B,103,False,True,0.010688931573813
Fulham,Aston Villa,0,2319.8,Ball Out Of Play,,,,-51.0,2.0,U,-1,False,False,0.0
Fulham,Aston Villa,0,2347.0,Goal Kick,Mark SCHWARZER,Fulham,,-45.97,6.38,A,104,False,False,0.0
Fulham,Aston Villa,0,2349.5,Header,Clint DEMPSEY,Fulham,,17.17,1.89,A,104,False,True,0.0
Fulham,Aston Villa,0,2353.5,Touch,Shay GIVEN,Aston Villa,,38.76,8.33,B,105,True,False,0.0
Fulham,Aston Villa,0,2354.3,Touch,Shay GIVEN,Aston Villa,,38.67,8.32,B,105,False,False,0.0
Fulham,Aston Villa,0,2355.8,Goalkeeper Pick Up,Shay GIVEN,Aston Villa,,38.07,8.31,B,105,False,False,0.0
Fulham,Aston Villa,0,2362.5,Goalkeeper Throw,Shay GIVEN,Aston Villa,,36.87,7.8,B,105,False,False,0.0
Fulham,Aston Villa,0,2365.0,Touch,Stephen WARNOCK,Aston Villa,,19.1,27.74,B,105,False,False,0.0
Fulham,Aston Villa,0,2366.5,Pass,Stephen WARNOCK,Aston Villa,,16.74,26.99,B,105,False,True,0.0
Fulham,Aston Villa,0,2368.7,Header,Aaron HUGHES,Fulham,,-16.79,24.11,B,105,True,False,0.0
Fulham,Aston Villa,0,2371.9,Foul,Philippe SENDEROS,Fulham,Gabriel AGBONLAHOR,-38.84,28.96,U,-1,False,False,0.0
Fulham,Aston Villa,0,2429.8,Direct Free Kick Pass,Mark SCHWARZER,Fulham,,-41.99,26.5,A,106,False,False,0.0
Fulham,Aston Villa,0,2432.3,Clearance,John ARNE RIISE,Fulham,,-5.09,-9.73,A,106,False,True,0.0
Fulham,Aston Villa,0,2435.0,Header,Emile HESKEY,Aston Villa,,6.11,8.14,B,107,True,False,0.0
Fulham,Aston Villa,0,2437.5,Header,Emile HESKEY,Aston Villa,,9.61,4.83,B,107,False,True,0.0
Fulham,Aston Villa,0,2438.5,Touch,Danny MURPHY,Fulham,,0.08,5.12,A,108,True,False,0.0
Fulham,Aston Villa,0,2439.3,Pass,Danny MURPHY,Fulham,,0.18,5.13,A,108,False,False,0.0
Fulham,Aston Villa,0,2441.5,Header,James COLLINS,Aston Villa,,26.29,-2.29,A,108,False,False,0.0
Fulham,Aston Villa,0,2443.4,Header,Clint DEMPSEY,Fulham,,23.26,-4.51,A,108,False,False,0.0
Fulham,Aston Villa,0,2445.7,Touch,Andrew JOHNSON,Fulham,,34.0,-19.66,A,108,False,False,0.0
Fulham,Aston Villa,0,2446.1,Touch,Andrew JOHNSON,Fulham,,34.76,-20.99,A,108,False,False,0.0
Fulham,Aston Villa,0,2446.8,Touch,Andrew JOHNSON,Fulham,,36.38,-21.41,A,108,False,False,0.0
Fulham,Aston Villa,0,2447.4,Touch,Andrew JOHNSON,Fulham,,37.81,-20.4,A,108,False,False,0.0
Fulham,Aston Villa,0,2447.8,Touch,Andrew JOHNSON,Fulham,,38.71,-19.01,A,108,False,False,0.0
Fulham,Aston Villa,0,2448.1,Touch,Andrew JOHNSON,Fulham,,38.83,-17.91,A,108,False,False,0.0
Fulham,Aston Villa,0,2448.8,Dribble,Andrew JOHNSON,Fulham,,37.40374999999977,-14.278749999999407,A,108,False,False,0.0
Fulham,Aston Villa,0,2448.9,Shot,Andrew JOHNSON,Fulham,,37.2,-13.76,A,108,False,True,0.031128185597508
Fulham,Aston Villa,0,2449.4,Goalkeeper Save,Shay GIVEN,Aston Villa,,48.09,-2.97,B,109,True,False,0.0
Fulham,Aston Villa,0,2450.5,Touch,James COLLINS,Aston Villa,,39.28,-8.75,B,109,False,False,0.0
Fulham,Aston Villa,0,2452.2,Clearance,Stiliyan PETROV,Aston Villa,,40.06,-9.19,B,109,False,True,0.0
Fulham,Aston Villa,0,2453.2,Ball Out Of Play,,,,52.0,-11.0,U,-1,False,False,0.0
Fulham,Aston Villa,0,2473.5,Corner Cross,Danny MURPHY,Fulham,,50.06,-32.5,A,110,False,False,0.0
Fulham,Aston Villa,0,2474.7,Header,Darren BENT,Aston Villa,,47.27,-8.83,A,110,False,False,0.0
Fulham,Aston Villa,0,2478.5,Pass,John ARNE RIISE,Fulham,,18.88,-25.58,A,110,False,False,0.0
Fulham,Aston Villa,0,2480.1,Pass,Danny MURPHY,Fulham,,29.7,-31.34,A,110,False,False,0.0
Fulham,Aston Villa,0,2482.4,Tackle,Luke YOUNG,Aston Villa,John ARNE RIISE,23.03,-19.04,A,110,False,False,0.0
Fulham,Aston Villa,0,2485.5,Pass,Andrew JOHNSON,Fulham,,40.89,-19.04,A,110,False,False,0.0
Fulham,Aston Villa,0,2487.1,Shot,Bobby ZAMORA,Fulham,,35.1,9.3,A,110,False,True,0.0440633184190589
Fulham,Aston Villa,0,2487.2,Block,Emile HESKEY,Aston Villa,,38.52,7.36,B,111,True,False,0.0
Fulham,Aston Villa,0,2489.6,Touch,Gabriel AGBONLAHOR,Aston Villa,,22.26,16.17,B,111,False,False,0.0
Fulham,Aston Villa,0,2490.6,Touch,Gabriel AGBONLAHOR,Aston Villa,,15.05,15.63,B,111,False,False,0.0
Fulham,Aston Villa,0,2491.9,Touch,Gabriel AGBONLAHOR,Aston Villa,,7.97,11.46,B,111,False,False,0.0
Fulham,Aston Villa,0,2492.8,Touch,Gabriel AGBONLAHOR,Aston Villa,,2.2,6.49,B,111,False,False,0.0
Fulham,Aston Villa,0,2493.7,Pass,Gabriel AGBONLAHOR,Aston Villa,,-1.28,-0.02,B,111,False,False,0.0
Fulham,Aston Villa,0,2494.0,Block,Danny MURPHY,Fulham,,-8.1,-7.57,B,111,False,False,0.0
Fulham,Aston Villa,0,2496.0,Pass,Darren BENT,Aston Villa,,2.34,-9.89,B,111,False,False,0.0
Fulham,Aston Villa,0,2497.7,Clearance,Brede HANGELAND,Fulham,,-20.36,-17.96,B,111,False,False,0.0
Fulham,Aston Villa,0,2498.6,Touch,Darren BENT,Aston Villa,,-1.45,-11.99,B,111,False,False,0.0
Fulham,Aston Villa,0,2499.9,Pass,Darren BENT,Aston Villa,,-2.61,-13.86,B,111,False,False,0.0
Fulham,Aston Villa,0,2500.7,Touch,Gabriel AGBONLAHOR,Aston Villa,,-9.74,-21.69,B,111,False,False,0.0
Fulham,Aston Villa,0,2501.8,Pass,Gabriel AGBONLAHOR,Aston Villa,,-13.34,-20.98,B,111,False,False,0.0
Fulham,Aston Villa,0,2503.4,Touch,Charles N'ZOGBIA,Aston Villa,,-21.72,-30.18,B,111,False,False,0.0
Fulham,Aston Villa,0,2504.0,Touch,Charles N'ZOGBIA,Aston Villa,,-23.67,-30.72,B,111,False,False,0.0
Fulham,Aston Villa,0,2504.8,Touch,Charles N'ZOGBIA,Aston Villa,,-29.7,-30.51,B,111,False,False,0.0
Fulham,Aston Villa,0,2506.1,Touch,Charles N'ZOGBIA,Aston Villa,,-33.43,-29.22,B,111,False,False,0.0
Fulham,Aston Villa,0,2506.6,Touch,Charles N'ZOGBIA,Aston Villa,,-35.61,-28.19,B,111,False,False,0.0
Fulham,Aston Villa,0,2507.3,Touch,Charles N'ZOGBIA,Aston Villa,,-36.64,-27.15,B,111,False,False,0.0
Fulham,Aston Villa,0,2507.8,Pass,Charles N'ZOGBIA,Aston Villa,,-36.81,-26.74,B,111,False,False,0.0
Fulham,Aston Villa,0,2509.3,Touch,Luke YOUNG,Aston Villa,,-20.45,-28.88,B,111,False,False,0.0
Fulham,Aston Villa,0,2510.0,Pass,Luke YOUNG,Aston Villa,,-20.6,-28.91,B,111,False,False,0.0
Fulham,Aston Villa,0,2511.2,Touch,Stiliyan PETROV,Aston Villa,,-13.79,-17.89,B,111,False,False,0.0
Fulham,Aston Villa,0,2512.4,Pass,Stiliyan PETROV,Aston Villa,,-15.19,-21.22,B,111,False,False,0.0
Fulham,Aston Villa,0,2514.7,Touch,James COLLINS,Aston Villa,,2.06,-18.84,B,111,False,False,0.0
Fulham,Aston Villa,0,2516.5,Pass,James COLLINS,Aston Villa,,-3.4,-14.62,B,111,False,False,0.0
Fulham,Aston Villa,0,2517.9,Touch,Richard DUNNE,Aston Villa,,6.25,2.43,B,111,False,False,0.0
Fulham,Aston Villa,0,2518.4,Pass,Richard DUNNE,Aston Villa,,4.85,2.42,B,111,False,False,0.0
Fulham,Aston Villa,0,2519.8,Pass,Fabian DELPH,Aston Villa,,-6.29,-2.16,B,111,False,False,0.0
Fulham,Aston Villa,0,2521.7,Touch,Richard DUNNE,Aston Villa,,2.53,4.1,B,111,False,False,0.0
Fulham,Aston Villa,0,2524.9,Pass,Richard DUNNE,Aston Villa,,6.64,2.69,B,111,False,True,0.0
Fulham,Aston Villa,0,2526.4,Pass,Dickson ETUHU,Fulham,,-18.57,-1.49,A,112,True,False,0.0
Fulham,Aston Villa,0,2528.1,Touch,Clint DEMPSEY,Fulham,,-14.56,-18.3,A,112,False,False,0.0
Fulham,Aston Villa,0,2528.7,Pass,Clint DEMPSEY,Fulham,,-13.42,-17.18,A,112,False,False,0.0
Fulham,Aston Villa,0,2529.6,Pass,Danny MURPHY,Fulham,,-17.67,-12.01,A,112,False,True,0.0
Fulham,Aston Villa,0,2530.3,Header,Stiliyan PETROV,Aston Villa,,-10.16,-11.72,B,113,True,False,0.0
Fulham,Aston Villa,0,2532.1,Header,Luke YOUNG,Aston Villa,,-9.92,-16.23,B,113,False,False,0.0
Fulham,Aston Villa,0,2533.6,Header,John ARNE RIISE,Fulham,,-18.92,-17.09,B,113,False,False,0.0
Fulham,Aston Villa,0,2535.4,Touch,Stiliyan PETROV,Aston Villa,,-7.57,-10.99,B,113,False,False,0.0
Fulham,Aston Villa,0,2536.2,Touch,Stiliyan PETROV,Aston Villa,,-7.88,-11.08,B,113,False,False,0.0
Fulham,Aston Villa,0,2536.7,Pass,Stiliyan PETROV,Aston Villa,,-7.86,-11.12,B,113,False,False,0.0
Fulham,Aston Villa,0,2537.7,Touch,Charles N'ZOGBIA,Aston Villa,,-14.79,-22.46,B,113,False,False,0.0
Fulham,Aston Villa,0,2538.3,Touch,Charles N'ZOGBIA,Aston Villa,,-15.33,-23.11,B,113,False,False,0.0
Fulham,Aston Villa,0,2538.9,Touch,Charles N'ZOGBIA,Aston Villa,,-17.09,-23.28,B,113,False,False,0.0
Fulham,Aston Villa,0,2540.3,Pass,Charles N'ZOGBIA,Aston Villa,,-22.76,-23.48,B,113,False,True,0.0
Fulham,Aston Villa,0,2542.0,Ball Out Of Play,,,,-35.0,-34.0,U,-1,False,False,0.0
Fulham,Aston Villa,0,2559.7,Throw In,John ARNE RIISE,Fulham,,-46.59,-33.5,A,114,False,False,0.0
Fulham,Aston Villa,0,2562.6,Pass,James COLLINS,Aston Villa,,-8.37,-28.39,A,114,False,False,0.0
Fulham,Aston Villa,0,2565.3,Header,Brede HANGELAND,Fulham,,-29.31,-15.92,A,114,False,False,0.0
Fulham,Aston Villa,0,2567.3,Pass,Dickson ETUHU,Fulham,,-16.13,-8.69,A,114,False,False,0.0
Fulham,Aston Villa,0,2569.0,Touch,Andrew JOHNSON,Fulham,,2.31,-6.6,A,114,False,True,0.0
Fulham,Aston Villa,0,2570.0,Tackle,Andrew JOHNSON,Fulham,Fabian DELPH,-0.45,-1.42,B,115,True,False,0.0
Fulham,Aston Villa,0,2571.2,Pass,Richard DUNNE,Aston Villa,,1.86,0.22,B,115,False,False,0.0
Fulham,Aston Villa,0,2572.3,Touch,Stiliyan PETROV,Aston Villa,,-1.88,-11.14,B,115,False,False,0.0
Fulham,Aston Villa,0,2573.4,Touch,Stiliyan PETROV,Aston Villa,,-3.9,-12.9,B,115,False,False,0.0
Fulham,Aston Villa,0,2574.9,Pass,Stiliyan PETROV,Aston Villa,,-10.83,-16.4,B,115,False,True,0.0
Fulham,Aston Villa,0,2577.3,Pass,Aaron HUGHES,Fulham,,-29.87,5.8,A,116,True,False,0.0
Fulham,Aston Villa,0,2579.0,Touch,Mark SCHWARZER,Fulham,,-47.19,4.37,A,116,False,False,0.0
Fulham,Aston Villa,0,2580.9,Touch,Mark SCHWARZER,Fulham,,-46.97,12.21,A,116,False,False,0.0
Fulham,Aston Villa,0,2582.9,Pass,Mark SCHWARZER,Fulham,,-43.42,15.18,A,116,False,False,0.0
Fulham,Aston Villa,0,2586.6,Header,Richard DUNNE,Aston Villa,,19.32,20.24,A,116,False,False,0.0
Fulham,Aston Villa,0,2588.9,Touch,Damien DUFF,Fulham,,15.31,18.73,A,116,False,True,0.0
Fulham,Aston Villa,0,2589.4,Foul,Emile HESKEY,Aston Villa,Dickson ETUHU,8.25,16.35,U,-1,False,False,0.0
Fulham,Aston Villa,0,2614.9,Direct Free Kick Pass,Richard DUNNE,Aston Villa,,16.51,10.7,B,117,False,False,0.0
Fulham,Aston Villa,0,2617.4,Pass,Gabriel AGBONLAHOR,Aston Villa,,-25.37,28.76,B,117,False,True,0.0
Fulham,Aston Villa,0,2618.8,Pass,Philippe SENDEROS,Fulham,,-30.19,16.39,A,118,True,False,0.0
Fulham,Aston Villa,0,2620.4,Pass,Damien DUFF,Fulham,,-23.59,25.03,A,118,False,False,0.0
Fulham,Aston Villa,0,2622.8,Pass,Dickson ETUHU,Fulham,,-19.73,15.71,A,118,False,False,0.0
Fulham,Aston Villa,0,2623.9,Touch,Philippe SENDEROS,Fulham,,-28.14,15.14,A,118,False,False,0.0
Fulham,Aston Villa,0,2624.5,Touch,Philippe SENDEROS,Fulham,,-28.08,15.21,A,118,False,False,0.0
Fulham,Aston Villa,0,2625.5,Touch,Philippe SENDEROS,Fulham,,-24.43,17.17,A,118,False,False,0.0
Fulham,Aston Villa,0,2626.5,Touch,Philippe SENDEROS,Fulham,,-21.2,19.28,A,118,False,False,0.0
Fulham,Aston Villa,0,2628.3,Touch,Fabian DELPH,Aston Villa,,-5.54,23.72,A,118,False,False,0.0
Fulham,Aston Villa,0,2629.8,Ball Out Of Play,,,,-14.0,34.0,U,-1,False,False,0.0
Fulham,Aston Villa,0,2640.8,Throw In,Aaron HUGHES,Fulham,,-6.15,33.38,A,119,False,False,0.0
Fulham,Aston Villa,0,2641.9,Touch,Bobby ZAMORA,Fulham,,7.85,28.74,A,119,False,False,0.0
Fulham,Aston Villa,0,2642.9,Touch,Bobby ZAMORA,Fulham,,5.26,29.31,A,119,False,False,0.0
Fulham,Aston Villa,0,2644.3,Touch,Bobby ZAMORA,Fulham,,-2.0,27.34,A,119,False,False,0.0
Fulham,Aston Villa,0,2645.2,Pass,Bobby ZAMORA,Fulham,,-5.61,25.83,A,119,False,False,0.0
Fulham,Aston Villa,0,2647.5,Pass,Brede HANGELAND,Fulham,,-19.24,-3.8,A,119,False,False,0.0
Fulham,Aston Villa,0,2650.2,Touch,John ARNE RIISE,Fulham,,8.23,-29.73,A,119,False,False,0.0
Fulham,Aston Villa,0,2652.0,Touch,John ARNE RIISE,Fulham,,12.76,-28.15,A,119,False,False,0.0
Fulham,Aston Villa,0,2652.9,Pass,John ARNE RIISE,Fulham,,15.06,-25.45,A,119,False,False,0.0
Fulham,Aston Villa,0,2654.1,Touch,Danny MURPHY,Fulham,,12.52,-11.44,A,119,False,False,0.0
Fulham,Aston Villa,0,2656.0,Pass,Danny MURPHY,Fulham,,13.07,-9.72,A,119,False,False,0.0
Fulham,Aston Villa,0,2656.8,Touch,Dickson ETUHU,Fulham,,12.06,-3.31,A,119,False,False,0.0
Fulham,Aston Villa,0,2657.3,Pass,Dickson ETUHU,Fulham,,12.27,-3.51,A,119,False,False,0.0
Fulham,Aston Villa,0,2658.1,Pass,Danny MURPHY,Fulham,,10.92,-9.46,A,119,False,False,0.0
Fulham,Aston Villa,0,2659.7,Touch,Aaron HUGHES,Fulham,,3.82,19.45,A,119,False,False,0.0
Fulham,Aston Villa,0,2660.4,Touch,Aaron HUGHES,Fulham,,3.53,19.62,A,119,False,False,0.0
Fulham,Aston Villa,0,2661.5,Pass,Aaron HUGHES,Fulham,,6.29,19.19,A,119,False,False,0.0
Fulham,Aston Villa,0,2662.7,Pass,Bobby ZAMORA,Fulham,,30.26,15.96,A,119,False,False,0.0
Fulham,Aston Villa,0,2665.7,Cross,Damien DUFF,Fulham,,44.99,28.36,A,119,False,False,0.0
Fulham,Aston Villa,0,2667.0,Clearance,Richard DUNNE,Aston Villa,,41.16,8.57,A,119,False,False,0.0
Fulham,Aston Villa,0,2669.4,Pass,Danny MURPHY,Fulham,,23.56,-4.81,A,119,False,False,0.0
Fulham,Aston Villa,0,2670.9,Pass,John ARNE RIISE,Fulham,,33.3,-15.86,A,119,False,False,0.0
Fulham,Aston Villa,0,2671.5,Header,Stiliyan PETROV,Aston Villa,,35.78,-6.26,A,119,False,False,0.0
Fulham,Aston Villa,0,2673.9,Touch,Danny MURPHY,Fulham,,18.41,-1.75,A,119,False,False,0.0
Fulham,Aston Villa,0,2674.9,Pass,Danny MURPHY,Fulham,,16.16,2.46,A,119,False,False,0.0
Fulham,Aston Villa,0,2676.7,Touch,Damien DUFF,Fulham,,34.79,22.7,A,119,False,False,0.0
Fulham,Aston Villa,0,2677.9,Touch,Damien DUFF,Fulham,,33.86,22.85,A,119,False,False,0.0
Fulham,Aston Villa,0,2679.1,Touch,Damien DUFF,Fulham,,33.19,22.84,A,119,False,False,0.0
Fulham,Aston Villa,0,2680.2,Touch,Damien DUFF,Fulham,,31.59,21.17,A,119,False,False,0.0
Fulham,Aston Villa,0,2681.3,Shot,Damien DUFF,Fulham,,29.84,17.32,A,119,False,True,0.006545430682258
Fulham,Aston Villa,0,2682.3,Ball Out Of Play,,,,51.0,2.0,U,-1,False,False,0.0
Fulham,Aston Villa,0,2717.0,Goal Kick,Shay GIVEN,Aston Villa,,45.68,7.54,B,120,False,False,0.0
Fulham,Aston Villa,0,2720.4,Header,Dickson ETUHU,Fulham,,-15.58,19.01,B,120,False,False,0.0
Fulham,Aston Villa,0,2722.1,Pass,Stephen WARNOCK,Aston Villa,,0.67,23.45,B,120,False,False,0.0
Fulham,Aston Villa,0,2722.8,Touch,Fabian DELPH,Aston Villa,,-4.62,18.7,B,120,False,False,0.0
Fulham,Aston Villa,0,2723.2,Pass,Fabian DELPH,Aston Villa,,-4.55,18.62,B,120,False,False,0.0
Fulham,Aston Villa,0,2723.9,Touch,Stephen WARNOCK,Aston Villa,,0.27,22.99,B,120,False,False,0.0
Fulham,Aston Villa,0,2724.7,Pass,Stephen WARNOCK,Aston Villa,,1.45,23.59,B,120,False,False,0.0
Fulham,Aston Villa,0,2725.4,Touch,Fabian DELPH,Aston Villa,,-2.75,17.65,B,120,False,False,0.0
Fulham,Aston Villa,0,2725.9,Touch,Fabian DELPH,Aston Villa,,-2.23,17.52,B,120,False,False,0.0
Fulham,Aston Villa,0,2726.8,Pass,Fabian DELPH,Aston Villa,,-0.2,17.04,B,120,False,False,0.0
Fulham,Aston Villa,0,2728.6,Touch,James COLLINS,Aston Villa,,14.71,1.49,B,120,False,False,0.0
Fulham,Aston Villa,0,2730.8,Pass,James COLLINS,Aston Villa,,12.3,-4.18,B,120,False,True,0.0
Fulham,Aston Villa,0,2733.5,Ball Out Of Play,,,,-34.0,34.0,U,-1,False,False,0.0
Fulham,Aston Villa,0,2754.0,Throw In,Aaron HUGHES,Fulham,,-23.99,33.5,A,121,False,False,0.0
Fulham,Aston Villa,0,2756.5,Foul,Damien DUFF,Fulham,Gabriel AGBONLAHOR,-2.69,28.02,U,-1,False,False,0.0
Fulham,Aston Villa,0,2778.9,Yellow Card,Gabriel AGBONLAHOR,Aston Villa,,9.85,20.11,U,-1,False,False,0.0
Fulham,Aston Villa,0,2799.6,Direct Free Kick Pass,Philippe SENDEROS,Fulham,,-4.13,24.16,A,122,False,False,0.0
Fulham,Aston Villa,0,2801.0,End Of Half,,,,,,U,-1,False,False,0.0
Fulham,Aston Villa,1,0.0,Start Of Half,Darren BENT,Aston Villa,,0.23,-0.26,B,123,False,False,0.0
Fulham,Aston Villa,1,0.7,Pass,Charles N'ZOGBIA,Aston Villa,,1.39,-1.92,B,123,False,False,0.0
Fulham,Aston Villa,1,2.4,Touch,James COLLINS,Aston Villa,,-21.74,8.44,B,123,False,False,0.0
Fulham,Aston Villa,1,3.9,Pass,James COLLINS,Aston Villa,,-21.16,8.18,B,123,False,True,0.0
Fulham,Aston Villa,1,7.0,Ball Out Of Play,,,,21.0,-34.0,U,-1,False,False,0.0
Fulham,Aston Villa,1,19.1,Throw In,Aaron HUGHES,Fulham,,19.03,-33.29,A,124,False,False,0.0
Fulham,Aston Villa,1,20.7,Header,Fabian DELPH,Aston Villa,,0.0,-30.03,A,124,False,False,0.0
Fulham,Aston Villa,1,21.7,Touch,Aaron HUGHES,Fulham,,6.65,-28.26,A,124,False,False,0.0
Fulham,Aston Villa,1,23.2,Pass,Aaron HUGHES,Fulham,,4.47,-28.54,A,124,False,True,0.0
Fulham,Aston Villa,1,25.0,Header,Richard DUNNE,Aston Villa,,-21.55,-22.13,B,125,True,False,0.0
Fulham,Aston Villa,1,27.4,Pass,Stiliyan PETROV,Aston Villa,,-13.62,-10.98,B,125,False,True,0.0
Fulham,Aston Villa,1,30.3,Touch,Brede HANGELAND,Fulham,,18.64,8.88,A,126,True,False,0.0
Fulham,Aston Villa,1,33.8,Touch,Brede HANGELAND,Fulham,,31.37,23.94,A,126,False,False,0.0
Fulham,Aston Villa,1,34.8,Pass,Brede HANGELAND,Fulham,,30.82,25.42,A,126,False,False,0.0
Fulham,Aston Villa,1,36.0,Pass,Danny MURPHY,Fulham,,17.79,17.97,A,126,False,False,0.0
Fulham,Aston Villa,1,37.8,Touch,Philippe SENDEROS,Fulham,,27.67,-3.51,A,126,False,False,0.0
Fulham,Aston Villa,1,40.0,Pass,Philippe SENDEROS,Fulham,,20.09,-8.86,A,126,False,False,0.0
Fulham,Aston Villa,1,41.0,Pass,Dickson ETUHU,Fulham,,12.12,-7.62,A,126,False,False,0.0
Fulham,Aston Villa,1,42.3,Touch,Philippe SENDEROS,Fulham,,13.35,-15.01,A,126,False,False,0.0
Fulham,Aston Villa,1,43.3,Pass,Philippe SENDEROS,Fulham,,11.18,-15.46,A,126,False,False,0.0
Fulham,Aston Villa,1,44.0,Touch,Dickson ETUHU,Fulham,,7.31,-8.22,A,126,False,False,0.0
Fulham,Aston Villa,1,44.5,Touch,Dickson ETUHU,Fulham,,6.51,-8.51,A,126,False,False,0.0
Fulham,Aston Villa,1,45.8,Touch,Dickson ETUHU,Fulham,,4.14,-6.9,A,126,False,False,0.0
Fulham,Aston Villa,1,47.3,Pass,Dickson ETUHU,Fulham,,-2.88,-3.71,A,126,False,False,0.0
Fulham,Aston Villa,1,48.0,Touch,Danny MURPHY,Fulham,,0.65,5.65,A,126,False,False,0.0
Fulham,Aston Villa,1,49.2,Touch,Danny MURPHY,Fulham,,1.49,6.54,A,126,False,False,0.0
Fulham,Aston Villa,1,49.6,Touch,Danny MURPHY,Fulham,,2.25,6.13,A,126,False,False,0.0
Fulham,Aston Villa,1,51.1,Pass,Danny MURPHY,Fulham,,6.29,0.8,A,126,False,False,0.0
Fulham,Aston Villa,1,52.7,Touch,Aaron HUGHES,Fulham,,-2.03,-25.22,A,126,False,False,0.0
Fulham,Aston Villa,1,53.9,Pass,Aaron HUGHES,Fulham,,-2.18,-24.82,A,126,False,False,0.0
Fulham,Aston Villa,1,55.6,Tackle,Andrew JOHNSON,Fulham,Richard DUNNE,-26.42,-13.92,A,126,False,False,0.0
Fulham,Aston Villa,1,56.7,Touch,Damien DUFF,Fulham,,-28.84,-26.49,A,126,False,False,0.0
Fulham,Aston Villa,1,57.2,Touch,Damien DUFF,Fulham,,-29.4,-27.01,A,126,False,False,0.0
Fulham,Aston Villa,1,57.7,Touch,Damien DUFF,Fulham,,-30.12,-26.82,A,126,False,False,0.0
Fulham,Aston Villa,1,59.5,Touch,Damien DUFF,Fulham,,-34.37,-25.05,A,126,False,False,0.0
Fulham,Aston Villa,1,60.4,Dribble,Damien DUFF,Fulham,,-32.894000000000595,-23.25900000000072,A,126,False,False,0.0
Fulham,Aston Villa,1,60.5,Cross,Damien DUFF,Fulham,,-32.73,-23.06,A,126,False,False,0.0
Fulham,Aston Villa,1,61.3,Header,Andrew JOHNSON,Fulham,,-36.86,-10.22,A,126,False,False,0.0
Fulham,Aston Villa,1,62.0,Shot,Bobby ZAMORA,Fulham,,-43.97,-3.31,A,126,False,False,0.2859275820659696
Fulham,Aston Villa,1,62.4,Goalkeeper Save,Shay GIVEN,Aston Villa,,-48.38,-2.0,A,126,False,False,0.0
Fulham,Aston Villa,1,63.7,Header Shot,Clint DEMPSEY,Fulham,,-40.3,1.41,A,126,False,True,0.0540915313163189
Fulham,Aston Villa,1,65.8,Ball Out Of Play,,,,-51.0,-11.0,U,-1,False,False,0.0
Fulham,Aston Villa,1,98.3,Goal Kick,Shay GIVEN,Aston Villa,,-46.04,-7.58,B,127,False,True,0.0
Fulham,Aston Villa,1,101.3,Header,Dickson ETUHU,Fulham,,14.51,-18.22,B,127,True,False,0.0
Fulham,Aston Villa,1,103.6,Foul,Damien DUFF,Fulham,Stephen WARNOCK,2.22,-27.75,U,-1,False,False,0.0
Fulham,Aston Villa,1,120.5,Direct Free Kick Pass,Philippe SENDEROS,Fulham,,8.21,-27.26,A,128,False,False,0.0
Fulham,Aston Villa,1,122.4,Touch,Dickson ETUHU,Fulham,,-0.82,-17.36,A,128,False,False,0.0
Fulham,Aston Villa,1,123.0,Pass,Dickson ETUHU,Fulham,,-1.46,-16.66,A,128,False,False,0.0
Fulham,Aston Villa,1,123.9,Touch,Brede HANGELAND,Fulham,,9.77,9.62,A,128,False,False,0.0
Fulham,Aston Villa,1,126.9,Touch,Brede HANGELAND,Fulham,,4.39,23.72,A,128,False,False,0.0
Fulham,Aston Villa,1,127.9,Touch,Brede HANGELAND,Fulham,,1.37,25.47,A,128,False,False,0.0
Fulham,Aston Villa,1,129.4,Pass,Brede HANGELAND,Fulham,,-1.25,24.49,A,128,False,True,0.0
Fulham,Aston Villa,1,132.1,Ball Out Of Play,,,,-51.0,25.0,U,-1,False,False,0.0
Fulham,Aston Villa,1,160.8,Goal Kick,Shay GIVEN,Aston Villa,,-45.63,-7.51,B,129,False,False,0.0
Fulham,Aston Villa,1,164.1,Header,Dickson ETUHU,Fulham,,12.46,-21.17,B,129,False,False,0.0
Fulham,Aston Villa,1,167.9,Ball Out Of Play,,,,-18.0,-34.0,U,-1,False,False,0.0
Fulham,Aston Villa,1,181.3,Throw In,Stephen WARNOCK,Aston Villa,,-11.81,-33.5,B,130,False,False,0.0
Fulham,Aston Villa,1,182.5,Touch,Richard DUNNE,Aston Villa,,-29.69,-30.34,B,130,False,False,0.0
Fulham,Aston Villa,1,184.8,Touch,Richard DUNNE,Aston Villa,,-28.66,-27.44,B,130,False,False,0.0
Fulham,Aston Villa,1,186.4,Pass,Richard DUNNE,Aston Villa,,-24.14,-22.76,B,130,False,False,0.0
Fulham,Aston Villa,1,189.6,Header,Darren BENT,Aston Villa,,24.46,-16.88,B,130,False,True,0.0
Fulham,Aston Villa,1,192.7,Goalkeeper Pick Up,Mark SCHWARZER,Fulham,,45.89,-12.24,A,131,True,False,0.0
Fulham,Aston Villa,1,194.3,Goalkeeper Throw,Mark SCHWARZER,Fulham,,46.5,-10.34,A,131,False,False,0.0
Fulham,Aston Villa,1,196.6,Touch,John ARNE RIISE,Fulham,,28.56,25.22,A,131,False,False,0.0
Fulham,Aston Villa,1,198.1,Pass,John ARNE RIISE,Fulham,,28.34,25.95,A,131,False,False,0.0
Fulham,Aston Villa,1,199.4,Touch,Brede HANGELAND,Fulham,,34.44,14.35,A,131,False,False,0.0
Fulham,Aston Villa,1,201.6,Touch,Brede HANGELAND,Fulham,,23.52,16.21,A,131,False,False,0.0
Fulham,Aston Villa,1,202.8,Touch,Brede HANGELAND,Fulham,,19.35,16.22,A,131,False,False,0.0
Fulham,Aston Villa,1,203.5,Pass,Brede HANGELAND,Fulham,,18.88,16.77,A,131,False,False,0.0
Fulham,Aston Villa,1,204.6,Touch,John ARNE RIISE,Fulham,,20.5,28.76,A,131,False,False,0.0
Fulham,Aston Villa,1,205.4,Pass,John ARNE RIISE,Fulham,,20.81,28.78,A,131,False,False,0.0
Fulham,Aston Villa,1,207.6,Header,James COLLINS,Aston Villa,,-11.28,12.93,A,131,False,False,0.0
Fulham,Aston Villa,1,209.7,Pass,Danny MURPHY,Fulham,,8.45,9.33,A,131,False,False,0.0
Fulham,Aston Villa,1,211.9,Pass,Dickson ETUHU,Fulham,,6.11,-9.78,A,131,False,False,0.0
Fulham,Aston Villa,1,212.9,Touch,Aaron HUGHES,Fulham,,13.74,-20.28,A,131,False,False,0.0
Fulham,Aston Villa,1,214.4,Touch,Aaron HUGHES,Fulham,,13.87,-20.47,A,131,False,False,0.0
Fulham,Aston Villa,1,215.0,Pass,Aaron HUGHES,Fulham,,13.08,-20.59,A,131,False,False,0.0
Fulham,Aston Villa,1,215.9,Touch,Dickson ETUHU,Fulham,,10.07,-14.9,A,131,False,False,0.0
Fulham,Aston Villa,1,216.4,Touch,Dickson ETUHU,Fulham,,9.64,-14.35,A,131,False,False,0.0
Fulham,Aston Villa,1,217.5,Pass,Dickson ETUHU,Fulham,,7.8,-11.88,A,131,False,False,0.0
Fulham,Aston Villa,1,218.8,Touch,Danny MURPHY,Fulham,,6.92,6.86,A,131,False,False,0.0
Fulham,Aston Villa,1,219.6,Pass,Danny MURPHY,Fulham,,7.32,7.34,A,131,False,False,0.0
Fulham,Aston Villa,1,220.7,Touch,Clint DEMPSEY,Fulham,,-7.54,12.25,A,131,False,False,0.0
Fulham,Aston Villa,1,221.9,Touch,Clint DEMPSEY,Fulham,,-4.88,14.62,A,131,False,False,0.0
Fulham,Aston Villa,1,224.0,Touch,Clint DEMPSEY,Fulham,,-7.76,22.93,A,131,False,False,0.0
Fulham,Aston Villa,1,224.7,Touch,Clint DEMPSEY,Fulham,,-9.78,24.54,A,131,False,False,0.0
Fulham,Aston Villa,1,225.1,Touch,Clint DEMPSEY,Fulham,,-10.43,24.93,A,131,False,False,0.0
Fulham,Aston Villa,1,225.6,Touch,Clint DEMPSEY,Fulham,,-10.41,24.72,A,131,False,False,0.0
Fulham,Aston Villa,1,226.6,Pass,Clint DEMPSEY,Fulham,,-9.08,20.96,A,131,False,False,0.0
Fulham,Aston Villa,1,227.9,Touch,Damien DUFF,Fulham,,-21.61,12.1,A,131,False,False,0.0
Fulham,Aston Villa,1,228.4,Touch,Damien DUFF,Fulham,,-21.82,13.92,A,131,False,False,0.0
Fulham,Aston Villa,1,228.9,Touch,Damien DUFF,Fulham,,-21.91,16.33,A,131,False,False,0.0
Fulham,Aston Villa,1,229.8,Pass,Damien DUFF,Fulham,,-23.95,21.63,A,131,False,False,0.0
Fulham,Aston Villa,1,230.6,Touch,John ARNE RIISE,Fulham,,-24.53,30.4,A,131,False,False,0.0
Fulham,Aston Villa,1,231.2,Pass,John ARNE RIISE,Fulham,,-24.08,30.51,A,131,False,False,0.0
Fulham,Aston Villa,1,232.5,Touch,Damien DUFF,Fulham,,-36.18,30.47,A,131,False,False,0.0
Fulham,Aston Villa,1,232.9,Touch,Damien DUFF,Fulham,,-36.69,30.99,A,131,False,False,0.0
Fulham,Aston Villa,1,233.3,Touch,Damien DUFF,Fulham,,-36.6,31.15,A,131,False,False,0.0
Fulham,Aston Villa,1,235.5,Touch,Damien DUFF,Fulham,,-31.7,30.86,A,131,False,False,0.0
Fulham,Aston Villa,1,235.8,Touch,Damien DUFF,Fulham,,-31.83,30.93,A,131,False,False,0.0
Fulham,Aston Villa,1,236.4,Touch,Damien DUFF,Fulham,,-33.03,31.31,A,131,False,False,0.0
Fulham,Aston Villa,1,237.8,Dribble,Damien DUFF,Fulham,,-39.75933333333159,31.235333333333354,A,131,False,False,0.0
Fulham,Aston Villa,1,237.9,Cross,Damien DUFF,Fulham,,-40.24,31.23,A,131,False,False,0.0
Fulham,Aston Villa,1,239.8,Goalkeeper Punch,Shay GIVEN,Aston Villa,,-46.09,-1.31,A,131,False,False,0.0
Fulham,Aston Villa,1,241.9,Pass,Aaron HUGHES,Fulham,,-37.15,-9.79,A,131,False,False,0.0
Fulham,Aston Villa,1,243.1,Shot,Dickson ETUHU,Fulham,,-25.93,-4.13,A,131,False,False,0.0259595744748455
Fulham,Aston Villa,1,243.4,Block,Stiliyan PETROV,Aston Villa,,-32.24,-2.96,A,131,False,False,0.0
Fulham,Aston Villa,1,246.4,Pass,Danny MURPHY,Fulham,,-14.61,9.69,A,131,False,False,0.0
Fulham,Aston Villa,1,248.5,Touch,Brede HANGELAND,Fulham,,3.18,19.78,A,131,False,False,0.0
Fulham,Aston Villa,1,250.1,Touch,Brede HANGELAND,Fulham,,3.17,17.67,A,131,False,False,0.0
Fulham,Aston Villa,1,252.0,Pass,Brede HANGELAND,Fulham,,-2.77,17.68,A,131,False,False,0.0
Fulham,Aston Villa,1,253.1,Pass,Damien DUFF,Fulham,,-22.43,18.26,A,131,False,False,0.0
Fulham,Aston Villa,1,254.2,Touch,John ARNE RIISE,Fulham,,-25.98,28.96,A,131,False,False,0.0
Fulham,Aston Villa,1,256.3,Cross,John ARNE RIISE,Fulham,,-36.66,27.81,A,131,False,False,0.0
Fulham,Aston Villa,1,258.1,Header Shot,Bobby ZAMORA,Fulham,,-42.91,-5.24,A,131,False,True,0.0514534528391787
Fulham,Aston Villa,1,258.9,Goalkeeper Save Catch,Shay GIVEN,Aston Villa,,-49.52,-1.81,B,132,True,False,0.0
Fulham,Aston Villa,1,264.1,Goalkeeper Kick,Shay GIVEN,Aston Villa,,-35.75,-6.09,B,132,False,True,0.0
Fulham,Aston Villa,1,269.3,Goalkeeper Pick Up,Mark SCHWARZER,Fulham,,37.68,-5.85,A,133,True,False,0.0
Fulham,Aston Villa,1,270.3,Goalkeeper Throw,Mark SCHWARZER,Fulham,,36.3,-3.35,A,133,False,False,0.0
Fulham,Aston Villa,1,272.2,Touch,Brede HANGELAND,Fulham,,30.1,10.71,A,133,False,False,0.0
Fulham,Aston Villa,1,274.7,Touch,Brede HANGELAND,Fulham,,22.77,13.71,A,133,False,False,0.0
Fulham,Aston Villa,1,275.4,Touch,Brede HANGELAND,Fulham,,17.68,14.99,A,133,False,False,0.0
Fulham,Aston Villa,1,276.4,Touch,Brede HANGELAND,Fulham,,12.97,16.37,A,133,False,False,0.0
Fulham,Aston Villa,1,277.2,Pass,Brede HANGELAND,Fulham,,11.02,16.63,A,133,False,False,0.0
Fulham,Aston Villa,1,277.9,Touch,John ARNE RIISE,Fulham,,-20.51,25.34,A,133,False,False,0.0
Fulham,Aston Villa,1,278.4,Pass,John ARNE RIISE,Fulham,,-24.33,24.23,A,133,False,True,0.0
Fulham,Aston Villa,1,280.3,Goalkeeper Catch,Shay GIVEN,Aston Villa,,-36.0,14.53,B,134,True,False,0.0
Fulham,Aston Villa,1,281.8,Goalkeeper Throw,Shay GIVEN,Aston Villa,,-36.27,17.13,B,134,False,False,0.0
Fulham,Aston Villa,1,283.1,Touch,Charles N'ZOGBIA,Aston Villa,,-19.78,26.93,B,134,False,False,0.0
Fulham,Aston Villa,1,283.7,Touch,Charles N'ZOGBIA,Aston Villa,,-18.51,26.94,B,134,False,False,0.0
Fulham,Aston Villa,1,284.7,Touch,Charles N'ZOGBIA,Aston Villa,,-14.46,26.91,B,134,False,False,0.0
Fulham,Aston Villa,1,285.2,Pass,Charles N'ZOGBIA,Aston Villa,,-12.17,26.56,B,134,False,False,0.0
Fulham,Aston Villa,1,286.3,Touch,Stiliyan PETROV,Aston Villa,,-8.36,18.27,B,134,False,False,0.0
Fulham,Aston Villa,1,286.8,Touch,Stiliyan PETROV,Aston Villa,,-7.57,18.67,B,134,False,False,0.0
Fulham,Aston Villa,1,288.1,Pass,Stiliyan PETROV,Aston Villa,,-4.28,17.99,B,134,False,True,0.0
Fulham,Aston Villa,1,293.2,Ball Out Of Play,,,,51.0,27.0,U,-1,False,False,0.0
Fulham,Aston Villa,1,307.7,Goal Kick,Mark SCHWARZER,Fulham,,45.52,0.44,A,135,False,False,0.0
Fulham,Aston Villa,1,309.4,Touch,Philippe SENDEROS,Fulham,,27.61,-21.08,A,135,False,False,0.0
Fulham,Aston Villa,1,310.4,Pass,Philippe SENDEROS,Fulham,,25.76,-20.55,A,135,False,False,0.0
Fulham,Aston Villa,1,311.5,Touch,Dickson ETUHU,Fulham,,15.44,-16.18,A,135,False,False,0.0
Fulham,Aston Villa,1,312.8,Pass,Dickson ETUHU,Fulham,,13.24,-14.68,A,135,False,False,0.0
Fulham,Aston Villa,1,314.3,Touch,Brede HANGELAND,Fulham,,22.62,7.57,A,135,False,False,0.0
Fulham,Aston Villa,1,315.5,Pass,Brede HANGELAND,Fulham,,20.01,9.89,A,135,False,False,0.0
Fulham,Aston Villa,1,316.7,Touch,Danny MURPHY,Fulham,,8.48,17.78,A,135,False,False,0.0
Fulham,Aston Villa,1,317.2,Touch,Danny MURPHY,Fulham,,8.6,17.75,A,135,False,False,0.0
Fulham,Aston Villa,1,318.1,Touch,Danny MURPHY,Fulham,,5.75,17.32,A,135,False,False,0.0
Fulham,Aston Villa,1,319.7,Touch,Danny MURPHY,Fulham,,4.07,16.14,A,135,False,False,0.0
Fulham,Aston Villa,1,320.6,Pass,Danny MURPHY,Fulham,,3.95,15.47,A,135,False,False,0.0
Fulham,Aston Villa,1,321.8,Touch,John ARNE RIISE,Fulham,,-14.91,32.04,A,135,False,False,0.0
Fulham,Aston Villa,1,322.8,Pass,John ARNE RIISE,Fulham,,-13.71,31.71,A,135,False,False,0.0
Fulham,Aston Villa,1,324.7,Clearance,James COLLINS,Aston Villa,,-26.16,23.92,A,135,False,False,0.0
Fulham,Aston Villa,1,325.3,Ball Out Of Play,,,,-24.0,34.0,U,-1,False,False,0.0
Fulham,Aston Villa,1,341.9,Throw In,John ARNE RIISE,Fulham,,-19.97,33.5,A,136,False,False,0.0
Fulham,Aston Villa,1,344.5,Tackle,Clint DEMPSEY,Fulham,James COLLINS,-26.88,9.77,A,136,False,False,0.0
Fulham,Aston Villa,1,345.5,Touch,Dickson ETUHU,Fulham,,-14.1,10.3,A,136,False,False,0.0
Fulham,Aston Villa,1,346.3,Pass,Dickson ETUHU,Fulham,,-14.11,9.37,A,136,False,False,0.0
Fulham,Aston Villa,1,347.3,Pass,Damien DUFF,Fulham,,-18.38,-0.25,A,136,False,False,0.0
Fulham,Aston Villa,1,349.4,Pass,Aaron HUGHES,Fulham,,-16.68,-15.74,A,136,False,False,0.0
Fulham,Aston Villa,1,350.3,Touch,Damien DUFF,Fulham,,-13.0,-10.79,A,136,False,False,0.0
Fulham,Aston Villa,1,351.3,Touch,Damien DUFF,Fulham,,-12.66,-12.53,A,136,False,False,0.0
Fulham,Aston Villa,1,352.1,Touch,Damien DUFF,Fulham,,-14.33,-13.03,A,136,False,False,0.0
Fulham,Aston Villa,1,352.3,Touch,Damien DUFF,Fulham,,-15.06,-13.35,A,136,False,False,0.0
Fulham,Aston Villa,1,352.8,Touch,Damien DUFF,Fulham,,-17.08,-15.17,A,136,False,False,0.0
Fulham,Aston Villa,1,354.0,Pass,Damien DUFF,Fulham,,-23.44,-19.7,A,136,False,False,0.0
Fulham,Aston Villa,1,355.3,Touch,Aaron HUGHES,Fulham,,-25.05,-29.77,A,136,False,False,0.0
Fulham,Aston Villa,1,356.5,Pass,Aaron HUGHES,Fulham,,-25.27,-30.21,A,136,False,False,0.0
Fulham,Aston Villa,1,358.5,Pass,Dickson ETUHU,Fulham,,-11.82,-12.31,A,136,False,False,0.0
Fulham,Aston Villa,1,360.1,Touch,Andrew JOHNSON,Fulham,,-25.86,-5.59,A,136,False,False,0.0
Fulham,Aston Villa,1,360.5,Touch,Andrew JOHNSON,Fulham,,-25.49,-5.51,A,136,False,False,0.0
Fulham,Aston Villa,1,361.3,Touch,Andrew JOHNSON,Fulham,,-25.21,-3.85,A,136,False,False,0.0
Fulham,Aston Villa,1,362.1,Pass,Andrew JOHNSON,Fulham,,-24.87,-2.03,A,136,False,False,0.0
Fulham,Aston Villa,1,362.7,Touch,Clint DEMPSEY,Fulham,,-26.89,5.58,A,136,False,False,0.0
Fulham,Aston Villa,1,363.6,Pass,Clint DEMPSEY,Fulham,,-27.57,6.37,A,136,False,False,0.0
Fulham,Aston Villa,1,365.0,Clearance,Richard DUNNE,Aston Villa,,-41.13,5.55,A,136,False,False,0.0
Fulham,Aston Villa,1,366.4,Ball Out Of Play,,,,-44.0,34.0,U,-1,False,False,0.0
Fulham,Aston Villa,1,392.6,Throw In,John ARNE RIISE,Fulham,,-40.32,33.5,A,137,False,False,0.0
Fulham,Aston Villa,1,394.5,Header,James COLLINS,Aston Villa,,-43.31,5.7,A,137,False,False,0.0
Fulham,Aston Villa,1,398.0,Ball Out Of Play,,,,-23.0,34.0,U,-1,False,False,0.0
Fulham,Aston Villa,1,410.4,Throw In,John ARNE RIISE,Fulham,,-20.78,33.5,A,138,False,False,0.0
Fulham,Aston Villa,1,412.6,Header,James COLLINS,Aston Villa,,-39.38,8.79,A,138,False,False,0.0
Fulham,Aston Villa,1,415.4,Pass,Danny MURPHY,Fulham,,-14.7,1.83,A,138,False,False,0.0
Fulham,Aston Villa,1,417.5,Touch,Aaron HUGHES,Fulham,,-10.82,-15.21,A,138,False,False,0.0
Fulham,Aston Villa,1,418.7,Pass,Aaron HUGHES,Fulham,,-15.21,-17.42,A,138,False,False,0.0
Fulham,Aston Villa,1,420.6,Header,Brede HANGELAND,Fulham,,-32.26,6.26,A,138,False,False,0.0
Fulham,Aston Villa,1,422.7,Header,Richard DUNNE,Aston Villa,,-35.53,0.22,A,138,False,False,0.0
Fulham,Aston Villa,1,424.3,Touch,Dickson ETUHU,Fulham,,-16.09,2.83,A,138,False,False,0.0
Fulham,Aston Villa,1,424.9,Pass,Dickson ETUHU,Fulham,,-15.97,3.22,A,138,False,False,0.0
Fulham,Aston Villa,1,425.6,Pass,Damien DUFF,Fulham,,-22.38,7.8,A,138,False,False,0.0
Fulham,Aston Villa,1,426.5,Touch,John ARNE RIISE,Fulham,,-20.61,19.98,A,138,False,False,0.0
Fulham,Aston Villa,1,427.6,Touch,John ARNE RIISE,Fulham,,-19.33,23.01,A,138,False,False,0.0
Fulham,Aston Villa,1,429.5,Pass,John ARNE RIISE,Fulham,,-21.8,24.54,A,138,False,False,0.0
Fulham,Aston Villa,1,431.0,Cross,Damien DUFF,Fulham,,-35.7,29.64,A,138,False,False,0.0
Fulham,Aston Villa,1,433.2,Header,Richard DUNNE,Aston Villa,,-40.94,-5.51,A,138,False,False,0.0
Fulham,Aston Villa,1,435.5,Header,Danny MURPHY,Fulham,,-29.46,-3.78,A,138,False,False,0.0
Fulham,Aston Villa,1,437.0,Touch,Bobby ZAMORA,Fulham,,-36.12,-9.91,A,138,False,False,0.0
Fulham,Aston Villa,1,438.6,Pass,Bobby ZAMORA,Fulham,,-34.39,-11.86,A,138,False,False,0.0
Fulham,Aston Villa,1,439.1,Touch,Andrew JOHNSON,Fulham,,-38.01,-18.6,A,138,False,False,0.0
Fulham,Aston Villa,1,440.2,Touch,Andrew JOHNSON,Fulham,,-39.92,-18.0,A,138,False,False,0.0
Fulham,Aston Villa,1,440.6,Touch,Andrew JOHNSON,Fulham,,-40.33,-17.87,A,138,False,False,0.0
Fulham,Aston Villa,1,441.5,Dribble,Andrew JOHNSON,Fulham,,-42.795999999999005,-18.256999999999845,A,138,False,False,0.0
Fulham,Aston Villa,1,441.6,Cross,Andrew JOHNSON,Fulham,,-43.07,-18.3,A,138,False,True,0.0
Fulham,Aston Villa,1,445.3,Ball Out Of Play,,,,-51.0,25.0,U,-1,False,False,0.0
Fulham,Aston Villa,1,476.0,Goal Kick,Shay GIVEN,Aston Villa,,-45.94,-7.26,B,139,False,False,0.0
Fulham,Aston Villa,1,479.2,Header,Emile HESKEY,Aston Villa,,13.23,-23.16,B,139,False,True,0.0
Fulham,Aston Villa,1,481.1,Ball Out Of Play,,,,25.0,-34.0,U,-1,False,False,0.0
Fulham,Aston Villa,1,497.1,Throw In,Aaron HUGHES,Fulham,,29.8,-33.5,A,140,False,False,0.0
Fulham,Aston Villa,1,499.6,Pass,Stephen WARNOCK,Aston Villa,,6.96,-29.95,A,140,False,False,0.0
Fulham,Aston Villa,1,500.6,Tackle,Emile HESKEY,Aston Villa,Dickson ETUHU,16.96,-22.88,A,140,False,False,0.0
Fulham,Aston Villa,1,501.0,Touch,Aaron HUGHES,Fulham,,22.16,-24.28,A,140,False,False,0.0
Fulham,Aston Villa,1,502.3,Pass,Aaron HUGHES,Fulham,,21.38,-23.37,A,140,False,True,0.0
Fulham,Aston Villa,1,507.1,Pass,Richard DUNNE,Aston Villa,,-26.63,-18.94,B,141,True,False,0.0
Fulham,Aston Villa,1,509.8,Touch,Shay GIVEN,Aston Villa,,-43.1,-3.14,B,141,False,False,0.0
Fulham,Aston Villa,1,511.5,Touch,Shay GIVEN,Aston Villa,,-41.77,-1.76,B,141,False,False,0.0
Fulham,Aston Villa,1,513.8,Touch,Shay GIVEN,Aston Villa,,-41.14,-1.19,B,141,False,False,0.0
Fulham,Aston Villa,1,517.8,Touch,Shay GIVEN,Aston Villa,,-40.3,1.51,B,141,False,False,0.0
Fulham,Aston Villa,1,523.3,Pass,Shay GIVEN,Aston Villa,,-37.85,-0.35,B,141,False,False,0.0
Fulham,Aston Villa,1,525.2,Header,Clint DEMPSEY,Fulham,,4.81,15.34,B,141,False,False,0.0
Fulham,Aston Villa,1,527.6,Header,James COLLINS,Aston Villa,,-8.85,7.64,B,141,False,False,0.0
Fulham,Aston Villa,1,530.4,Touch,Luke YOUNG,Aston Villa,,-16.09,25.62,B,141,False,False,0.0
Fulham,Aston Villa,1,532.3,Pass,Luke YOUNG,Aston Villa,,-11.73,29.12,B,141,False,False,0.0
Fulham,Aston Villa,1,534.4,Touch,James COLLINS,Aston Villa,,-11.29,11.94,B,141,False,False,0.0
Fulham,Aston Villa,1,535.4,Pass,James COLLINS,Aston Villa,,-12.3,12.46,B,141,False,False,0.0
Fulham,Aston Villa,1,536.4,Touch,Fabian DELPH,Aston Villa,,0.35,1.31,B,141,False,False,0.0
Fulham,Aston Villa,1,537.6,Pass,Fabian DELPH,Aston Villa,,-1.79,4.07,B,141,False,False,0.0
Fulham,Aston Villa,1,538.9,Touch,James COLLINS,Aston Villa,,-15.73,15.14,B,141,False,False,0.0
Fulham,Aston Villa,1,540.0,Pass,James COLLINS,Aston Villa,,-15.36,17.55,B,141,False,False,0.0
Fulham,Aston Villa,1,541.1,Touch,Luke YOUNG,Aston Villa,,-5.52,30.51,B,141,False,False,0.0
Fulham,Aston Villa,1,542.1,Pass,Luke YOUNG,Aston Villa,,-7.2,30.47,B,141,False,False,0.0
Fulham,Aston Villa,1,542.2,Block,Clint DEMPSEY,Fulham,,-3.5,29.33,B,141,False,False,0.0
Fulham,Aston Villa,1,543.9,Ball Out Of Play,,,,7.0,34.0,U,-1,False,False,0.0
Fulham,Aston Villa,1,552.8,Throw In,Luke YOUNG,Aston Villa,,5.98,33.5,B,142,False,False,0.0
Fulham,Aston Villa,1,553.9,Pass,Stiliyan PETROV,Aston Villa,,7.35,26.74,B,142,False,False,0.0
Fulham,Aston Villa,1,554.8,Touch,Luke YOUNG,Aston Villa,,2.55,31.68,B,142,False,False,0.0
Fulham,Aston Villa,1,556.8,Pass,Luke YOUNG,Aston Villa,,-0.24,29.28,B,142,False,False,0.0
Fulham,Aston Villa,1,557.7,Touch,James COLLINS,Aston Villa,,-11.1,20.38,B,142,False,False,0.0
Fulham,Aston Villa,1,559.2,Touch,James COLLINS,Aston Villa,,-12.74,24.94,B,142,False,False,0.0
Fulham,Aston Villa,1,560.4,Pass,James COLLINS,Aston Villa,,-18.29,27.03,B,142,False,False,0.0
Fulham,Aston Villa,1,563.1,Pass,Shay GIVEN,Aston Villa,,-38.86,4.73,B,142,False,False,0.0
Fulham,Aston Villa,1,564.7,Touch,Richard DUNNE,Aston Villa,,-27.43,-8.52,B,142,False,False,0.0
Fulham,Aston Villa,1,566.9,Touch,Richard DUNNE,Aston Villa,,-24.76,-7.33,B,142,False,False,0.0
Fulham,Aston Villa,1,568.7,Pass,Richard DUNNE,Aston Villa,,-18.47,-12.29,B,142,False,False,0.0
Fulham,Aston Villa,1,569.7,Pass,Stephen WARNOCK,Aston Villa,,-15.04,-25.81,B,142,False,False,0.0
Fulham,Aston Villa,1,570.8,Touch,Richard DUNNE,Aston Villa,,-17.48,-17.97,B,142,False,False,0.0
Fulham,Aston Villa,1,571.6,Touch,Richard DUNNE,Aston Villa,,-17.51,-17.83,B,142,False,False,0.0
Fulham,Aston Villa,1,572.9,Pass,Richard DUNNE,Aston Villa,,-15.86,-15.66,B,142,False,True,0.0
Fulham,Aston Villa,1,575.5,Touch,Brede HANGELAND,Fulham,,26.92,-4.23,A,143,True,False,0.0
Fulham,Aston Villa,1,577.6,Pass,Brede HANGELAND,Fulham,,18.0,-1.8,A,143,False,False,0.0
Fulham,Aston Villa,1,580.7,Pass,Dickson ETUHU,Fulham,,12.33,-31.38,A,143,False,False,0.0
Fulham,Aston Villa,1,581.3,Touch,Damien DUFF,Fulham,,5.56,-28.83,A,143,False,False,0.0
Fulham,Aston Villa,1,583.2,Pass,Damien DUFF,Fulham,,8.43,-22.73,A,143,False,False,0.0
Fulham,Aston Villa,1,584.3,Touch,Aaron HUGHES,Fulham,,18.26,-25.58,A,143,False,False,0.0
Fulham,Aston Villa,1,585.7,Pass,Aaron HUGHES,Fulham,,16.63,-25.82,A,143,False,False,0.0
Fulham,Aston Villa,1,587.4,Touch,Philippe SENDEROS,Fulham,,19.08,-13.13,A,143,False,False,0.0
Fulham,Aston Villa,1,588.3,Pass,Philippe SENDEROS,Fulham,,15.71,-13.85,A,143,False,False,0.0
Fulham,Aston Villa,1,589.1,Touch,Dickson ETUHU,Fulham,,9.08,-17.21,A,143,False,False,0.0
Fulham,Aston Villa,1,589.7,Touch,Dickson ETUHU,Fulham,,8.39,-17.8,A,143,False,False,0.0
Fulham,Aston Villa,1,590.4,Pass,Dickson ETUHU,Fulham,,8.19,-18.71,A,143,False,False,0.0
Fulham,Aston Villa,1,591.6,Pass,Aaron HUGHES,Fulham,,17.63,-24.4,A,143,False,False,0.0
Fulham,Aston Villa,1,593.5,Pass,Philippe SENDEROS,Fulham,,27.68,-12.8,A,143,False,False,0.0
Fulham,Aston Villa,1,595.7,Touch,Brede HANGELAND,Fulham,,28.72,11.45,A,143,False,False,0.0
Fulham,Aston Villa,1,597.1,Pass,Brede HANGELAND,Fulham,,24.34,13.83,A,143,False,False,0.0
Fulham,Aston Villa,1,598.1,Touch,Clint DEMPSEY,Fulham,,11.55,15.64,A,143,False,False,0.0
Fulham,Aston Villa,1,599.3,Touch,Clint DEMPSEY,Fulham,,14.0,16.92,A,143,False,False,0.0
Fulham,Aston Villa,1,600.4,Touch,Clint DEMPSEY,Fulham,,15.95,20.07,A,143,False,False,0.0
Fulham,Aston Villa,1,601.5,Pass,Clint DEMPSEY,Fulham,,15.94,22.24,A,143,False,False,0.0
Fulham,Aston Villa,1,602.6,Touch,Brede HANGELAND,Fulham,,13.69,12.51,A,143,False,False,0.0
Fulham,Aston Villa,1,604.4,Pass,Brede HANGELAND,Fulham,,10.41,14.52,A,143,False,False,0.0
Fulham,Aston Villa,1,605.8,Touch,Bobby ZAMORA,Fulham,,-10.69,14.9,A,143,False,False,0.0
Fulham,Aston Villa,1,607.0,Touch,Bobby ZAMORA,Fulham,,-17.66,13.0,A,143,False,False,0.0
Fulham,Aston Villa,1,607.6,Pass,Bobby ZAMORA,Fulham,,-20.29,11.92,A,143,False,True,0.0
Fulham,Aston Villa,1,607.7,Offside,Andrew JOHNSON,Fulham,,-27.99,17.7,U,-1,False,False,0.0
Fulham,Aston Villa,1,626.6,Indirect Free Kick Pass,Shay GIVEN,Aston Villa,,-34.84,12.53,B,144,False,False,0.0
Fulham,Aston Villa,1,629.3,Header,Gabriel AGBONLAHOR,Aston Villa,,14.98,-12.12,B,144,False,False,0.0
Fulham,Aston Villa,1,631.9,Clearance,Philippe SENDEROS,Fulham,,38.76,-13.43,B,144,False,False,0.0
Fulham,Aston Villa,1,633.4,Ball Out Of Play,,,,21.0,-34.0,U,-1,False,False,0.0
Fulham,Aston Villa,1,638.0,Throw In,Stephen WARNOCK,Aston Villa,,19.54,-33.38,B,145,False,False,0.0
Fulham,Aston Villa,1,639.2,Touch,Fabian DELPH,Aston Villa,,20.41,-20.82,B,145,False,False,0.0
Fulham,Aston Villa,1,640.2,Touch,Fabian DELPH,Aston Villa,,22.41,-22.61,B,145,False,False,0.0
Fulham,Aston Villa,1,641.9,Cross,Fabian DELPH,Aston Villa,,23.87,-22.41,B,145,False,True,0.0
Fulham,Aston Villa,1,643.7,Goalkeeper Catch,Mark SCHWARZER,Fulham,,43.7,-0.07,A,146,True,False,0.0
Fulham,Aston Villa,1,645.5,Goalkeeper Throw,Mark SCHWARZER,Fulham,,36.17,1.11,A,146,False,False,0.0
Fulham,Aston Villa,1,647.2,Touch,John ARNE RIISE,Fulham,,34.55,22.31,A,146,False,False,0.0
Fulham,Aston Villa,1,649.7,Pass,John ARNE RIISE,Fulham,,31.53,25.38,A,146,False,False,0.0
Fulham,Aston Villa,1,650.8,Touch,Brede HANGELAND,Fulham,,28.13,16.31,A,146,False,False,0.0
Fulham,Aston Villa,1,652.1,Pass,Brede HANGELAND,Fulham,,30.89,19.42,A,146,False,False,0.0
Fulham,Aston Villa,1,653.0,Touch,John ARNE RIISE,Fulham,,33.18,27.47,A,146,False,False,0.0
Fulham,Aston Villa,1,653.7,Foul,John ARNE RIISE,Fulham,Charles N'ZOGBIA,32.96,27.21,U,-1,False,False,0.0
Fulham,Aston Villa,1,678.8,Direct Free Kick Pass,Mark SCHWARZER,Fulham,,28.36,29.89,A,147,False,False,0.0
Fulham,Aston Villa,1,682.0,Header,Luke YOUNG,Aston Villa,,-30.88,27.38,A,147,False,False,0.0
Fulham,Aston Villa,1,684.0,Header,Clint DEMPSEY,Fulham,,-31.22,25.61,A,147,False,False,0.0
Fulham,Aston Villa,1,685.8,Pass,Andrew JOHNSON,Fulham,,-31.19,13.68,A,147,False,True,0.0
Fulham,Aston Villa,1,687.3,Ball Out Of Play,,,,-28.0,34.0,U,-1,False,False,0.0
Fulham,Aston Villa,1,698.0,Throw In,Luke YOUNG,Aston Villa,,-20.29,33.5,B,148,False,False,0.0
Fulham,Aston Villa,1,699.9,Pass,Emile HESKEY,Aston Villa,,0.9,30.18,B,148,False,False,0.0
Fulham,Aston Villa,1,700.6,Touch,Charles N'ZOGBIA,Aston Villa,,-1.31,31.14,B,148,False,False,0.0
Fulham,Aston Villa,1,701.0,Touch,Charles N'ZOGBIA,Aston Villa,,0.51,31.38,B,148,False,False,0.0
Fulham,Aston Villa,1,701.2,Tackle,Charles N'ZOGBIA,Aston Villa,John ARNE RIISE,1.13,31.46,B,148,False,False,0.0
Fulham,Aston Villa,1,701.6,Touch,Charles N'ZOGBIA,Aston Villa,,1.67,31.54,B,148,False,False,0.0
Fulham,Aston Villa,1,702.2,Touch,Charles N'ZOGBIA,Aston Villa,,2.06,31.45,B,148,False,False,0.0
Fulham,Aston Villa,1,702.4,Pass,Charles N'ZOGBIA,Aston Villa,,2.17,31.28,B,148,False,True,0.0
Fulham,Aston Villa,1,703.2,Pass,Danny MURPHY,Fulham,,4.15,28.57,A,149,True,False,0.0
Fulham,Aston Villa,1,703.9,Touch,Clint DEMPSEY,Fulham,,0.39,30.75,A,149,False,True,0.0
Fulham,Aston Villa,1,704.9,Foul,Clint DEMPSEY,Fulham,Emile HESKEY,-2.84,29.94,U,-1,False,False,0.0
Fulham,Aston Villa,1,715.8,Yellow Card,Emile HESKEY,Aston Villa,,-6.2,28.22,U,-1,False,False,0.0
Fulham,Aston Villa,1,761.9,Indirect Free Kick Pass,Shay GIVEN,Aston Villa,,-34.11,16.31,B,150,False,True,0.0
Fulham,Aston Villa,1,765.5,Header,Brede HANGELAND,Fulham,,28.0,4.76,A,151,True,False,0.0
Fulham,Aston Villa,1,767.3,Pass,Clint DEMPSEY,Fulham,,19.89,12.63,A,151,False,False,0.0
Fulham,Aston Villa,1,767.8,Touch,Danny MURPHY,Fulham,,20.22,8.34,A,151,False,False,0.0
Fulham,Aston Villa,1,768.9,Touch,Danny MURPHY,Fulham,,18.0,6.65,A,151,False,False,0.0
Fulham,Aston Villa,1,770.1,Pass,Danny MURPHY,Fulham,,17.45,6.96,A,151,False,False,0.0
Fulham,Aston Villa,1,771.0,Touch,Clint DEMPSEY,Fulham,,11.41,16.48,A,151,False,False,0.0
Fulham,Aston Villa,1,772.0,Pass,Clint DEMPSEY,Fulham,,7.52,15.82,A,151,False,False,0.0
Fulham,Aston Villa,1,772.2,Block,Stiliyan PETROV,Aston Villa,,4.63,12.27,A,151,False,False,0.0
Fulham,Aston Villa,1,773.4,Pass,Stiliyan PETROV,Aston Villa,,1.14,12.77,A,151,False,False,0.0
Fulham,Aston Villa,1,775.0,Touch,Bobby ZAMORA,Fulham,,-3.81,18.45,A,151,False,False,0.0
Fulham,Aston Villa,1,775.6,Touch,Bobby ZAMORA,Fulham,,-4.71,19.17,A,151,False,False,0.0
Fulham,Aston Villa,1,776.6,Pass,Bobby ZAMORA,Fulham,,-4.99,17.49,A,151,False,False,0.0
Fulham,Aston Villa,1,777.5,Touch,Dickson ETUHU,Fulham,,-2.56,6.0,A,151,False,False,0.0
Fulham,Aston Villa,1,778.7,Pass,Dickson ETUHU,Fulham,,-3.06,5.16,A,151,False,False,0.0
Fulham,Aston Villa,1,779.9,Pass,Bobby ZAMORA,Fulham,,-15.92,10.24,A,151,False,True,0.0
Fulham,Aston Villa,1,783.8,Touch,Shay GIVEN,Aston Villa,,-39.13,0.55,B,152,True,False,0.0
Fulham,Aston Villa,1,787.8,Goalkeeper Pick Up,Shay GIVEN,Aston Villa,,-38.24,1.35,B,152,False,False,0.0
Fulham,Aston Villa,1,795.6,Goalkeeper Kick,Shay GIVEN,Aston Villa,,-36.22,-0.74,B,152,False,False,0.0
Fulham,Aston Villa,1,799.3,Header,Darren BENT,Aston Villa,,24.16,-2.9,B,152,False,True,0.0
Fulham,Aston Villa,1,800.2,Touch,Brede HANGELAND,Fulham,,32.19,0.24,A,153,True,False,0.0
Fulham,Aston Villa,1,801.4,Clearance,Brede HANGELAND,Fulham,,31.28,-2.27,A,153,False,True,0.0
Fulham,Aston Villa,1,801.5,Offside,Bobby ZAMORA,Fulham,,-6.63,3.84,U,-1,False,False,0.0
Fulham,Aston Villa,1,813.8,Indirect Free Kick Pass,James COLLINS,Aston Villa,,-9.01,6.64,B,154,False,False,0.0
Fulham,Aston Villa,1,815.6,Touch,Stephen WARNOCK,Aston Villa,,-8.84,-12.64,B,154,False,False,0.0
Fulham,Aston Villa,1,815.9,Touch,Stephen WARNOCK,Aston Villa,,-8.82,-12.75,B,154,False,False,0.0
Fulham,Aston Villa,1,817.2,Pass,Stephen WARNOCK,Aston Villa,,-6.32,-14.58,B,154,False,False,0.0
Fulham,Aston Villa,1,819.6,Touch,Gabriel AGBONLAHOR,Aston Villa,,31.67,-24.31,B,154,False,False,0.0
Fulham,Aston Villa,1,821.2,Touch,Gabriel AGBONLAHOR,Aston Villa,,30.75,-29.39,B,154,False,False,0.0
Fulham,Aston Villa,1,822.6,Pass,Gabriel AGBONLAHOR,Aston Villa,,26.88,-30.67,B,154,False,False,0.0
Fulham,Aston Villa,1,824.3,Touch,Stephen WARNOCK,Aston Villa,,5.89,-20.62,B,154,False,False,0.0
Fulham,Aston Villa,1,826.0,Touch,Stephen WARNOCK,Aston Villa,,7.8,-17.59,B,154,False,False,0.0
Fulham,Aston Villa,1,827.1,Pass,Stephen WARNOCK,Aston Villa,,11.43,-12.48,B,154,False,False,0.0
Fulham,Aston Villa,1,828.3,Touch,Charles N'ZOGBIA,Aston Villa,,21.07,1.88,B,154,False,False,0.0
Fulham,Aston Villa,1,828.9,Touch,Charles N'ZOGBIA,Aston Villa,,22.45,2.04,B,154,False,False,0.0
Fulham,Aston Villa,1,829.3,Touch,Charles N'ZOGBIA,Aston Villa,,22.7,1.83,B,154,False,False,0.0
Fulham,Aston Villa,1,829.5,Touch,Charles N'ZOGBIA,Aston Villa,,22.54,1.66,B,154,False,False,0.0
Fulham,Aston Villa,1,830.5,Pass,Charles N'ZOGBIA,Aston Villa,,20.44,1.29,B,154,False,False,0.0
Fulham,Aston Villa,1,831.6,Touch,Stephen WARNOCK,Aston Villa,,11.32,-7.83,B,154,False,False,0.0
Fulham,Aston Villa,1,832.6,Pass,Stephen WARNOCK,Aston Villa,,13.16,-8.82,B,154,False,False,0.0
Fulham,Aston Villa,1,833.5,Touch,Emile HESKEY,Aston Villa,,27.54,-10.61,B,154,False,False,0.0
Fulham,Aston Villa,1,834.3,Pass,Emile HESKEY,Aston Villa,,28.56,-13.48,B,154,False,False,0.0
Fulham,Aston Villa,1,835.7,Touch,Gabriel AGBONLAHOR,Aston Villa,,32.06,-29.92,B,154,False,False,0.0
Fulham,Aston Villa,1,836.6,Pass,Gabriel AGBONLAHOR,Aston Villa,,32.45,-28.38,B,154,False,False,0.0
Fulham,Aston Villa,1,837.7,Touch,Fabian DELPH,Aston Villa,,18.56,-23.31,B,154,False,False,0.0
Fulham,Aston Villa,1,839.6,Pass,Fabian DELPH,Aston Villa,,18.48,-21.65,B,154,False,False,0.0
Fulham,Aston Villa,1,841.0,Touch,Gabriel AGBONLAHOR,Aston Villa,,31.5,-25.1,B,154,False,False,0.0
Fulham,Aston Villa,1,842.4,Pass,Gabriel AGBONLAHOR,Aston Villa,,31.56,-26.58,B,154,False,False,0.0
Fulham,Aston Villa,1,843.9,Touch,Stephen WARNOCK,Aston Villa,,15.97,-15.61,B,154,False,False,0.0
Fulham,Aston Villa,1,845.3,Touch,Stephen WARNOCK,Aston Villa,,19.59,-14.48,B,154,False,False,0.0
Fulham,Aston Villa,1,846.4,Pass,Stephen WARNOCK,Aston Villa,,22.55,-16.16,B,154,False,False,0.0
Fulham,Aston Villa,1,847.2,Touch,Fabian DELPH,Aston Villa,,22.51,-28.02,B,154,False,False,0.0
Fulham,Aston Villa,1,848.3,Touch,Fabian DELPH,Aston Villa,,24.44,-27.14,B,154,False,False,0.0
Fulham,Aston Villa,1,849.6,Touch,Fabian DELPH,Aston Villa,,25.37,-26.39,B,154,False,False,0.0
Fulham,Aston Villa,1,850.8,Pass,Fabian DELPH,Aston Villa,,25.05,-22.45,B,154,False,False,0.0
Fulham,Aston Villa,1,851.7,Clearance,Philippe SENDEROS,Fulham,,34.87,-11.12,B,154,False,False,0.0
Fulham,Aston Villa,1,854.9,Touch,James COLLINS,Aston Villa,,-7.2,-3.0,B,154,False,False,0.0
Fulham,Aston Villa,1,856.3,Pass,James COLLINS,Aston Villa,,-9.8,-1.33,B,154,False,False,0.0
Fulham,Aston Villa,1,858.0,Touch,Richard DUNNE,Aston Villa,,-8.36,-14.53,B,154,False,False,0.0
Fulham,Aston Villa,1,859.3,Pass,Richard DUNNE,Aston Villa,,-2.03,-16.23,B,154,False,False,0.0
Fulham,Aston Villa,1,860.4,Touch,Fabian DELPH,Aston Villa,,2.08,-25.75,B,154,False,False,0.0
Fulham,Aston Villa,1,861.6,Pass,Fabian DELPH,Aston Villa,,2.53,-24.51,B,154,False,False,0.0
Fulham,Aston Villa,1,862.2,Touch,Charles N'ZOGBIA,Aston Villa,,9.75,-21.41,B,154,False,False,0.0
Fulham,Aston Villa,1,863.2,Pass,Charles N'ZOGBIA,Aston Villa,,8.84,-24.16,B,154,False,False,0.0
Fulham,Aston Villa,1,863.8,Pass,Stephen WARNOCK,Aston Villa,,5.97,-31.37,B,154,False,False,0.0
Fulham,Aston Villa,1,864.4,Touch,Fabian DELPH,Aston Villa,,0.17,-26.47,B,154,False,False,0.0
Fulham,Aston Villa,1,866.0,Pass,Fabian DELPH,Aston Villa,,-2.98,-21.49,B,154,False,False,0.0
Fulham,Aston Villa,1,868.2,Touch,James COLLINS,Aston Villa,,-14.41,6.11,B,154,False,False,0.0
Fulham,Aston Villa,1,870.4,Touch,James COLLINS,Aston Villa,,-6.39,15.22,B,154,False,False,0.0
Fulham,Aston Villa,1,872.1,Pass,James COLLINS,Aston Villa,,-0.41,23.45,B,154,False,False,0.0
Fulham,Aston Villa,1,872.9,Touch,Luke YOUNG,Aston Villa,,6.49,30.84,B,154,False,False,0.0
Fulham,Aston Villa,1,873.6,Pass,Luke YOUNG,Aston Villa,,6.25,30.91,B,154,False,False,0.0
Fulham,Aston Villa,1,875.6,Pass,James COLLINS,Aston Villa,,-15.82,28.09,B,154,False,False,0.0
Fulham,Aston Villa,1,878.1,Touch,Shay GIVEN,Aston Villa,,-33.34,11.24,B,154,False,False,0.0
Fulham,Aston Villa,1,881.0,Touch,Shay GIVEN,Aston Villa,,-30.35,13.87,B,154,False,False,0.0
Fulham,Aston Villa,1,881.6,Touch,Shay GIVEN,Aston Villa,,-30.01,13.81,B,154,False,False,0.0
Fulham,Aston Villa,1,883.7,Pass,Shay GIVEN,Aston Villa,,-30.56,13.98,B,154,False,False,0.0
Fulham,Aston Villa,1,885.5,Touch,Stephen WARNOCK,Aston Villa,,-20.32,-19.18,B,154,False,False,0.0
Fulham,Aston Villa,1,886.6,Touch,Stephen WARNOCK,Aston Villa,,-19.12,-20.27,B,154,False,False,0.0
Fulham,Aston Villa,1,887.2,Pass,Stephen WARNOCK,Aston Villa,,-17.62,-19.99,B,154,False,False,0.0
Fulham,Aston Villa,1,888.6,Touch,Fabian DELPH,Aston Villa,,-9.57,-7.12,B,154,False,False,0.0
Fulham,Aston Villa,1,889.1,Touch,Fabian DELPH,Aston Villa,,-8.6,-6.75,B,154,False,False,0.0
Fulham,Aston Villa,1,891.2,Pass,Fabian DELPH,Aston Villa,,1.21,-6.08,B,154,False,True,0.0
Fulham,Aston Villa,1,893.8,Ball Out Of Play,,,,32.0,34.0,U,-1,False,False,0.0
Fulham,Aston Villa,1,897.5,Throw In,Clint DEMPSEY,Fulham,,25.88,33.4,A,155,False,False,0.0
Fulham,Aston Villa,1,899.1,Touch,John ARNE RIISE,Fulham,,29.82,27.5,A,155,False,False,0.0
Fulham,Aston Villa,1,900.8,Touch,John ARNE RIISE,Fulham,,27.68,28.99,A,155,False,False,0.0
Fulham,Aston Villa,1,902.5,Pass,John ARNE RIISE,Fulham,,21.3,29.76,A,155,False,False,0.0
Fulham,Aston Villa,1,903.8,Touch,Brede HANGELAND,Fulham,,29.37,12.56,A,155,False,False,0.0
Fulham,Aston Villa,1,906.1,Touch,Brede HANGELAND,Fulham,,25.56,5.53,A,155,False,False,0.0
Fulham,Aston Villa,1,906.5,Pass,Brede HANGELAND,Fulham,,24.86,4.9,A,155,False,False,0.0
Fulham,Aston Villa,1,908.0,Pass,Dickson ETUHU,Fulham,,13.84,-5.34,A,155,False,False,0.0
Fulham,Aston Villa,1,908.9,Touch,Brede HANGELAND,Fulham,,21.68,2.79,A,155,False,False,0.0
Fulham,Aston Villa,1,910.9,Pass,Brede HANGELAND,Fulham,,17.75,1.42,A,155,False,False,0.0
Fulham,Aston Villa,1,912.1,Touch,Philippe SENDEROS,Fulham,,17.91,-15.35,A,155,False,False,0.0
Fulham,Aston Villa,1,913.6,Pass,Philippe SENDEROS,Fulham,,12.09,-17.21,A,155,False,False,0.0
Fulham,Aston Villa,1,914.6,Touch,Aaron HUGHES,Fulham,,-1.91,-31.27,A,155,False,False,0.0
Fulham,Aston Villa,1,916.9,Pass,Aaron HUGHES,Fulham,,0.98,-30.26,A,155,False,False,0.0
Fulham,Aston Villa,1,919.1,Touch,Stephen WARNOCK,Aston Villa,,-30.92,-28.81,A,155,False,False,0.0
Fulham,Aston Villa,1,922.5,Ball Out Of Play,,,,-51.0,-29.0,U,-1,False,False,0.0
Fulham,Aston Villa,1,949.5,Corner Cross,Damien DUFF,Fulham,,-49.6,-31.91,A,156,False,True,0.0
Fulham,Aston Villa,1,951.2,Header,James COLLINS,Aston Villa,,-44.42,-0.33,B,157,True,False,0.0
Fulham,Aston Villa,1,953.2,Touch,Fabian DELPH,Aston Villa,,-31.53,-1.41,B,157,False,False,0.0
Fulham,Aston Villa,1,955.1,Touch,Fabian DELPH,Aston Villa,,-22.51,0.7,B,157,False,False,0.0
Fulham,Aston Villa,1,956.8,Touch,Fabian DELPH,Aston Villa,,-8.33,3.64,B,157,False,False,0.0
Fulham,Aston Villa,1,958.2,Pass,Fabian DELPH,Aston Villa,,2.11,7.27,B,157,False,False,0.0
Fulham,Aston Villa,1,959.7,Touch,Charles N'ZOGBIA,Aston Villa,,16.41,24.56,B,157,False,False,0.0
Fulham,Aston Villa,1,960.8,Touch,Charles N'ZOGBIA,Aston Villa,,21.11,23.42,B,157,False,False,0.0
Fulham,Aston Villa,1,961.6,Touch,Charles N'ZOGBIA,Aston Villa,,23.79,20.69,B,157,False,False,0.0
Fulham,Aston Villa,1,962.6,Touch,Charles N'ZOGBIA,Aston Villa,,25.85,15.34,B,157,False,False,0.0
Fulham,Aston Villa,1,963.0,Touch,Charles N'ZOGBIA,Aston Villa,,26.44,13.53,B,157,False,False,0.0
Fulham,Aston Villa,1,963.8,Pass,Charles N'ZOGBIA,Aston Villa,,26.88,9.12,B,157,False,True,0.0
Fulham,Aston Villa,1,964.6,Foul,Aaron HUGHES,Fulham,Gabriel AGBONLAHOR,33.56,-4.25,U,-1,False,False,0.0
Fulham,Aston Villa,1,978.9,Direct Free Kick Pass,Mark SCHWARZER,Fulham,,37.5,-13.62,A,158,False,False,0.0
Fulham,Aston Villa,1,979.9,Touch,Brede HANGELAND,Fulham,,30.98,2.83,A,158,False,False,0.0
Fulham,Aston Villa,1,982.0,Pass,Brede HANGELAND,Fulham,,28.63,3.22,A,158,False,False,0.0
Fulham,Aston Villa,1,983.3,Pass,Dickson ETUHU,Fulham,,10.56,-2.14,A,158,False,False,0.0
Fulham,Aston Villa,1,984.5,Touch,Brede HANGELAND,Fulham,,27.51,2.59,A,158,False,False,0.0
Fulham,Aston Villa,1,986.5,Touch,Brede HANGELAND,Fulham,,27.16,2.29,A,158,False,False,0.0
Fulham,Aston Villa,1,989.1,Touch,Brede HANGELAND,Fulham,,16.69,3.54,A,158,False,False,0.0
Fulham,Aston Villa,1,990.7,Touch,Brede HANGELAND,Fulham,,10.25,7.8,A,158,False,False,0.0
Fulham,Aston Villa,1,992.1,Pass,Brede HANGELAND,Fulham,,4.69,14.54,A,158,False,True,0.0
Fulham,Aston Villa,1,993.2,Touch,Luke YOUNG,Aston Villa,,-14.49,15.61,B,159,True,False,0.0
Fulham,Aston Villa,1,995.8,Pass,Luke YOUNG,Aston Villa,,-9.78,17.12,B,159,False,False,0.0
Fulham,Aston Villa,1,997.0,Touch,Charles N'ZOGBIA,Aston Villa,,-3.69,26.66,B,159,False,False,0.0
Fulham,Aston Villa,1,997.4,Pass,Charles N'ZOGBIA,Aston Villa,,-3.35,26.84,B,159,False,False,0.0
Fulham,Aston Villa,1,998.7,Touch,Luke YOUNG,Aston Villa,,-3.81,21.56,B,159,False,False,0.0
Fulham,Aston Villa,1,999.9,Touch,Stiliyan PETROV,Aston Villa,,-1.92,15.69,B,159,False,False,0.0
Fulham,Aston Villa,1,1001.5,Pass,Stiliyan PETROV,Aston Villa,,0.65,19.46,B,159,False,False,0.0
Fulham,Aston Villa,1,1002.8,Touch,Luke YOUNG,Aston Villa,,5.56,28.7,B,159,False,False,0.0
Fulham,Aston Villa,1,1004.2,Pass,Luke YOUNG,Aston Villa,,7.33,29.92,B,159,False,False,0.0
Fulham,Aston Villa,1,1005.1,Touch,Emile HESKEY,Aston Villa,,16.43,20.75,B,159,False,False,0.0
Fulham,Aston Villa,1,1005.7,Pass,Emile HESKEY,Aston Villa,,16.71,21.62,B,159,False,True,0.0
Fulham,Aston Villa,1,1006.7,Ball Out Of Play,,,,14.0,34.0,U,-1,False,False,0.0
Fulham,Aston Villa,1,1014.6,Throw In,John ARNE RIISE,Fulham,,14.06,33.5,A,160,False,False,0.0
Fulham,Aston Villa,1,1016.1,Touch,Dickson ETUHU,Fulham,,7.84,13.51,A,160,False,False,0.0
Fulham,Aston Villa,1,1017.2,Touch,Dickson ETUHU,Fulham,,7.95,14.02,A,160,False,False,0.0
Fulham,Aston Villa,1,1018.2,Pass,Dickson ETUHU,Fulham,,9.33,14.59,A,160,False,False,0.0
Fulham,Aston Villa,1,1019.4,Touch,Philippe SENDEROS,Fulham,,17.97,-3.33,A,160,False,False,0.0
Fulham,Aston Villa,1,1020.6,Pass,Philippe SENDEROS,Fulham,,13.17,-5.59,A,160,False,False,0.0
Fulham,Aston Villa,1,1021.7,Pass,Bobby ZAMORA,Fulham,,-0.47,-7.64,A,160,False,False,0.0
Fulham,Aston Villa,1,1023.1,Pass,Philippe SENDEROS,Fulham,,8.19,-13.17,A,160,False,False,0.0
Fulham,Aston Villa,1,1024.6,Touch,Aaron HUGHES,Fulham,,-0.22,-29.66,A,160,False,False,0.0
Fulham,Aston Villa,1,1025.3,Pass,Aaron HUGHES,Fulham,,-0.7,-29.59,A,160,False,False,0.0
Fulham,Aston Villa,1,1026.6,Pass,Danny MURPHY,Fulham,,-0.69,-17.81,A,160,False,False,0.0
Fulham,Aston Villa,1,1027.7,Pass,Stephen WARNOCK,Aston Villa,,-22.22,-25.77,A,160,False,False,0.0
Fulham,Aston Villa,1,1028.7,Pass,Damien DUFF,Fulham,,-16.73,-24.53,A,160,False,False,0.0
Fulham,Aston Villa,1,1030.5,Touch,Richard DUNNE,Aston Villa,,-28.99,-23.52,A,160,False,False,0.0
Fulham,Aston Villa,1,1032.1,Touch,Bobby ZAMORA,Fulham,,-30.08,-29.16,A,160,False,False,0.0
Fulham,Aston Villa,1,1032.6,Touch,Bobby ZAMORA,Fulham,,-29.68,-29.91,A,160,False,False,0.0
Fulham,Aston Villa,1,1033.9,Touch,Bobby ZAMORA,Fulham,,-25.4,-31.42,A,160,False,False,0.0
Fulham,Aston Villa,1,1035.0,Touch,Bobby ZAMORA,Fulham,,-21.87,-30.84,A,160,False,False,0.0
Fulham,Aston Villa,1,1035.8,Touch,Bobby ZAMORA,Fulham,,-19.14,-30.18,A,160,False,False,0.0
Fulham,Aston Villa,1,1037.6,Dribble,Bobby ZAMORA,Fulham,,-13.531578947369317,-21.15157894736986,A,160,False,False,0.0
Fulham,Aston Villa,1,1037.7,Pass,Bobby ZAMORA,Fulham,,-13.22,-20.65,A,160,False,True,0.0
Fulham,Aston Villa,1,1038.4,Touch,Stiliyan PETROV,Aston Villa,,-20.43,-3.31,B,161,True,False,0.0
Fulham,Aston Villa,1,1039.7,Touch,Stiliyan PETROV,Aston Villa,,-19.17,-3.94,B,161,False,False,0.0
Fulham,Aston Villa,1,1041.0,Pass,Stiliyan PETROV,Aston Villa,,-19.63,-6.01,B,161,False,False,0.0
Fulham,Aston Villa,1,1042.7,Touch,Luke YOUNG,Aston Villa,,-25.3,8.89,B,161,False,False,0.0
Fulham,Aston Villa,1,1043.9,Touch,Luke YOUNG,Aston Villa,,-24.93,12.6,B,161,False,False,0.0
Fulham,Aston Villa,1,1045.0,Pass,Luke YOUNG,Aston Villa,,-26.72,16.93,B,161,False,False,0.0
Fulham,Aston Villa,1,1046.8,Touch,Shay GIVEN,Aston Villa,,-46.94,8.09,B,161,False,False,0.0
Fulham,Aston Villa,1,1048.1,Clearance,Shay GIVEN,Aston Villa,,-46.89,10.83,B,161,False,True,0.0
Fulham,Aston Villa,1,1051.5,Touch,Brede HANGELAND,Fulham,,8.98,16.53,A,162,True,False,0.0
Fulham,Aston Villa,1,1054.2,Touch,Brede HANGELAND,Fulham,,7.16,20.05,A,162,False,False,0.0
Fulham,Aston Villa,1,1055.2,Pass,Brede HANGELAND,Fulham,,6.24,21.24,A,162,False,False,0.0
Fulham,Aston Villa,1,1057.3,Pass,Philippe SENDEROS,Fulham,,15.48,5.28,A,162,False,False,0.0
Fulham,Aston Villa,1,1058.0,Touch,Dickson ETUHU,Fulham,,7.29,5.98,A,162,False,False,0.0
Fulham,Aston Villa,1,1059.1,Pass,Dickson ETUHU,Fulham,,7.49,3.8,A,162,False,False,0.0
Fulham,Aston Villa,1,1060.4,Pass,Philippe SENDEROS,Fulham,,11.68,-5.05,A,162,False,False,0.0
Fulham,Aston Villa,1,1061.2,Touch,Danny MURPHY,Fulham,,6.11,-13.47,A,162,False,False,0.0
Fulham,Aston Villa,1,1062.2,Pass,Danny MURPHY,Fulham,,9.13,-14.58,A,162,False,False,0.0
Fulham,Aston Villa,1,1064.9,Pass,Mark SCHWARZER,Fulham,,35.99,-6.35,A,162,False,False,0.0
Fulham,Aston Villa,1,1066.4,Touch,Philippe SENDEROS,Fulham,,27.45,-14.22,A,162,False,False,0.0
Fulham,Aston Villa,1,1067.1,Pass,Philippe SENDEROS,Fulham,,26.5,-14.0,A,162,False,False,0.0
Fulham,Aston Villa,1,1068.4,Touch,Dickson ETUHU,Fulham,,11.41,-1.33,A,162,False,False,0.0
Fulham,Aston Villa,1,1069.9,Pass,Dickson ETUHU,Fulham,,12.53,-0.11,A,162,False,False,0.0
Fulham,Aston Villa,1,1070.6,Touch,Clint DEMPSEY,Fulham,,4.66,8.23,A,162,False,False,0.0
Fulham,Aston Villa,1,1071.6,Pass,Clint DEMPSEY,Fulham,,6.84,8.57,A,162,False,False,0.0
Fulham,Aston Villa,1,1074.0,Pass,Brede HANGELAND,Fulham,,24.83,11.51,A,162,False,False,0.0
Fulham,Aston Villa,1,1076.3,Touch,Philippe SENDEROS,Fulham,,22.89,-10.59,A,162,False,False,0.0
Fulham,Aston Villa,1,1077.9,Touch,Philippe SENDEROS,Fulham,,20.34,-12.68,A,162,False,False,0.0
Fulham,Aston Villa,1,1079.6,Touch,Philippe SENDEROS,Fulham,,16.62,-10.96,A,162,False,False,0.0
Fulham,Aston Villa,1,1080.7,Touch,Philippe SENDEROS,Fulham,,12.23,-7.11,A,162,False,False,0.0
Fulham,Aston Villa,1,1081.8,Pass,Philippe SENDEROS,Fulham,,8.53,-6.81,A,162,False,False,0.0
Fulham,Aston Villa,1,1082.8,Touch,Clint DEMPSEY,Fulham,,-7.54,2.78,A,162,False,False,0.0
Fulham,Aston Villa,1,1083.7,Touch,Clint DEMPSEY,Fulham,,-9.83,0.77,A,162,False,False,0.0
Fulham,Aston Villa,1,1084.4,Tackle,Clint DEMPSEY,Fulham,Charles N'ZOGBIA,-12.7,-0.61,A,162,False,False,0.0
Fulham,Aston Villa,1,1084.8,Touch,Clint DEMPSEY,Fulham,,-14.12,-1.2,A,162,False,False,0.0
Fulham,Aston Villa,1,1085.6,Dribble,Clint DEMPSEY,Fulham,,-15.542222222221865,-0.3111111111113356,A,162,False,False,0.0
Fulham,Aston Villa,1,1085.7,Pass,Clint DEMPSEY,Fulham,,-15.72,-0.2,A,162,False,False,0.0
Fulham,Aston Villa,1,1086.3,Touch,Andrew JOHNSON,Fulham,,-26.96,3.64,A,162,False,False,0.0
Fulham,Aston Villa,1,1087.3,Touch,Andrew JOHNSON,Fulham,,-29.6,2.15,A,162,False,False,0.0
Fulham,Aston Villa,1,1088.1,Touch,Andrew JOHNSON,Fulham,,-28.89,-0.31,A,162,False,False,0.0
Fulham,Aston Villa,1,1089.7,Touch,Andrew JOHNSON,Fulham,,-25.09,-5.2,A,162,False,False,0.0
Fulham,Aston Villa,1,1090.6,Touch,Andrew JOHNSON,Fulham,,-23.38,-9.12,A,162,False,False,0.0
Fulham,Aston Villa,1,1091.9,Pass,Andrew JOHNSON,Fulham,,-26.6,-14.46,A,162,False,True,0.0
Fulham,Aston Villa,1,1092.0,Block,Richard DUNNE,Aston Villa,,-28.9,-11.97,B,163,True,False,0.0
Fulham,Aston Villa,1,1095.2,Pass,Emile HESKEY,Aston Villa,,-18.33,-4.3,B,163,False,False,0.0
Fulham,Aston Villa,1,1096.0,Pass,Richard DUNNE,Aston Villa,,-22.48,-8.31,B,163,False,False,0.0
Fulham,Aston Villa,1,1097.0,Touch,Charles N'ZOGBIA,Aston Villa,,-14.05,3.88,B,163,False,False,0.0
Fulham,Aston Villa,1,1098.1,Touch,Charles N'ZOGBIA,Aston Villa,,-8.28,4.04,B,163,False,False,0.0
Fulham,Aston Villa,1,1099.3,Touch,Charles N'ZOGBIA,Aston Villa,,-1.01,2.09,B,163,False,False,0.0
Fulham,Aston Villa,1,1101.0,Tackle,Charles N'ZOGBIA,Aston Villa,Dickson ETUHU,9.4,-1.47,B,163,False,False,0.0
Fulham,Aston Villa,1,1102.6,Pass,Charles N'ZOGBIA,Aston Villa,,10.49,0.81,B,163,False,True,0.0
Fulham,Aston Villa,1,1103.3,Touch,Brede HANGELAND,Fulham,,19.46,7.56,A,164,True,False,0.0
Fulham,Aston Villa,1,1105.5,Touch,Brede HANGELAND,Fulham,,7.63,7.49,A,164,False,False,0.0
Fulham,Aston Villa,1,1107.0,Pass,Brede HANGELAND,Fulham,,1.27,6.25,A,164,False,False,0.0
Fulham,Aston Villa,1,1107.7,Touch,Clint DEMPSEY,Fulham,,-10.36,13.02,A,164,False,False,0.0
Fulham,Aston Villa,1,1108.8,Touch,Clint DEMPSEY,Fulham,,-9.93,10.75,A,164,False,False,0.0
Fulham,Aston Villa,1,1109.7,Touch,Clint DEMPSEY,Fulham,,-7.27,10.72,A,164,False,False,0.0
Fulham,Aston Villa,1,1111.1,Touch,Clint DEMPSEY,Fulham,,-3.97,6.14,A,164,False,False,0.0
Fulham,Aston Villa,1,1112.1,Dribble,Clint DEMPSEY,Fulham,,-6.251818181817427,3.33090909091002,A,164,False,False,0.0
Fulham,Aston Villa,1,1112.2,Pass,Clint DEMPSEY,Fulham,,-6.48,3.05,A,164,False,True,0.0
Fulham,Aston Villa,1,1113.2,Touch,Stephen WARNOCK,Aston Villa,,-19.91,-5.12,B,165,True,False,0.0
Fulham,Aston Villa,1,1114.5,Pass,Stephen WARNOCK,Aston Villa,,-17.46,-1.51,B,165,False,False,0.0
Fulham,Aston Villa,1,1115.2,Touch,Emile HESKEY,Aston Villa,,-7.89,11.9,B,165,False,False,0.0
Fulham,Aston Villa,1,1116.5,Pass,Emile HESKEY,Aston Villa,,-7.68,11.18,B,165,False,False,0.0
Fulham,Aston Villa,1,1117.3,Touch,Charles N'ZOGBIA,Aston Villa,,-5.88,6.38,B,165,False,True,0.0
Fulham,Aston Villa,1,1117.8,Tackle,Charles N'ZOGBIA,Aston Villa,Danny MURPHY,-3.1,7.74,A,166,True,False,0.0
Fulham,Aston Villa,1,1118.9,Pass,Brede HANGELAND,Fulham,,1.99,13.33,A,166,False,False,0.0
Fulham,Aston Villa,1,1119.4,Touch,Clint DEMPSEY,Fulham,,-4.48,13.94,A,166,False,False,0.0
Fulham,Aston Villa,1,1120.3,Pass,Clint DEMPSEY,Fulham,,-3.42,13.88,A,166,False,False,0.0
Fulham,Aston Villa,1,1120.7,Touch,Danny MURPHY,Fulham,,-0.73,9.72,A,166,False,False,0.0
Fulham,Aston Villa,1,1121.3,Touch,Danny MURPHY,Fulham,,-0.58,9.28,A,166,False,False,0.0
Fulham,Aston Villa,1,1122.2,Pass,Danny MURPHY,Fulham,,-0.97,8.34,A,166,False,False,0.0
Fulham,Aston Villa,1,1124.5,Touch,Bobby ZAMORA,Fulham,,-30.53,-13.45,A,166,False,False,0.0
Fulham,Aston Villa,1,1126.1,Touch,Bobby ZAMORA,Fulham,,-39.79,-12.66,A,166,False,False,0.0
Fulham,Aston Villa,1,1126.4,Touch,Bobby ZAMORA,Fulham,,-40.62,-12.19,A,166,False,False,0.0
Fulham,Aston Villa,1,1127.3,Dribble,Bobby ZAMORA,Fulham,,-42.97799999999905,-11.39800000000032,A,166,False,False,0.0
Fulham,Aston Villa,1,1127.4,Shot,Bobby ZAMORA,Fulham,,-43.24,-11.31,A,166,False,True,0.0990535234425499
Fulham,Aston Villa,1,1127.5,Goalkeeper Save,Shay GIVEN,Aston Villa,,-47.59,-4.01,B,167,True,False,0.0
Fulham,Aston Villa,1,1130.6,Header,James COLLINS,Aston Villa,,-42.08,-2.42,B,167,False,False,0.0
Fulham,Aston Villa,1,1133.8,Touch,Gabriel AGBONLAHOR,Aston Villa,,-23.09,-14.01,B,167,False,False,0.0
Fulham,Aston Villa,1,1135.3,Pass,Gabriel AGBONLAHOR,Aston Villa,,-25.16,-10.39,B,167,False,False,0.0
Fulham,Aston Villa,1,1136.9,Touch,Charles N'ZOGBIA,Aston Villa,,-11.92,9.47,B,167,False,False,0.0
Fulham,Aston Villa,1,1137.5,Pass,Charles N'ZOGBIA,Aston Villa,,-14.06,9.9,B,167,False,False,0.0
Fulham,Aston Villa,1,1140.2,Pass,Luke YOUNG,Aston Villa,,-26.45,21.82,B,167,False,True,0.0
Fulham,Aston Villa,1,1140.3,Offside,Darren BENT,Aston Villa,,13.38,7.55,U,-1,False,False,0.0
Fulham,Aston Villa,1,1149.2,Indirect Free Kick Pass,Brede HANGELAND,Fulham,,19.12,20.97,A,168,False,False,0.0
Fulham,Aston Villa,1,1150.7,Touch,Philippe SENDEROS,Fulham,,19.13,2.74,A,168,False,False,0.0
Fulham,Aston Villa,1,1151.6,Touch,Philippe SENDEROS,Fulham,,18.26,2.71,A,168,False,False,0.0
Fulham,Aston Villa,1,1152.3,Touch,Philippe SENDEROS,Fulham,,17.26,2.21,A,168,False,False,0.0
Fulham,Aston Villa,1,1153.3,Touch,Philippe SENDEROS,Fulham,,14.64,-0.43,A,168,False,False,0.0
Fulham,Aston Villa,1,1154.5,Pass,Philippe SENDEROS,Fulham,,10.65,-0.18,A,168,False,False,0.0
Fulham,Aston Villa,1,1155.3,Touch,Danny MURPHY,Fulham,,9.08,5.74,A,168,False,False,0.0
Fulham,Aston Villa,1,1155.9,Pass,Danny MURPHY,Fulham,,9.61,5.96,A,168,False,False,0.0
Fulham,Aston Villa,1,1157.3,Touch,Clint DEMPSEY,Fulham,,-8.97,7.47,A,168,False,False,0.0
Fulham,Aston Villa,1,1158.3,Pass,Clint DEMPSEY,Fulham,,-11.06,8.71,A,168,False,False,0.0
Fulham,Aston Villa,1,1160.9,Shot,Andrew JOHNSON,Fulham,,-38.21,12.74,A,168,False,True,0.0414202450224261
Fulham,Aston Villa,1,1161.4,Goalkeeper Save Catch,Shay GIVEN,Aston Villa,,-45.81,5.3,B,169,True,False,0.0
Fulham,Aston Villa,1,1175.3,Goalkeeper Kick,Shay GIVEN,Aston Villa,,-37.25,5.75,B,169,False,False,0.0
Fulham,Aston Villa,1,1177.5,Touch,Emile HESKEY,Aston Villa,,9.46,-13.08,B,169,False,False,0.0
Fulham,Aston Villa,1,1178.4,Touch,Emile HESKEY,Aston Villa,,9.69,-15.33,B,169,False,False,0.0
Fulham,Aston Villa,1,1178.9,Pass,Emile HESKEY,Aston Villa,,9.43,-15.32,B,169,False,False,0.0
Fulham,Aston Villa,1,1180.7,Touch,Fabian DELPH,Aston Villa,,-2.55,-11.03,B,169,False,False,0.0
Fulham,Aston Villa,1,1182.5,Pass,Fabian DELPH,Aston Villa,,2.88,-12.07,B,169,False,False,0.0
Fulham,Aston Villa,1,1183.5,Pass,Emile HESKEY,Aston Villa,,17.47,-15.94,B,169,False,False,0.0
Fulham,Aston Villa,1,1184.3,Touch,Fabian DELPH,Aston Villa,,12.23,-14.97,B,169,False,False,0.0
Fulham,Aston Villa,1,1185.5,Pass,Fabian DELPH,Aston Villa,,13.99,-15.52,B,169,False,False,0.0
Fulham,Aston Villa,1,1186.3,Touch,Stiliyan PETROV,Aston Villa,,8.87,-4.99,B,169,False,False,0.0
Fulham,Aston Villa,1,1187.9,Pass,Stiliyan PETROV,Aston Villa,,8.06,-2.67,B,169,False,False,0.0
Fulham,Aston Villa,1,1189.4,Touch,Luke YOUNG,Aston Villa,,6.19,20.51,B,169,False,False,0.0
Fulham,Aston Villa,1,1190.3,Pass,Luke YOUNG,Aston Villa,,7.6,21.1,B,169,False,False,0.0
Fulham,Aston Villa,1,1191.3,Touch,Stiliyan PETROV,Aston Villa,,6.62,11.02,B,169,False,False,0.0
Fulham,Aston Villa,1,1192.4,Pass,Stiliyan PETROV,Aston Villa,,4.8,10.21,B,169,False,False,0.0
Fulham,Aston Villa,1,1193.4,Touch,Richard DUNNE,Aston Villa,,-6.7,1.05,B,169,False,False,0.0
Fulham,Aston Villa,1,1195.1,Pass,Richard DUNNE,Aston Villa,,-7.56,2.41,B,169,False,True,0.0
Fulham,Aston Villa,1,1195.8,Header,Danny MURPHY,Fulham,,4.83,7.79,B,169,True,False,0.0
Fulham,Aston Villa,1,1196.7,Foul,Bobby ZAMORA,Fulham,Richard DUNNE,-4.41,2.96,U,-1,False,False,0.0
Fulham,Aston Villa,1,1210.1,Direct Free Kick Pass,Danny MURPHY,Fulham,,-7.37,5.91,A,170,False,True,0.0
Fulham,Aston Villa,1,1211.9,Header,Stephen WARNOCK,Aston Villa,,-27.63,-13.8,B,171,True,False,0.0
Fulham,Aston Villa,1,1213.2,Touch,Fabian DELPH,Aston Villa,,-18.01,-9.66,B,171,False,False,0.0
Fulham,Aston Villa,1,1213.6,Touch,Fabian DELPH,Aston Villa,,-18.59,-10.07,B,171,False,False,0.0
Fulham,Aston Villa,1,1214.8,Pass,Fabian DELPH,Aston Villa,,-17.47,-12.56,B,171,False,False,0.0
Fulham,Aston Villa,1,1215.5,Touch,Gabriel AGBONLAHOR,Aston Villa,,-11.18,-22.78,B,171,False,False,0.0
Fulham,Aston Villa,1,1217.5,Touch,Gabriel AGBONLAHOR,Aston Villa,,-4.0,-17.96,B,171,False,False,0.0
Fulham,Aston Villa,1,1219.3,Touch,Gabriel AGBONLAHOR,Aston Villa,,-0.29,-8.93,B,171,False,False,0.0
Fulham,Aston Villa,1,1220.3,Touch,Gabriel AGBONLAHOR,Aston Villa,,2.29,-0.65,B,171,False,False,0.0
Fulham,Aston Villa,1,1221.1,Touch,Gabriel AGBONLAHOR,Aston Villa,,5.18,5.62,B,171,False,False,0.0
Fulham,Aston Villa,1,1222.3,Pass,Gabriel AGBONLAHOR,Aston Villa,,12.07,12.19,B,171,False,False,0.0
Fulham,Aston Villa,1,1224.0,Touch,Charles N'ZOGBIA,Aston Villa,,22.56,30.07,B,171,False,False,0.0
Fulham,Aston Villa,1,1224.4,Touch,Charles N'ZOGBIA,Aston Villa,,23.16,30.9,B,171,False,False,0.0
Fulham,Aston Villa,1,1225.8,Touch,Charles N'ZOGBIA,Aston Villa,,23.59,30.68,B,171,False,False,0.0
Fulham,Aston Villa,1,1226.6,Touch,Charles N'ZOGBIA,Aston Villa,,24.15,28.96,B,171,False,False,0.0
Fulham,Aston Villa,1,1227.2,Touch,Charles N'ZOGBIA,Aston Villa,,25.01,26.43,B,171,False,False,0.0
Fulham,Aston Villa,1,1228.1,Tackle,Charles N'ZOGBIA,Aston Villa,Clint DEMPSEY,24.27,23.02,B,171,False,False,0.0
Fulham,Aston Villa,1,1230.1,Touch,Stiliyan PETROV,Aston Villa,,13.44,17.25,B,171,False,False,0.0
Fulham,Aston Villa,1,1231.4,Pass,Stiliyan PETROV,Aston Villa,,16.45,17.76,B,171,False,False,0.0
Fulham,Aston Villa,1,1232.5,Touch,Fabian DELPH,Aston Villa,,15.92,0.33,B,171,False,False,0.0
Fulham,Aston Villa,1,1233.0,Touch,Fabian DELPH,Aston Villa,,16.26,0.64,B,171,False,False,0.0
Fulham,Aston Villa,1,1234.0,Pass,Fabian DELPH,Aston Villa,,15.83,-0.57,B,171,False,False,0.0
Fulham,Aston Villa,1,1234.7,Pass,Emile HESKEY,Aston Villa,,25.68,-5.63,B,171,False,False,0.0
Fulham,Aston Villa,1,1234.8,Block,Philippe SENDEROS,Fulham,,28.84,-4.43,B,171,False,False,0.0
Fulham,Aston Villa,1,1235.6,Touch,Fabian DELPH,Aston Villa,,18.05,-6.19,B,171,False,False,0.0
Fulham,Aston Villa,1,1237.4,Pass,Fabian DELPH,Aston Villa,,19.87,-8.99,B,171,False,False,0.0
Fulham,Aston Villa,1,1238.7,Touch,Stephen WARNOCK,Aston Villa,,12.23,-17.35,B,171,False,False,0.0
Fulham,Aston Villa,1,1239.3,Pass,Stephen WARNOCK,Aston Villa,,13.29,-18.09,B,171,False,False,0.0
Fulham,Aston Villa,1,1240.9,Touch,Emile HESKEY,Aston Villa,,29.89,-27.61,B,171,False,False,0.0
Fulham,Aston Villa,1,1241.5,Touch,Emile HESKEY,Aston Villa,,29.1,-28.57,B,171,False,False,0.0
Fulham,Aston Villa,1,1242.4,Pass,Emile HESKEY,Aston Villa,,26.1,-28.26,B,171,False,False,0.0
Fulham,Aston Villa,1,1243.8,Touch,Stephen WARNOCK,Aston Villa,,14.63,-25.95,B,171,False,False,0.0
Fulham,Aston Villa,1,1244.9,Touch,Stephen WARNOCK,Aston Villa,,12.99,-26.3,B,171,False,False,0.0
Fulham,Aston Villa,1,1246.0,Touch,Stephen WARNOCK,Aston Villa,,12.14,-24.29,B,171,False,False,0.0
Fulham,Aston Villa,1,1246.6,Pass,Stephen WARNOCK,Aston Villa,,12.14,-22.67,B,171,False,False,0.0
Fulham,Aston Villa,1,1248.4,Touch,Richard DUNNE,Aston Villa,,-8.1,-16.91,B,171,False,False,0.0
Fulham,Aston Villa,1,1251.4,Pass,Richard DUNNE,Aston Villa,,-10.32,-14.45,B,171,False,False,0.0
Fulham,Aston Villa,1,1252.5,Touch,James COLLINS,Aston Villa,,-15.13,4.46,B,171,False,False,0.0
Fulham,Aston Villa,1,1254.0,Pass,James COLLINS,Aston Villa,,-15.39,6.34,B,171,False,False,0.0
Fulham,Aston Villa,1,1255.2,Touch,Luke YOUNG,Aston Villa,,-6.38,27.68,B,171,False,False,0.0
Fulham,Aston Villa,1,1256.2,Pass,Luke YOUNG,Aston Villa,,-7.6,28.23,B,171,False,False,0.0
Fulham,Aston Villa,1,1257.8,Touch,Stiliyan PETROV,Aston Villa,,-1.01,15.43,B,171,False,False,0.0
Fulham,Aston Villa,1,1259.5,Touch,Stiliyan PETROV,Aston Villa,,-3.57,11.31,B,171,False,False,0.0
Fulham,Aston Villa,1,1261.1,Pass,Stiliyan PETROV,Aston Villa,,-4.4,10.95,B,171,False,False,0.0
Fulham,Aston Villa,1,1262.9,Pass,Richard DUNNE,Aston Villa,,-12.94,-8.0,B,171,False,False,0.0
Fulham,Aston Villa,1,1263.9,Touch,Stephen WARNOCK,Aston Villa,,-7.8,-17.59,B,171,False,False,0.0
Fulham,Aston Villa,1,1265.7,Pass,Stephen WARNOCK,Aston Villa,,-7.82,-18.36,B,171,False,True,0.0
Fulham,Aston Villa,1,1267.5,Touch,Philippe SENDEROS,Fulham,,21.72,-17.27,A,172,True,False,0.0
Fulham,Aston Villa,1,1269.6,Pass,Philippe SENDEROS,Fulham,,18.43,-26.03,A,172,False,False,0.0
Fulham,Aston Villa,1,1270.3,Touch,Damien DUFF,Fulham,,2.27,-24.53,A,172,False,False,0.0
Fulham,Aston Villa,1,1271.4,Touch,Damien DUFF,Fulham,,3.59,-26.2,A,172,False,False,0.0
Fulham,Aston Villa,1,1272.8,Foul,Damien DUFF,Fulham,Fabian DELPH,4.92,-29.35,U,-1,False,False,0.0
Fulham,Aston Villa,1,1303.4,Substitution,Charles N'ZOGBIA,Aston Villa,Marc ALBRIGHTON,-0.77,31.05,U,-1,False,False,0.0
Fulham,Aston Villa,1,1311.4,Direct Free Kick Pass,Philippe SENDEROS,Fulham,,3.68,-29.73,A,173,False,False,0.0
Fulham,Aston Villa,1,1314.3,Pass,Brede HANGELAND,Fulham,,17.93,-2.11,A,173,False,False,0.0
Fulham,Aston Villa,1,1315.8,Touch,Dickson ETUHU,Fulham,,6.4,13.43,A,173,False,False,0.0
Fulham,Aston Villa,1,1317.1,Pass,Dickson ETUHU,Fulham,,3.51,15.27,A,173,False,False,0.0
Fulham,Aston Villa,1,1317.9,Touch,Clint DEMPSEY,Fulham,,-1.72,10.76,A,173,False,False,0.0
Fulham,Aston Villa,1,1319.0,Touch,Clint DEMPSEY,Fulham,,0.95,11.51,A,173,False,False,0.0
Fulham,Aston Villa,1,1319.7,Pass,Clint DEMPSEY,Fulham,,1.58,12.63,A,173,False,False,0.0
Fulham,Aston Villa,1,1320.9,Pass,Dickson ETUHU,Fulham,,-0.28,21.59,A,173,False,False,0.0
Fulham,Aston Villa,1,1321.9,Touch,Clint DEMPSEY,Fulham,,2.05,14.56,A,173,False,False,0.0
Fulham,Aston Villa,1,1323.6,Touch,Clint DEMPSEY,Fulham,,2.3,11.34,A,173,False,False,0.0
Fulham,Aston Villa,1,1325.2,Pass,Clint DEMPSEY,Fulham,,-1.17,11.1,A,173,False,False,0.0
Fulham,Aston Villa,1,1326.0,Touch,Dickson ETUHU,Fulham,,-2.89,17.91,A,173,False,False,0.0
Fulham,Aston Villa,1,1327.2,Pass,Dickson ETUHU,Fulham,,-1.11,13.51,A,173,False,False,0.0
Fulham,Aston Villa,1,1328.0,Pass,Danny MURPHY,Fulham,,1.24,5.77,A,173,False,False,0.0
Fulham,Aston Villa,1,1329.4,Touch,Brede HANGELAND,Fulham,,8.25,19.96,A,173,False,False,0.0
Fulham,Aston Villa,1,1331.0,Pass,Brede HANGELAND,Fulham,,6.76,26.31,A,173,False,True,0.0
Fulham,Aston Villa,1,1332.7,Header,James COLLINS,Aston Villa,,-26.93,19.34,B,174,True,False,0.0
Fulham,Aston Villa,1,1335.4,Touch,Marc ALBRIGHTON,Aston Villa,,-6.21,27.17,B,174,False,False,0.0
Fulham,Aston Villa,1,1336.6,Touch,Marc ALBRIGHTON,Aston Villa,,1.8,27.59,B,174,False,False,0.0
Fulham,Aston Villa,1,1337.5,Touch,Marc ALBRIGHTON,Aston Villa,,7.99,27.3,B,174,False,False,0.0
Fulham,Aston Villa,1,1337.9,Touch,Marc ALBRIGHTON,Aston Villa,,10.72,27.54,B,174,False,False,0.0
Fulham,Aston Villa,1,1338.0,Block,Danny MURPHY,Fulham,,11.6,26.38,B,174,False,False,0.0
Fulham,Aston Villa,1,1340.4,Ball Out Of Play,,,,33.0,34.0,U,-1,False,False,0.0
Fulham,Aston Villa,1,1346.3,Throw In,Marc ALBRIGHTON,Aston Villa,,36.37,33.5,B,175,False,False,0.0
Fulham,Aston Villa,1,1348.2,Touch,Luke YOUNG,Aston Villa,,22.26,31.64,B,175,False,False,0.0
Fulham,Aston Villa,1,1349.9,Pass,Luke YOUNG,Aston Villa,,21.18,30.64,B,175,False,True,0.0
Fulham,Aston Villa,1,1351.6,Header,Brede HANGELAND,Fulham,,38.32,13.84,A,176,True,False,0.0
Fulham,Aston Villa,1,1352.5,Touch,Danny MURPHY,Fulham,,31.86,18.27,A,176,False,False,0.0
Fulham,Aston Villa,1,1353.6,Pass,Danny MURPHY,Fulham,,32.03,17.64,A,176,False,True,0.0
Fulham,Aston Villa,1,1355.7,Touch,James COLLINS,Aston Villa,,-2.44,15.99,B,177,True,False,0.0
Fulham,Aston Villa,1,1357.2,Touch,James COLLINS,Aston Villa,,-6.04,16.71,B,177,False,False,0.0
Fulham,Aston Villa,1,1358.7,Touch,James COLLINS,Aston Villa,,-6.23,18.83,B,177,False,False,0.0
Fulham,Aston Villa,1,1360.3,Pass,James COLLINS,Aston Villa,,-4.85,15.51,B,177,False,False,0.0
Fulham,Aston Villa,1,1362.1,Pass,Richard DUNNE,Aston Villa,,-15.73,-4.0,B,177,False,False,0.0
Fulham,Aston Villa,1,1363.3,Touch,Stephen WARNOCK,Aston Villa,,-11.27,-16.72,B,177,False,False,0.0
Fulham,Aston Villa,1,1364.4,Pass,Stephen WARNOCK,Aston Villa,,-11.04,-16.93,B,177,False,False,0.0
Fulham,Aston Villa,1,1367.6,Touch,Gabriel AGBONLAHOR,Aston Villa,,26.16,-29.98,B,177,False,True,0.0
Fulham,Aston Villa,1,1369.7,Pass,Aaron HUGHES,Fulham,,34.52,-28.1,A,178,True,False,0.0
Fulham,Aston Villa,1,1371.4,Clearance,Mark SCHWARZER,Fulham,,44.54,-6.45,A,178,False,False,0.0
Fulham,Aston Villa,1,1373.7,Header,Bobby ZAMORA,Fulham,,-0.3,-12.33,A,178,False,True,0.0
Fulham,Aston Villa,1,1374.4,Pass,Richard DUNNE,Aston Villa,,-5.66,-10.16,B,179,True,False,0.0
Fulham,Aston Villa,1,1376.9,Pass,Stiliyan PETROV,Aston Villa,,3.4,0.83,B,179,False,False,0.0
Fulham,Aston Villa,1,1379.3,Pass,Emile HESKEY,Aston Villa,,16.57,5.07,B,179,False,False,0.0
Fulham,Aston Villa,1,1381.6,Touch,Darren BENT,Aston Villa,,37.0,14.33,B,179,False,False,0.0
Fulham,Aston Villa,1,1382.7,Touch,Darren BENT,Aston Villa,,41.69,17.37,B,179,False,False,0.0
Fulham,Aston Villa,1,1384.0,Pass,Darren BENT,Aston Villa,,41.96,17.3,B,179,False,False,0.0
Fulham,Aston Villa,1,1384.6,Deflection,Dickson ETUHU,Fulham,,37.03,8.11,B,179,False,False,0.0
Fulham,Aston Villa,1,1385.1,Touch,Emile HESKEY,Aston Villa,,31.29,5.07,B,179,False,False,0.0
Fulham,Aston Villa,1,1386.2,Touch,Emile HESKEY,Aston Villa,,31.88,4.09,B,179,False,False,0.0
Fulham,Aston Villa,1,1387.5,Pass,Emile HESKEY,Aston Villa,,33.18,-2.91,B,179,False,False,0.0
Fulham,Aston Villa,1,1388.5,Clearance,Damien DUFF,Fulham,,31.45,-11.22,B,179,False,False,0.0
Fulham,Aston Villa,1,1391.3,Ball Out Of Play,,,,20.0,34.0,U,-1,False,False,0.0
Fulham,Aston Villa,1,1396.5,Throw In,Luke YOUNG,Aston Villa,,11.06,33.02,B,180,False,False,0.0
Fulham,Aston Villa,1,1398.7,Touch,James COLLINS,Aston Villa,,-4.16,19.56,B,180,False,False,0.0
Fulham,Aston Villa,1,1399.7,Pass,James COLLINS,Aston Villa,,-3.92,20.68,B,180,False,False,0.0
Fulham,Aston Villa,1,1400.8,Touch,Luke YOUNG,Aston Villa,,4.71,32.47,B,180,False,False,0.0
Fulham,Aston Villa,1,1401.6,Touch,Luke YOUNG,Aston Villa,,4.19,32.12,B,180,False,False,0.0
Fulham,Aston Villa,1,1402.3,Pass,Luke YOUNG,Aston Villa,,3.43,31.93,B,180,False,True,0.0
Fulham,Aston Villa,1,1402.4,Block,Clint DEMPSEY,Fulham,,6.11,28.56,A,181,True,False,0.0
Fulham,Aston Villa,1,1403.6,Touch,Bobby ZAMORA,Fulham,,-0.25,21.13,A,181,False,False,0.0
Fulham,Aston Villa,1,1404.0,Touch,Bobby ZAMORA,Fulham,,-0.87,20.93,A,181,False,False,0.0
Fulham,Aston Villa,1,1405.0,Touch,Bobby ZAMORA,Fulham,,2.44,21.09,A,181,False,False,0.0
Fulham,Aston Villa,1,1405.8,Pass,Bobby ZAMORA,Fulham,,2.85,23.28,A,181,False,False,0.0
Fulham,Aston Villa,1,1406.2,Touch,Clint DEMPSEY,Fulham,,-0.91,26.39,A,181,False,False,0.0
Fulham,Aston Villa,1,1406.9,Touch,Clint DEMPSEY,Fulham,,-2.63,26.77,A,181,False,False,0.0
Fulham,Aston Villa,1,1408.0,Touch,Clint DEMPSEY,Fulham,,-4.9,24.72,A,181,False,False,0.0
Fulham,Aston Villa,1,1408.6,Touch,Clint DEMPSEY,Fulham,,-6.14,24.11,A,181,False,False,0.0
Fulham,Aston Villa,1,1410.2,Pass,Clint DEMPSEY,Fulham,,-4.1,25.22,A,181,False,False,0.0
Fulham,Aston Villa,1,1413.0,Touch,Brede HANGELAND,Fulham,,18.47,21.19,A,181,False,False,0.0
Fulham,Aston Villa,1,1414.5,Touch,Brede HANGELAND,Fulham,,19.59,23.93,A,181,False,False,0.0
Fulham,Aston Villa,1,1416.0,Pass,Brede HANGELAND,Fulham,,17.53,22.05,A,181,False,False,0.0
Fulham,Aston Villa,1,1417.6,Pass,Danny MURPHY,Fulham,,5.62,12.54,A,181,False,False,0.0
Fulham,Aston Villa,1,1420.6,Touch,Philippe SENDEROS,Fulham,,16.81,-12.28,A,181,False,False,0.0
Fulham,Aston Villa,1,1422.4,Pass,Philippe SENDEROS,Fulham,,13.99,-15.55,A,181,False,False,0.0
Fulham,Aston Villa,1,1424.0,Touch,Aaron HUGHES,Fulham,,0.8,-28.96,A,181,False,False,0.0
Fulham,Aston Villa,1,1426.4,Pass,Aaron HUGHES,Fulham,,0.36,-26.9,A,181,False,False,0.0
Fulham,Aston Villa,1,1427.6,Touch,Dickson ETUHU,Fulham,,2.34,-16.26,A,181,False,False,0.0
Fulham,Aston Villa,1,1428.6,Pass,Dickson ETUHU,Fulham,,3.08,-16.72,A,181,False,False,0.0
Fulham,Aston Villa,1,1430.0,Touch,Philippe SENDEROS,Fulham,,16.95,-23.14,A,181,False,False,0.0
Fulham,Aston Villa,1,1431.2,Touch,Philippe SENDEROS,Fulham,,16.3,-22.78,A,181,False,False,0.0
Fulham,Aston Villa,1,1432.2,Touch,Philippe SENDEROS,Fulham,,11.72,-21.06,A,181,False,False,0.0
Fulham,Aston Villa,1,1433.6,Pass,Philippe SENDEROS,Fulham,,3.24,-19.51,A,181,False,False,0.0
Fulham,Aston Villa,1,1434.4,Touch,Damien DUFF,Fulham,,-10.25,-6.94,A,181,False,False,0.0
Fulham,Aston Villa,1,1435.3,Touch,Damien DUFF,Fulham,,-12.64,-6.08,A,181,False,False,0.0
Fulham,Aston Villa,1,1435.8,Pass,Damien DUFF,Fulham,,-13.02,-5.49,A,181,False,False,0.0
Fulham,Aston Villa,1,1436.3,Touch,Clint DEMPSEY,Fulham,,-16.81,1.6,A,181,False,False,0.0
Fulham,Aston Villa,1,1438.1,Touch,Clint DEMPSEY,Fulham,,-14.99,5.4,A,181,False,False,0.0
Fulham,Aston Villa,1,1438.9,Touch,Clint DEMPSEY,Fulham,,-14.06,4.7,A,181,False,False,0.0
Fulham,Aston Villa,1,1439.8,Pass,Clint DEMPSEY,Fulham,,-12.49,2.66,A,181,False,False,0.0
Fulham,Aston Villa,1,1441.8,Pass,Dickson ETUHU,Fulham,,-17.52,-10.43,A,181,False,True,0.0
Fulham,Aston Villa,1,1442.7,Touch,Stephen WARNOCK,Aston Villa,,-31.4,-15.3,B,182,True,False,0.0
Fulham,Aston Villa,1,1444.4,Pass,Stephen WARNOCK,Aston Villa,,-23.43,-20.41,B,182,False,False,0.0
Fulham,Aston Villa,1,1445.6,Touch,Emile HESKEY,Aston Villa,,-7.37,-6.25,B,182,False,False,0.0
Fulham,Aston Villa,1,1446.4,Touch,Emile HESKEY,Aston Villa,,-8.09,-8.42,B,182,False,False,0.0
Fulham,Aston Villa,1,1446.9,Touch,Emile HESKEY,Aston Villa,,-8.37,-9.45,B,182,False,False,0.0
Fulham,Aston Villa,1,1447.8,Pass,Emile HESKEY,Aston Villa,,-9.24,-11.56,B,182,False,False,0.0
Fulham,Aston Villa,1,1449.9,Touch,Stephen WARNOCK,Aston Villa,,6.77,-26.67,B,182,False,False,0.0
Fulham,Aston Villa,1,1451.4,Touch,Stephen WARNOCK,Aston Villa,,17.61,-26.19,B,182,False,False,0.0
Fulham,Aston Villa,1,1453.1,Cross,Stephen WARNOCK,Aston Villa,,29.63,-23.75,B,182,False,True,0.0
Fulham,Aston Villa,1,1454.4,Touch,Mark SCHWARZER,Fulham,,47.53,-1.84,A,183,True,False,0.0
Fulham,Aston Villa,1,1455.8,Goalkeeper Pick Up,Mark SCHWARZER,Fulham,,44.06,-0.32,A,183,False,False,0.0
Fulham,Aston Villa,1,1462.4,Goalkeeper Throw,Mark SCHWARZER,Fulham,,36.32,-3.11,A,183,False,False,0.0
Fulham,Aston Villa,1,1464.5,Touch,Philippe SENDEROS,Fulham,,31.25,-15.14,A,183,False,False,0.0
Fulham,Aston Villa,1,1466.7,Touch,Philippe SENDEROS,Fulham,,23.57,-15.28,A,183,False,False,0.0
Fulham,Aston Villa,1,1467.7,Pass,Philippe SENDEROS,Fulham,,23.74,-13.73,A,183,False,False,0.0
Fulham,Aston Villa,1,1469.2,Pass,Dickson ETUHU,Fulham,,16.7,-7.32,A,183,False,False,0.0
Fulham,Aston Villa,1,1469.8,Touch,Philippe SENDEROS,Fulham,,23.92,-11.74,A,183,False,False,0.0
Fulham,Aston Villa,1,1471.6,Pass,Philippe SENDEROS,Fulham,,21.58,-7.52,A,183,False,False,0.0
Fulham,Aston Villa,1,1472.6,Touch,Danny MURPHY,Fulham,,11.17,4.0,A,183,False,False,0.0
Fulham,Aston Villa,1,1473.4,Touch,Danny MURPHY,Fulham,,11.0,4.9,A,183,False,False,0.0
Fulham,Aston Villa,1,1475.5,Pass,Danny MURPHY,Fulham,,4.58,5.85,A,183,False,False,0.0
Fulham,Aston Villa,1,1477.4,Header,James COLLINS,Aston Villa,,-20.87,14.46,A,183,False,False,0.0
Fulham,Aston Villa,1,1479.1,Touch,Clint DEMPSEY,Fulham,,-3.41,16.42,A,183,False,False,0.0
Fulham,Aston Villa,1,1479.8,Pass,Clint DEMPSEY,Fulham,,-2.97,16.51,A,183,False,False,0.0
Fulham,Aston Villa,1,1480.8,Pass,John ARNE RIISE,Fulham,,2.99,24.75,A,183,False,False,0.0
Fulham,Aston Villa,1,1482.1,Touch,Danny MURPHY,Fulham,,5.14,14.06,A,183,False,False,0.0
Fulham,Aston Villa,1,1483.1,Touch,Danny MURPHY,Fulham,,3.79,16.84,A,183,False,False,0.0
Fulham,Aston Villa,1,1484.0,Tackle,Danny MURPHY,Fulham,Emile HESKEY,-0.7,20.14,A,183,False,False,0.0
Fulham,Aston Villa,1,1486.1,Ball Out Of Play,,,,6.0,34.0,U,-1,False,False,0.0
Fulham,Aston Villa,1,1495.3,Throw In,John ARNE RIISE,Fulham,,-5.11,33.5,A,184,False,False,0.0
Fulham,Aston Villa,1,1496.1,Touch,Brede HANGELAND,Fulham,,8.24,30.94,A,184,False,False,0.0
Fulham,Aston Villa,1,1497.2,Pass,Brede HANGELAND,Fulham,,8.01,30.74,A,184,False,False,0.0
Fulham,Aston Villa,1,1498.1,Touch,John ARNE RIISE,Fulham,,1.71,31.82,A,184,False,False,0.0
Fulham,Aston Villa,1,1498.8,Touch,John ARNE RIISE,Fulham,,2.37,31.35,A,184,False,False,0.0
Fulham,Aston Villa,1,1500.0,Pass,John ARNE RIISE,Fulham,,2.54,30.13,A,184,False,False,0.0
Fulham,Aston Villa,1,1501.9,Touch,Brede HANGELAND,Fulham,,14.38,25.51,A,184,False,False,0.0
Fulham,Aston Villa,1,1503.6,Touch,Brede HANGELAND,Fulham,,14.03,20.03,A,184,False,False,0.0
Fulham,Aston Villa,1,1505.3,Pass,Brede HANGELAND,Fulham,,7.75,16.13,A,184,False,False,0.0
Fulham,Aston Villa,1,1506.0,Touch,Andrew JOHNSON,Fulham,,-7.35,15.22,A,184,False,False,0.0
Fulham,Aston Villa,1,1507.1,Touch,Andrew JOHNSON,Fulham,,-9.06,17.62,A,184,False,False,0.0
Fulham,Aston Villa,1,1507.8,Touch,Andrew JOHNSON,Fulham,,-10.62,17.76,A,184,False,False,0.0
Fulham,Aston Villa,1,1508.4,Touch,Andrew JOHNSON,Fulham,,-12.57,15.24,A,184,False,False,0.0
Fulham,Aston Villa,1,1509.3,Pass,Andrew JOHNSON,Fulham,,-15.11,11.76,A,184,False,False,0.0
Fulham,Aston Villa,1,1509.7,Touch,Damien DUFF,Fulham,,-14.02,3.94,A,184,False,False,0.0
Fulham,Aston Villa,1,1510.9,Pass,Damien DUFF,Fulham,,-13.56,9.3,A,184,False,False,0.0
Fulham,Aston Villa,1,1512.4,Touch,John ARNE RIISE,Fulham,,-27.61,29.06,A,184,False,False,0.0
Fulham,Aston Villa,1,1513.9,Touch,John ARNE RIISE,Fulham,,-29.74,28.43,A,184,False,False,0.0
Fulham,Aston Villa,1,1514.8,Tackle,John ARNE RIISE,Fulham,Marc ALBRIGHTON,-30.55,25.55,A,184,False,False,0.0
Fulham,Aston Villa,1,1516.1,Ball Out Of Play,,,,-17.0,34.0,U,-1,False,False,0.0
Fulham,Aston Villa,1,1534.4,Throw In,John ARNE RIISE,Fulham,,-27.53,33.5,A,185,False,False,0.0
Fulham,Aston Villa,1,1535.8,Tackle,Clint DEMPSEY,Fulham,Marc ALBRIGHTON,-39.48,24.72,A,185,False,False,0.0
Fulham,Aston Villa,1,1536.7,Header,John ARNE RIISE,Fulham,,-31.8,28.33,A,185,False,False,0.0
Fulham,Aston Villa,1,1538.2,Foul,John ARNE RIISE,Fulham,Marc ALBRIGHTON,-32.02,22.99,U,-1,False,False,0.0
Fulham,Aston Villa,1,1572.4,Direct Free Kick Cross,Danny MURPHY,Fulham,,-29.26,22.09,A,186,False,False,0.0
Fulham,Aston Villa,1,1573.1,Header,Darren BENT,Aston Villa,,-37.79,8.18,A,186,False,False,0.0
Fulham,Aston Villa,1,1575.4,Touch,Aaron HUGHES,Fulham,,-20.7,-9.96,A,186,False,False,0.0
Fulham,Aston Villa,1,1576.2,Touch,Aaron HUGHES,Fulham,,-21.23,-11.48,A,186,False,False,0.0
Fulham,Aston Villa,1,1576.4,Header,Gabriel AGBONLAHOR,Aston Villa,,-24.45,-11.55,A,186,False,False,0.0
Fulham,Aston Villa,1,1579.2,Touch,Damien DUFF,Fulham,,-25.16,-23.91,A,186,False,False,0.0
Fulham,Aston Villa,1,1579.8,Touch,Damien DUFF,Fulham,,-24.77,-26.52,A,186,False,False,0.0
Fulham,Aston Villa,1,1581.3,Cross,Damien DUFF,Fulham,,-22.55,-25.94,A,186,False,False,0.0
Fulham,Aston Villa,1,1582.4,Clearance,Stephen WARNOCK,Aston Villa,,-38.05,-6.2,A,186,False,False,0.0
Fulham,Aston Villa,1,1584.0,Touch,Danny MURPHY,Fulham,,-28.31,14.33,A,186,False,False,0.0
Fulham,Aston Villa,1,1584.4,Touch,Danny MURPHY,Fulham,,-27.1,14.31,A,186,False,False,0.0
Fulham,Aston Villa,1,1585.3,Touch,Danny MURPHY,Fulham,,-25.51,14.35,A,186,False,False,0.0
Fulham,Aston Villa,1,1585.5,Touch,Danny MURPHY,Fulham,,-25.47,14.58,A,186,False,False,0.0
Fulham,Aston Villa,1,1586.8,Dribble,Danny MURPHY,Fulham,,-29.1842857142846,17.92285714285614,A,186,False,False,0.0
Fulham,Aston Villa,1,1586.9,Cross,Danny MURPHY,Fulham,,-29.47,18.18,A,186,False,False,0.0
Fulham,Aston Villa,1,1587.7,Header,James COLLINS,Aston Villa,,-38.14,0.61,A,186,False,False,0.0
Fulham,Aston Villa,1,1590.4,Header,Clint DEMPSEY,Fulham,,-32.03,1.55,A,186,False,True,0.0
Fulham,Aston Villa,1,1592.2,Header,Stephen WARNOCK,Aston Villa,,-36.11,-5.13,B,187,True,False,0.0
Fulham,Aston Villa,1,1594.6,Clearance,Gabriel AGBONLAHOR,Aston Villa,,-34.85,-22.47,B,187,False,True,0.0
Fulham,Aston Villa,1,1595.6,Ball Out Of Play,,,,-21.0,-34.0,U,-1,False,False,0.0
Fulham,Aston Villa,1,1607.2,Throw In,Aaron HUGHES,Fulham,,-24.8,-33.0,A,188,False,False,0.0
Fulham,Aston Villa,1,1608.8,Touch,Damien DUFF,Fulham,,-42.36,-28.23,A,188,False,False,0.0
Fulham,Aston Villa,1,1610.1,Touch,Damien DUFF,Fulham,,-44.57,-27.92,A,188,False,False,0.0
Fulham,Aston Villa,1,1610.6,Pass,Damien DUFF,Fulham,,-44.66,-28.5,A,188,False,False,0.0
Fulham,Aston Villa,1,1611.3,Touch,Aaron HUGHES,Fulham,,-34.08,-30.96,A,188,False,False,0.0
Fulham,Aston Villa,1,1612.2,Touch,Aaron HUGHES,Fulham,,-34.14,-30.87,A,188,False,False,0.0
Fulham,Aston Villa,1,1613.2,Touch,Aaron HUGHES,Fulham,,-36.73,-30.16,A,188,False,False,0.0
Fulham,Aston Villa,1,1613.8,Touch,Aaron HUGHES,Fulham,,-39.06,-29.47,A,188,False,False,0.0
Fulham,Aston Villa,1,1614.0,Pass,Aaron HUGHES,Fulham,,-39.43,-29.54,A,188,False,False,0.0
Fulham,Aston Villa,1,1615.3,Touch,Damien DUFF,Fulham,,-38.76,-29.71,A,188,False,False,0.0
Fulham,Aston Villa,1,1616.1,Touch,Damien DUFF,Fulham,,-37.53,-30.48,A,188,False,False,0.0
Fulham,Aston Villa,1,1617.7,Cross,Damien DUFF,Fulham,,-33.97,-29.51,A,188,False,True,0.0
Fulham,Aston Villa,1,1620.0,Goalkeeper Catch,Shay GIVEN,Aston Villa,,-45.55,1.16,B,189,True,False,0.0
Fulham,Aston Villa,1,1632.6,Goalkeeper Kick,Shay GIVEN,Aston Villa,,-35.42,0.0,B,189,False,True,0.0
Fulham,Aston Villa,1,1635.8,Header,Brede HANGELAND,Fulham,,19.44,5.87,A,190,True,False,0.0
Fulham,Aston Villa,1,1640.2,Pass,Philippe SENDEROS,Fulham,,39.21,-15.44,A,190,False,False,0.0
Fulham,Aston Villa,1,1641.7,Clearance,Mark SCHWARZER,Fulham,,47.74,-5.63,A,190,False,False,0.0
Fulham,Aston Villa,1,1645.0,Header,James COLLINS,Aston Villa,,-6.59,-0.96,A,190,False,False,0.0
Fulham,Aston Villa,1,1646.0,Header,Dickson ETUHU,Fulham,,5.1,-3.96,A,190,False,False,0.0
Fulham,Aston Villa,1,1647.1,Touch,Bobby ZAMORA,Fulham,,-3.69,2.73,A,190,False,False,0.0
Fulham,Aston Villa,1,1647.5,Pass,Bobby ZAMORA,Fulham,,-2.7,3.35,A,190,False,False,0.0
Fulham,Aston Villa,1,1648.0,Pass,Clint DEMPSEY,Fulham,,-0.94,9.14,A,190,False,False,0.0
Fulham,Aston Villa,1,1649.1,Touch,Danny MURPHY,Fulham,,4.27,4.3,A,190,False,False,0.0
Fulham,Aston Villa,1,1650.2,Touch,Danny MURPHY,Fulham,,3.76,2.88,A,190,False,False,0.0
Fulham,Aston Villa,1,1650.9,Touch,Danny MURPHY,Fulham,,3.23,2.45,A,190,False,False,0.0
Fulham,Aston Villa,1,1651.9,Pass,Danny MURPHY,Fulham,,-0.72,4.97,A,190,False,False,0.0
Fulham,Aston Villa,1,1653.3,Touch,Andrew JOHNSON,Fulham,,-19.15,22.32,A,190,False,True,0.0
Fulham,Aston Villa,1,1654.8,Ball Out Of Play,,,,-24.0,35.0,U,-1,False,False,0.0
Fulham,Aston Villa,1,1682.6,Substitution,Bobby ZAMORA,Fulham,Moussa DEMBELE,-0.91,31.24,U,-1,False,False,0.0
Fulham,Aston Villa,1,1705.9,Throw In,Luke YOUNG,Aston Villa,,-16.16,33.49,B,191,False,False,0.0
Fulham,Aston Villa,1,1708.1,Header,Emile HESKEY,Aston Villa,,7.94,31.21,B,191,False,False,0.0
Fulham,Aston Villa,1,1709.3,Touch,Marc ALBRIGHTON,Aston Villa,,15.14,25.35,B,191,False,False,0.0
Fulham,Aston Villa,1,1710.0,Pass,Marc ALBRIGHTON,Aston Villa,,15.79,26.23,B,191,False,False,0.0
Fulham,Aston Villa,1,1711.2,Tackle,Darren BENT,Aston Villa,Brede HANGELAND,26.58,29.79,B,191,False,False,0.0
Fulham,Aston Villa,1,1713.4,Touch,Darren BENT,Aston Villa,,35.19,29.74,B,191,False,False,0.0
Fulham,Aston Villa,1,1714.6,Touch,Darren BENT,Aston Villa,,36.52,32.16,B,191,False,False,0.0
Fulham,Aston Villa,1,1715.4,Touch,Darren BENT,Aston Villa,,36.87,31.24,B,191,False,False,0.0
Fulham,Aston Villa,1,1716.0,Touch,Darren BENT,Aston Villa,,36.34,29.11,B,191,False,False,0.0
Fulham,Aston Villa,1,1716.4,Touch,Darren BENT,Aston Villa,,36.37,27.58,B,191,False,False,0.0
Fulham,Aston Villa,1,1717.8,Dribble,Darren BENT,Aston Villa,,41.76466666666526,25.83466666666712,B,191,False,False,0.0
Fulham,Aston Villa,1,1717.9,Cross,Darren BENT,Aston Villa,,42.15,25.71,B,191,False,True,0.0
Fulham,Aston Villa,1,1719.0,Touch,Philippe SENDEROS,Fulham,,42.8,5.38,A,192,True,False,0.0
Fulham,Aston Villa,1,1719.6,Touch,Philippe SENDEROS,Fulham,,43.31,5.39,A,192,False,False,0.0
Fulham,Aston Villa,1,1720.4,Pass,Philippe SENDEROS,Fulham,,43.22,6.48,A,192,False,False,0.0
Fulham,Aston Villa,1,1721.7,Touch,John ARNE RIISE,Fulham,,48.41,13.31,A,192,False,False,0.0
Fulham,Aston Villa,1,1722.6,Touch,John ARNE RIISE,Fulham,,47.96,15.49,A,192,False,False,0.0
Fulham,Aston Villa,1,1725.9,Pass,John ARNE RIISE,Fulham,,47.55,26.95,A,192,False,True,0.0
Fulham,Aston Villa,1,1729.5,Header,James COLLINS,Aston Villa,,-16.04,10.03,B,193,True,False,0.0
Fulham,Aston Villa,1,1731.0,Pass,Stephen WARNOCK,Aston Villa,,-11.09,-4.77,B,193,False,False,0.0
Fulham,Aston Villa,1,1734.6,Touch,Shay GIVEN,Aston Villa,,-42.46,-13.09,B,193,False,False,0.0
Fulham,Aston Villa,1,1736.6,Touch,Shay GIVEN,Aston Villa,,-40.09,-22.78,B,193,False,False,0.0
Fulham,Aston Villa,1,1743.5,Pass,Shay GIVEN,Aston Villa,,-39.75,-20.77,B,193,False,False,0.0
Fulham,Aston Villa,1,1746.5,Header,Aaron HUGHES,Fulham,,17.13,-22.74,B,193,False,False,0.0
Fulham,Aston Villa,1,1748.8,Header,Richard DUNNE,Aston Villa,,-6.83,-23.18,B,193,False,False,0.0
Fulham,Aston Villa,1,1751.8,Header,Aaron HUGHES,Fulham,,22.39,-29.76,B,193,False,False,0.0
Fulham,Aston Villa,1,1754.2,Pass,Gabriel AGBONLAHOR,Aston Villa,,23.66,-22.5,B,193,False,False,0.0
Fulham,Aston Villa,1,1757.6,Pass,Darren BENT,Aston Villa,,48.33,-11.2,B,193,False,False,0.0
Fulham,Aston Villa,1,1759.4,Touch,Marc ALBRIGHTON,Aston Villa,,34.32,11.21,B,193,False,False,0.0
Fulham,Aston Villa,1,1759.7,Touch,Marc ALBRIGHTON,Aston Villa,,34.35,11.1,B,193,False,False,0.0
Fulham,Aston Villa,1,1760.7,Shot,Marc ALBRIGHTON,Aston Villa,,35.82,11.94,B,193,False,True,0.0333829564328116
Fulham,Aston Villa,1,1761.4,Ball Out Of Play,,,,52.0,5.0,U,-1,False,False,0.0
Fulham,Aston Villa,1,1793.2,Goal Kick,Mark SCHWARZER,Fulham,,45.51,8.35,A,194,False,False,0.0
Fulham,Aston Villa,1,1796.5,Header,Stiliyan PETROV,Aston Villa,,-7.64,8.57,A,194,False,False,0.0
Fulham,Aston Villa,1,1800.0,Goalkeeper Catch,Mark SCHWARZER,Fulham,,38.59,4.05,A,194,False,False,0.0
Fulham,Aston Villa,1,1801.2,Goalkeeper Throw,Mark SCHWARZER,Fulham,,37.31,3.75,A,194,False,False,0.0
Fulham,Aston Villa,1,1803.3,Touch,Brede HANGELAND,Fulham,,27.39,11.53,A,194,False,False,0.0
Fulham,Aston Villa,1,1804.9,Touch,Brede HANGELAND,Fulham,,24.79,10.73,A,194,False,False,0.0
Fulham,Aston Villa,1,1806.9,Touch,Brede HANGELAND,Fulham,,20.3,9.43,A,194,False,False,0.0
Fulham,Aston Villa,1,1808.8,Pass,Brede HANGELAND,Fulham,,9.8,8.07,A,194,False,False,0.0
Fulham,Aston Villa,1,1809.9,Pass,Dickson ETUHU,Fulham,,1.08,-6.29,A,194,False,False,0.0
Fulham,Aston Villa,1,1811.6,Touch,Philippe SENDEROS,Fulham,,13.05,-11.84,A,194,False,False,0.0
Fulham,Aston Villa,1,1812.2,Touch,Philippe SENDEROS,Fulham,,12.46,-12.94,A,194,False,False,0.0
Fulham,Aston Villa,1,1813.5,Touch,Philippe SENDEROS,Fulham,,8.21,-14.59,A,194,False,False,0.0
Fulham,Aston Villa,1,1814.1,Pass,Philippe SENDEROS,Fulham,,6.69,-15.39,A,194,False,False,0.0
Fulham,Aston Villa,1,1815.2,Pass,Damien DUFF,Fulham,,-4.64,-17.61,A,194,False,False,0.0
Fulham,Aston Villa,1,1816.4,Touch,Philippe SENDEROS,Fulham,,7.81,-17.1,A,194,False,False,0.0
Fulham,Aston Villa,1,1817.9,Touch,Philippe SENDEROS,Fulham,,10.04,-19.5,A,194,False,False,0.0
Fulham,Aston Villa,1,1818.6,Touch,Philippe SENDEROS,Fulham,,10.42,-20.7,A,194,False,False,0.0
Fulham,Aston Villa,1,1819.4,Touch,Philippe SENDEROS,Fulham,,9.39,-20.98,A,194,False,False,0.0
Fulham,Aston Villa,1,1820.0,Pass,Philippe SENDEROS,Fulham,,8.41,-20.04,A,194,False,False,0.0
Fulham,Aston Villa,1,1821.1,Touch,Dickson ETUHU,Fulham,,-0.47,-5.64,A,194,False,False,0.0
Fulham,Aston Villa,1,1823.2,Pass,Dickson ETUHU,Fulham,,-0.43,2.38,A,194,False,False,0.0
Fulham,Aston Villa,1,1824.6,Touch,Danny MURPHY,Fulham,,-5.19,21.54,A,194,False,False,0.0
Fulham,Aston Villa,1,1825.4,Touch,Danny MURPHY,Fulham,,-6.84,22.33,A,194,False,False,0.0
Fulham,Aston Villa,1,1825.8,Pass,Danny MURPHY,Fulham,,-7.09,22.38,A,194,False,False,0.0
Fulham,Aston Villa,1,1826.9,Touch,Dickson ETUHU,Fulham,,0.29,7.81,A,194,False,False,0.0
Fulham,Aston Villa,1,1828.0,Pass,Dickson ETUHU,Fulham,,1.76,7.0,A,194,False,False,0.0
Fulham,Aston Villa,1,1829.2,Touch,Moussa DEMBELE,Fulham,,-7.88,-8.18,A,194,False,False,0.0
Fulham,Aston Villa,1,1829.5,Touch,Moussa DEMBELE,Fulham,,-7.17,-9.18,A,194,False,False,0.0
Fulham,Aston Villa,1,1830.5,Touch,Moussa DEMBELE,Fulham,,-6.15,-10.6,A,194,False,False,0.0
Fulham,Aston Villa,1,1831.1,Touch,Moussa DEMBELE,Fulham,,-6.38,-8.83,A,194,False,False,0.0
Fulham,Aston Villa,1,1831.6,Touch,Moussa DEMBELE,Fulham,,-8.51,-5.97,A,194,False,False,0.0
Fulham,Aston Villa,1,1832.0,Pass,Moussa DEMBELE,Fulham,,-9.84,-4.44,A,194,False,False,0.0
Fulham,Aston Villa,1,1832.7,Touch,Clint DEMPSEY,Fulham,,-19.24,3.48,A,194,False,False,0.0
Fulham,Aston Villa,1,1833.3,Touch,Clint DEMPSEY,Fulham,,-19.87,1.01,A,194,False,False,0.0
Fulham,Aston Villa,1,1834.0,Touch,Clint DEMPSEY,Fulham,,-20.2,-3.54,A,194,False,False,0.0
Fulham,Aston Villa,1,1834.4,Dribble,Clint DEMPSEY,Fulham,,-21.007999999999267,-6.011999999997752,A,194,False,False,0.0
Fulham,Aston Villa,1,1834.5,Pass,Clint DEMPSEY,Fulham,,-21.21,-6.63,A,194,False,True,0.0
Fulham,Aston Villa,1,1835.4,Clearance,Richard DUNNE,Aston Villa,,-33.83,-9.16,B,195,True,False,0.0
Fulham,Aston Villa,1,1836.9,Touch,Gabriel AGBONLAHOR,Aston Villa,,-21.1,-26.38,B,195,False,False,0.0
Fulham,Aston Villa,1,1838.3,Pass,Gabriel AGBONLAHOR,Aston Villa,,-22.34,-27.91,B,195,False,False,0.0
Fulham,Aston Villa,1,1839.6,Touch,Stephen WARNOCK,Aston Villa,,-38.07,-21.97,B,195,False,False,0.0
Fulham,Aston Villa,1,1841.1,Touch,Stephen WARNOCK,Aston Villa,,-38.25,-23.04,B,195,False,False,0.0
Fulham,Aston Villa,1,1842.0,Touch,Stephen WARNOCK,Aston Villa,,-38.45,-24.37,B,195,False,False,0.0
Fulham,Aston Villa,1,1843.5,Pass,Stephen WARNOCK,Aston Villa,,-38.62,-22.11,B,195,False,False,0.0
Fulham,Aston Villa,1,1846.1,Header,Darren BENT,Aston Villa,,0.65,-18.02,B,195,False,True,0.0
Fulham,Aston Villa,1,1849.2,Touch,Brede HANGELAND,Fulham,,22.72,-20.71,A,196,True,False,0.0
Fulham,Aston Villa,1,1850.4,Touch,Brede HANGELAND,Fulham,,25.62,-21.95,A,196,False,False,0.0
Fulham,Aston Villa,1,1851.4,Pass,Brede HANGELAND,Fulham,,27.1,-21.24,A,196,False,False,0.0
Fulham,Aston Villa,1,1853.3,Touch,Dickson ETUHU,Fulham,,16.39,-2.48,A,196,False,False,0.0
Fulham,Aston Villa,1,1854.7,Touch,Dickson ETUHU,Fulham,,13.86,-1.6,A,196,False,False,0.0
Fulham,Aston Villa,1,1855.9,Pass,Dickson ETUHU,Fulham,,10.05,1.72,A,196,False,False,0.0
Fulham,Aston Villa,1,1857.8,Pass,Danny MURPHY,Fulham,,2.38,20.4,A,196,False,False,0.0
Fulham,Aston Villa,1,1859.4,Pass,John ARNE RIISE,Fulham,,-8.88,29.33,A,196,False,False,0.0
Fulham,Aston Villa,1,1860.3,Touch,Clint DEMPSEY,Fulham,,-10.08,18.74,A,196,False,False,0.0
Fulham,Aston Villa,1,1861.5,Pass,Clint DEMPSEY,Fulham,,-7.85,17.2,A,196,False,False,0.0
Fulham,Aston Villa,1,1862.0,Touch,Danny MURPHY,Fulham,,-1.58,20.16,A,196,False,False,0.0
Fulham,Aston Villa,1,1863.1,Pass,Danny MURPHY,Fulham,,-0.52,18.63,A,196,False,False,0.0
Fulham,Aston Villa,1,1863.8,Touch,Dickson ETUHU,Fulham,,6.99,12.49,A,196,False,False,0.0
Fulham,Aston Villa,1,1864.6,Pass,Dickson ETUHU,Fulham,,7.21,11.79,A,196,False,False,0.0
Fulham,Aston Villa,1,1865.5,Stoppage,,,,-6.0,-32.0,U,-1,False,False,0.0
Fulham,Aston Villa,1,1928.6,Drop Ball,,,,-11.42,1.68,B,197,False,False,0.0
Fulham,Aston Villa,1,1930.6,Clearance,Richard DUNNE,Aston Villa,,-11.42,1.68,B,197,False,True,0.0
Fulham,Aston Villa,1,1934.2,Goalkeeper Catch,Mark SCHWARZER,Fulham,,44.34,2.55,A,198,True,False,0.0
Fulham,Aston Villa,1,1935.1,Goalkeeper Throw,Mark SCHWARZER,Fulham,,43.97,2.81,A,198,False,False,0.0
Fulham,Aston Villa,1,1937.2,Touch,Philippe SENDEROS,Fulham,,25.7,-22.62,A,198,False,False,0.0
Fulham,Aston Villa,1,1938.3,Touch,Philippe SENDEROS,Fulham,,25.28,-22.74,A,198,False,False,0.0
Fulham,Aston Villa,1,1939.0,Pass,Philippe SENDEROS,Fulham,,24.52,-23.82,A,198,False,False,0.0
Fulham,Aston Villa,1,1941.4,Touch,Brede HANGELAND,Fulham,,32.74,1.69,A,198,False,False,0.0
Fulham,Aston Villa,1,1943.3,Pass,Brede HANGELAND,Fulham,,30.97,-0.96,A,198,False,False,0.0
Fulham,Aston Villa,1,1945.3,Touch,Philippe SENDEROS,Fulham,,22.02,-23.33,A,198,False,False,0.0
Fulham,Aston Villa,1,1947.2,Pass,Philippe SENDEROS,Fulham,,13.11,-23.28,A,198,False,True,0.0
Fulham,Aston Villa,1,1951.4,Ball Out Of Play,,,,-52.0,-19.0,U,-1,False,False,0.0
Fulham,Aston Villa,1,1980.0,Goal Kick,Shay GIVEN,Aston Villa,,-46.03,-8.2,B,199,False,False,0.0
Fulham,Aston Villa,1,1983.2,Header,Dickson ETUHU,Fulham,,14.87,-23.77,B,199,False,False,0.0
Fulham,Aston Villa,1,1985.1,Ball Out Of Play,,,,20.0,-34.0,U,-1,False,False,0.0
Fulham,Aston Villa,1,1994.3,Throw In,Stephen WARNOCK,Aston Villa,,19.26,-33.5,B,200,False,False,0.0
Fulham,Aston Villa,1,1995.2,Touch,Stiliyan PETROV,Aston Villa,,12.72,-26.42,B,200,False,False,0.0
Fulham,Aston Villa,1,1995.9,Pass,Stiliyan PETROV,Aston Villa,,11.89,-27.13,B,200,False,False,0.0
Fulham,Aston Villa,1,1996.7,Pass,Stephen WARNOCK,Aston Villa,,16.1,-31.45,B,200,False,False,0.0
Fulham,Aston Villa,1,1999.1,Pass,Stiliyan PETROV,Aston Villa,,6.03,-27.39,B,200,False,False,0.0
Fulham,Aston Villa,1,2001.3,Pass,Richard DUNNE,Aston Villa,,-15.55,-18.45,B,200,False,False,0.0
Fulham,Aston Villa,1,2003.2,Touch,James COLLINS,Aston Villa,,-17.26,3.03,B,200,False,False,0.0
Fulham,Aston Villa,1,2004.0,Pass,James COLLINS,Aston Villa,,-17.32,3.4,B,200,False,False,0.0
Fulham,Aston Villa,1,2005.2,Touch,Richard DUNNE,Aston Villa,,-16.52,-11.08,B,200,False,False,0.0
Fulham,Aston Villa,1,2007.1,Pass,Richard DUNNE,Aston Villa,,-14.1,-12.98,B,200,False,False,0.0
Fulham,Aston Villa,1,2008.3,Pass,Fabian DELPH,Aston Villa,,0.88,-14.15,B,200,False,False,0.0
Fulham,Aston Villa,1,2009.4,Pass,Stiliyan PETROV,Aston Villa,,-3.39,-6.0,B,200,False,False,0.0
Fulham,Aston Villa,1,2012.5,Touch,James COLLINS,Aston Villa,,-22.67,-2.81,B,200,False,False,0.0
Fulham,Aston Villa,1,2013.8,Pass,James COLLINS,Aston Villa,,-24.64,-2.82,B,200,False,False,0.0
Fulham,Aston Villa,1,2015.0,Touch,Richard DUNNE,Aston Villa,,-23.08,-16.51,B,200,False,False,0.0
Fulham,Aston Villa,1,2016.1,Pass,Richard DUNNE,Aston Villa,,-24.21,-15.93,B,200,False,False,0.0
Fulham,Aston Villa,1,2018.8,Touch,Shay GIVEN,Aston Villa,,-41.2,1.39,B,200,False,False,0.0
Fulham,Aston Villa,1,2021.9,Pass,Shay GIVEN,Aston Villa,,-40.49,3.91,B,200,False,False,0.0
Fulham,Aston Villa,1,2024.9,Header,Darren BENT,Aston Villa,,15.4,-3.49,B,200,False,False,0.0
Fulham,Aston Villa,1,2027.1,Clearance,Aaron HUGHES,Fulham,,34.68,-9.1,B,200,False,False,0.0
Fulham,Aston Villa,1,2028.9,Ball Out Of Play,,,,51.0,10.0,U,-1,False,False,0.0
Fulham,Aston Villa,1,2055.9,Corner Cross,Marc ALBRIGHTON,Aston Villa,,49.97,32.38,B,201,False,False,0.0
Fulham,Aston Villa,1,2057.0,Header,Moussa DEMBELE,Fulham,,46.58,7.5,B,201,False,False,0.0
Fulham,Aston Villa,1,2057.6,Ball Out Of Play,,,,52.0,5.0,U,-1,False,False,0.0
Fulham,Aston Villa,1,2082.2,Corner Cross,Fabian DELPH,Aston Villa,,50.04,32.21,B,202,False,False,0.0
Fulham,Aston Villa,1,2084.2,Header Shot,Richard DUNNE,Aston Villa,,42.32,-4.1,B,202,False,False,0.0547964401688655
Fulham,Aston Villa,1,2084.3,Block,Aaron HUGHES,Fulham,,44.11,-3.68,B,202,False,False,0.0
Fulham,Aston Villa,1,2085.1,Ball Out Of Play,,,,52.0,-5.0,U,-1,False,False,0.0
Fulham,Aston Villa,1,2109.6,Corner Cross,Marc ALBRIGHTON,Aston Villa,,50.08,-32.42,B,203,False,True,0.0
Fulham,Aston Villa,1,2111.0,Goalkeeper Punch,Mark SCHWARZER,Fulham,,46.99,-1.73,A,204,True,False,0.0
Fulham,Aston Villa,1,2112.3,Clearance,Andrew JOHNSON,Fulham,,32.12,2.05,A,204,False,True,0.0
Fulham,Aston Villa,1,2114.4,Touch,Stiliyan PETROV,Aston Villa,,22.42,14.14,B,205,True,False,0.0
Fulham,Aston Villa,1,2115.9,Touch,Stiliyan PETROV,Aston Villa,,23.53,18.24,B,205,False,False,0.0
Fulham,Aston Villa,1,2117.4,Pass,Stiliyan PETROV,Aston Villa,,24.51,18.68,B,205,False,False,0.0
Fulham,Aston Villa,1,2118.6,Touch,Fabian DELPH,Aston Villa,,15.89,5.06,B,205,False,False,0.0
Fulham,Aston Villa,1,2119.5,Pass,Fabian DELPH,Aston Villa,,14.37,7.09,B,205,False,False,0.0
Fulham,Aston Villa,1,2120.9,Touch,Luke YOUNG,Aston Villa,,9.45,25.26,B,205,False,False,0.0
Fulham,Aston Villa,1,2121.8,Pass,Luke YOUNG,Aston Villa,,9.93,25.69,B,205,False,False,0.0
Fulham,Aston Villa,1,2122.8,Touch,Stiliyan PETROV,Aston Villa,,22.68,30.66,B,205,False,False,0.0
Fulham,Aston Villa,1,2123.6,Touch,Stiliyan PETROV,Aston Villa,,22.31,31.11,B,205,False,False,0.0
Fulham,Aston Villa,1,2124.3,Touch,Stiliyan PETROV,Aston Villa,,22.01,31.22,B,205,False,False,0.0
Fulham,Aston Villa,1,2125.3,Pass,Stiliyan PETROV,Aston Villa,,19.85,30.47,B,205,False,False,0.0
Fulham,Aston Villa,1,2126.6,Touch,Fabian DELPH,Aston Villa,,3.71,17.09,B,205,False,False,0.0
Fulham,Aston Villa,1,2127.6,Pass,Fabian DELPH,Aston Villa,,1.0,14.26,B,205,False,False,0.0
Fulham,Aston Villa,1,2130.2,Touch,Stephen WARNOCK,Aston Villa,,-3.23,-8.26,B,205,False,False,0.0
Fulham,Aston Villa,1,2132.5,Pass,Stephen WARNOCK,Aston Villa,,8.41,-14.69,B,205,False,True,0.0
Fulham,Aston Villa,1,2134.9,Goalkeeper Catch,Mark SCHWARZER,Fulham,,40.04,1.51,A,206,True,False,0.0
Fulham,Aston Villa,1,2142.2,Touch,Mark SCHWARZER,Fulham,,37.84,2.83,A,206,False,False,0.0
Fulham,Aston Villa,1,2143.9,Pass,Mark SCHWARZER,Fulham,,38.51,3.09,A,206,False,False,0.0
Fulham,Aston Villa,1,2145.1,Touch,John ARNE RIISE,Fulham,,26.5,22.49,A,206,False,False,0.0
Fulham,Aston Villa,1,2146.7,Touch,John ARNE RIISE,Fulham,,20.88,26.17,A,206,False,False,0.0
Fulham,Aston Villa,1,2147.6,Touch,John ARNE RIISE,Fulham,,18.27,27.21,A,206,False,False,0.0
Fulham,Aston Villa,1,2149.3,Touch,John ARNE RIISE,Fulham,,14.09,29.99,A,206,False,False,0.0
Fulham,Aston Villa,1,2150.0,Pass,John ARNE RIISE,Fulham,,13.89,30.34,A,206,False,False,0.0
Fulham,Aston Villa,1,2151.5,Touch,Danny MURPHY,Fulham,,16.39,18.86,A,206,False,False,0.0
Fulham,Aston Villa,1,2153.2,Touch,Danny MURPHY,Fulham,,14.68,16.27,A,206,False,False,0.0
Fulham,Aston Villa,1,2154.3,Pass,Danny MURPHY,Fulham,,13.62,15.09,A,206,False,False,0.0
Fulham,Aston Villa,1,2155.5,Touch,Clint DEMPSEY,Fulham,,-9.61,16.6,A,206,False,False,0.0
Fulham,Aston Villa,1,2157.1,Foul,Clint DEMPSEY,Fulham,Stiliyan PETROV,-6.41,16.79,U,-1,False,False,0.0
Fulham,Aston Villa,1,2167.6,Yellow Card,Stiliyan PETROV,Aston Villa,,-6.31,16.62,U,-1,False,False,0.0
Fulham,Aston Villa,1,2177.7,Direct Free Kick Pass,Danny MURPHY,Fulham,,-7.81,15.83,A,207,False,False,0.0
Fulham,Aston Villa,1,2179.4,Touch,Dickson ETUHU,Fulham,,-9.33,-8.82,A,207,False,False,0.0
Fulham,Aston Villa,1,2180.3,Pass,Dickson ETUHU,Fulham,,-10.4,-10.04,A,207,False,False,0.0
Fulham,Aston Villa,1,2181.2,Touch,Moussa DEMBELE,Fulham,,-22.29,-13.81,A,207,False,False,0.0
Fulham,Aston Villa,1,2181.9,Pass,Moussa DEMBELE,Fulham,,-21.24,-12.06,A,207,False,False,0.0
Fulham,Aston Villa,1,2183.0,Touch,Dickson ETUHU,Fulham,,-10.23,-11.8,A,207,False,False,0.0
Fulham,Aston Villa,1,2183.7,Pass,Dickson ETUHU,Fulham,,-10.08,-11.98,A,207,False,True,0.0
Fulham,Aston Villa,1,2185.2,Pass,Stiliyan PETROV,Aston Villa,,-17.53,-3.62,A,207,True,False,0.0
Fulham,Aston Villa,1,2185.9,Foul,Stiliyan PETROV,Aston Villa,Moussa DEMBELE,-15.36,-4.36,U,-1,False,False,0.0
Fulham,Aston Villa,1,2193.3,Yellow Card,Moussa DEMBELE,Fulham,,-7.53,1.32,U,-1,False,False,0.0
Fulham,Aston Villa,1,2215.3,Direct Free Kick Pass,James COLLINS,Aston Villa,,-12.95,-2.52,B,208,False,False,0.0
Fulham,Aston Villa,1,2218.4,Header,Dickson ETUHU,Fulham,,30.41,-16.41,B,208,False,False,0.0
Fulham,Aston Villa,1,2220.9,Touch,Gabriel AGBONLAHOR,Aston Villa,,40.4,-25.52,B,208,False,False,0.0
Fulham,Aston Villa,1,2221.5,Touch,Gabriel AGBONLAHOR,Aston Villa,,41.15,-26.51,B,208,False,False,0.0
Fulham,Aston Villa,1,2222.1,Pass,Gabriel AGBONLAHOR,Aston Villa,,40.38,-27.22,B,208,False,False,0.0
Fulham,Aston Villa,1,2223.9,Cross,Stephen WARNOCK,Aston Villa,,24.95,-29.16,B,208,False,True,0.0
Fulham,Aston Villa,1,2225.7,Header,Brede HANGELAND,Fulham,,41.55,2.37,A,209,True,False,0.0
Fulham,Aston Villa,1,2228.5,Header,Dickson ETUHU,Fulham,,31.19,-8.48,A,209,False,True,0.0
Fulham,Aston Villa,1,2229.7,Touch,Stiliyan PETROV,Aston Villa,,16.76,-2.82,B,210,True,False,0.0
Fulham,Aston Villa,1,2230.7,Pass,Stiliyan PETROV,Aston Villa,,15.63,-2.75,B,210,False,False,0.0
Fulham,Aston Villa,1,2233.0,Touch,Stephen WARNOCK,Aston Villa,,3.79,-20.58,B,210,False,False,0.0
Fulham,Aston Villa,1,2233.9,Pass,Stephen WARNOCK,Aston Villa,,3.01,-20.59,B,210,False,False,0.0
Fulham,Aston Villa,1,2236.5,Touch,Gabriel AGBONLAHOR,Aston Villa,,33.04,-27.33,B,210,False,False,0.0
Fulham,Aston Villa,1,2237.8,Touch,Gabriel AGBONLAHOR,Aston Villa,,32.44,-28.89,B,210,False,False,0.0
Fulham,Aston Villa,1,2238.3,Pass,Gabriel AGBONLAHOR,Aston Villa,,31.29,-29.04,B,210,False,False,0.0
Fulham,Aston Villa,1,2240.0,Touch,Stephen WARNOCK,Aston Villa,,11.24,-24.84,B,210,False,False,0.0
Fulham,Aston Villa,1,2241.0,Touch,Stephen WARNOCK,Aston Villa,,12.08,-24.4,B,210,False,False,0.0
Fulham,Aston Villa,1,2242.4,Pass,Stephen WARNOCK,Aston Villa,,13.19,-21.32,B,210,False,True,0.0
Fulham,Aston Villa,1,2245.0,Header,John ARNE RIISE,Fulham,,35.52,16.43,A,211,True,False,0.0
Fulham,Aston Villa,1,2246.8,Touch,Clint DEMPSEY,Fulham,,22.47,18.42,A,211,False,False,0.0
Fulham,Aston Villa,1,2248.2,Touch,Clint DEMPSEY,Fulham,,18.38,26.11,A,211,False,False,0.0
Fulham,Aston Villa,1,2248.3,Block,Luke YOUNG,Aston Villa,,16.23,26.79,A,211,False,False,0.0
Fulham,Aston Villa,1,2248.8,Ball Out Of Play,,,,14.0,34.0,U,-1,False,False,0.0
Fulham,Aston Villa,1,2279.2,Throw In,John ARNE RIISE,Fulham,,20.18,33.4,A,212,False,False,0.0
Fulham,Aston Villa,1,2282.5,Pass,Philippe SENDEROS,Fulham,,22.36,-2.69,A,212,False,False,0.0
Fulham,Aston Villa,1,2284.4,Touch,Aaron HUGHES,Fulham,,13.77,-22.85,A,212,False,False,0.0
Fulham,Aston Villa,1,2285.8,Pass,Aaron HUGHES,Fulham,,14.13,-22.34,A,212,False,False,0.0
Fulham,Aston Villa,1,2287.9,Pass,James COLLINS,Aston Villa,,-20.65,-4.74,A,212,False,False,0.0
Fulham,Aston Villa,1,2290.3,Header,Philippe SENDEROS,Fulham,,11.82,-13.82,A,212,False,False,0.0
Fulham,Aston Villa,1,2291.5,Touch,Stiliyan PETROV,Aston Villa,,-7.02,-7.31,A,212,False,False,0.0
Fulham,Aston Villa,1,2293.2,Pass,Dickson ETUHU,Fulham,,1.55,-5.3,A,212,False,False,0.0
Fulham,Aston Villa,1,2294.8,Pass,Danny MURPHY,Fulham,,6.69,2.88,A,212,False,False,0.0
Fulham,Aston Villa,1,2295.6,Touch,Brede HANGELAND,Fulham,,18.01,4.55,A,212,False,False,0.0
Fulham,Aston Villa,1,2296.4,Touch,Brede HANGELAND,Fulham,,17.55,4.95,A,212,False,False,0.0
Fulham,Aston Villa,1,2297.8,Touch,Brede HANGELAND,Fulham,,14.09,4.05,A,212,False,False,0.0
Fulham,Aston Villa,1,2299.7,Touch,Brede HANGELAND,Fulham,,6.03,2.63,A,212,False,False,0.0
Fulham,Aston Villa,1,2300.8,Touch,Brede HANGELAND,Fulham,,2.49,2.58,A,212,False,False,0.0
Fulham,Aston Villa,1,2302.0,Pass,Brede HANGELAND,Fulham,,-0.6,3.1,A,212,False,False,0.0
Fulham,Aston Villa,1,2302.8,Touch,Clint DEMPSEY,Fulham,,-13.41,-3.13,A,212,False,False,0.0
Fulham,Aston Villa,1,2303.3,Foul,Clint DEMPSEY,Fulham,Richard DUNNE,-13.43,-4.32,U,-1,False,False,0.0
Fulham,Aston Villa,1,2311.1,Yellow Card,Richard DUNNE,Aston Villa,,-20.82,-5.68,U,-1,False,False,0.0
Fulham,Aston Villa,1,2332.8,Direct Free Kick Pass,Danny MURPHY,Fulham,,-11.93,-4.45,A,213,False,False,0.0
Fulham,Aston Villa,1,2334.2,Header,Richard DUNNE,Aston Villa,,-35.47,5.66,A,213,False,False,0.0
Fulham,Aston Villa,1,2336.7,Header,John ARNE RIISE,Fulham,,-20.25,4.81,A,213,False,False,0.0
Fulham,Aston Villa,1,2338.8,Header,Dickson ETUHU,Fulham,,-22.86,-5.03,A,213,False,False,0.0
Fulham,Aston Villa,1,2340.2,Header,Richard DUNNE,Aston Villa,,-32.67,-3.46,A,213,False,False,0.0
Fulham,Aston Villa,1,2341.9,Touch,Danny MURPHY,Fulham,,-17.19,-4.2,A,213,False,False,0.0
Fulham,Aston Villa,1,2342.5,Pass,Danny MURPHY,Fulham,,-16.98,-5.73,A,213,False,False,0.0
Fulham,Aston Villa,1,2343.4,Touch,Moussa DEMBELE,Fulham,,-22.59,-17.15,A,213,False,False,0.0
Fulham,Aston Villa,1,2344.2,Touch,Moussa DEMBELE,Fulham,,-20.69,-16.98,A,213,False,False,0.0
Fulham,Aston Villa,1,2345.0,Touch,Moussa DEMBELE,Fulham,,-20.15,-15.8,A,213,False,False,0.0
Fulham,Aston Villa,1,2345.6,Touch,Moussa DEMBELE,Fulham,,-21.77,-14.32,A,213,False,False,0.0
Fulham,Aston Villa,1,2345.8,Touch,Moussa DEMBELE,Fulham,,-22.15,-13.56,A,213,False,False,0.0
Fulham,Aston Villa,1,2346.8,Tackle,Moussa DEMBELE,Fulham,Stiliyan PETROV,-23.6,-9.05,A,213,False,False,0.0
Fulham,Aston Villa,1,2350.3,Foul,Philippe SENDEROS,Fulham,Darren BENT,4.72,-20.73,U,-1,False,False,0.0
Fulham,Aston Villa,1,2356.3,Direct Free Kick Pass,Philippe SENDEROS,Fulham,,9.58,-29.77,A,214,False,False,0.0
Fulham,Aston Villa,1,2358.1,Touch,Brede HANGELAND,Fulham,,14.97,-8.22,A,214,False,False,0.0
Fulham,Aston Villa,1,2359.4,Touch,Brede HANGELAND,Fulham,,10.21,-6.26,A,214,False,False,0.0
Fulham,Aston Villa,1,2361.7,Pass,Brede HANGELAND,Fulham,,5.17,-5.64,A,214,False,False,0.0
Fulham,Aston Villa,1,2362.9,Touch,Andrew JOHNSON,Fulham,,-16.45,5.41,A,214,False,False,0.0
Fulham,Aston Villa,1,2363.5,Touch,Andrew JOHNSON,Fulham,,-16.02,7.09,A,214,False,False,0.0
Fulham,Aston Villa,1,2364.5,Pass,Andrew JOHNSON,Fulham,,-15.88,11.13,A,214,False,False,0.0
Fulham,Aston Villa,1,2365.3,Touch,John ARNE RIISE,Fulham,,-13.6,23.52,A,214,False,False,0.0
Fulham,Aston Villa,1,2365.9,Pass,John ARNE RIISE,Fulham,,-15.27,24.29,A,214,False,False,0.0
Fulham,Aston Villa,1,2367.3,Touch,Damien DUFF,Fulham,,-23.66,30.77,A,214,False,False,0.0
Fulham,Aston Villa,1,2368.5,Pass,Damien DUFF,Fulham,,-22.69,31.28,A,214,False,False,0.0
Fulham,Aston Villa,1,2371.2,Touch,Andrew JOHNSON,Fulham,,-38.9,29.66,A,214,False,False,0.0
Fulham,Aston Villa,1,2371.7,Touch,Andrew JOHNSON,Fulham,,-40.39,29.21,A,214,False,False,0.0
Fulham,Aston Villa,1,2372.9,Touch,Andrew JOHNSON,Fulham,,-44.23,27.48,A,214,False,False,0.0
Fulham,Aston Villa,1,2373.7,Pass,Andrew JOHNSON,Fulham,,-44.45,28.74,A,214,False,False,0.0
Fulham,Aston Villa,1,2374.6,Pass,Damien DUFF,Fulham,,-36.96,31.54,A,214,False,False,0.0
Fulham,Aston Villa,1,2375.9,Touch,John ARNE RIISE,Fulham,,-22.57,23.95,A,214,False,False,0.0
Fulham,Aston Villa,1,2377.1,Pass,John ARNE RIISE,Fulham,,-23.7,23.85,A,214,False,False,0.0
Fulham,Aston Villa,1,2377.2,Block,Emile HESKEY,Aston Villa,,-26.26,21.85,A,214,False,False,0.0
Fulham,Aston Villa,1,2378.3,Ball Out Of Play,,,,-26.0,34.0,U,-1,False,False,0.0
Fulham,Aston Villa,1,2384.4,Throw In,John ARNE RIISE,Fulham,,-24.93,33.5,A,215,False,False,0.0
Fulham,Aston Villa,1,2386.1,Header,James COLLINS,Aston Villa,,-38.55,12.28,A,215,False,False,0.0
Fulham,Aston Villa,1,2388.1,Touch,John ARNE RIISE,Fulham,,-22.22,27.67,A,215,False,False,0.0
Fulham,Aston Villa,1,2389.5,Pass,John ARNE RIISE,Fulham,,-15.49,24.38,A,215,False,False,0.0
Fulham,Aston Villa,1,2392.4,Pass,Philippe SENDEROS,Fulham,,0.53,-12.85,A,215,False,False,0.0
Fulham,Aston Villa,1,2393.8,Touch,Aaron HUGHES,Fulham,,-11.62,-26.95,A,215,False,False,0.0
Fulham,Aston Villa,1,2394.6,Pass,Aaron HUGHES,Fulham,,-9.87,-28.19,A,215,False,False,0.0
Fulham,Aston Villa,1,2396.7,Pass,Philippe SENDEROS,Fulham,,9.31,-24.22,A,215,False,False,0.0
Fulham,Aston Villa,1,2398.9,Touch,Danny MURPHY,Fulham,,7.93,-3.69,A,215,False,False,0.0
Fulham,Aston Villa,1,2399.8,Pass,Danny MURPHY,Fulham,,8.25,-2.5,A,215,False,False,0.0
Fulham,Aston Villa,1,2401.6,Touch,Brede HANGELAND,Fulham,,8.33,11.71,A,215,False,False,0.0
Fulham,Aston Villa,1,2402.9,Pass,Brede HANGELAND,Fulham,,7.62,11.96,A,215,False,False,0.0
Fulham,Aston Villa,1,2404.1,Touch,Andrew JOHNSON,Fulham,,-14.28,16.85,A,215,False,False,0.0
Fulham,Aston Villa,1,2406.3,Touch,Andrew JOHNSON,Fulham,,-6.9,23.57,A,215,False,False,0.0
Fulham,Aston Villa,1,2407.2,Pass,Andrew JOHNSON,Fulham,,-4.19,23.6,A,215,False,False,0.0
Fulham,Aston Villa,1,2408.9,Touch,Brede HANGELAND,Fulham,,6.75,22.95,A,215,False,False,0.0
Fulham,Aston Villa,1,2410.5,Pass,Brede HANGELAND,Fulham,,4.68,23.62,A,215,False,True,0.0
Fulham,Aston Villa,1,2410.6,Offside,Damien DUFF,Fulham,,-21.61,15.53,U,-1,False,False,0.0
Fulham,Aston Villa,1,2442.1,Indirect Free Kick Pass,Shay GIVEN,Aston Villa,,-26.09,16.33,B,216,False,True,0.0
Fulham,Aston Villa,1,2448.2,Ball Out Of Play,,,,43.0,-34.0,U,-1,False,False,0.0
Fulham,Aston Villa,1,2455.1,Throw In,Aaron HUGHES,Fulham,,39.39,-33.5,A,217,False,False,0.0
Fulham,Aston Villa,1,2456.2,Pass,Moussa DEMBELE,Fulham,,32.24,-28.96,A,217,False,False,0.0
Fulham,Aston Villa,1,2457.3,Pass,Aaron HUGHES,Fulham,,40.65,-29.1,A,217,False,False,0.0
Fulham,Aston Villa,1,2459.8,Touch,Clint DEMPSEY,Fulham,,11.27,-27.05,A,217,False,False,0.0
Fulham,Aston Villa,1,2461.3,Touch,Clint DEMPSEY,Fulham,,5.68,-23.96,A,217,False,False,0.0
Fulham,Aston Villa,1,2462.1,Touch,Clint DEMPSEY,Fulham,,4.22,-20.57,A,217,False,False,0.0
Fulham,Aston Villa,1,2463.8,Pass,Clint DEMPSEY,Fulham,,3.86,-11.04,A,217,False,False,0.0
Fulham,Aston Villa,1,2464.5,Block,Marc ALBRIGHTON,Aston Villa,,6.49,0.75,A,217,False,False,0.0
Fulham,Aston Villa,1,2466.1,Pass,Clint DEMPSEY,Fulham,,-0.57,-1.25,A,217,False,False,0.0
Fulham,Aston Villa,1,2467.5,Touch,John ARNE RIISE,Fulham,,-5.72,19.49,A,217,False,False,0.0
Fulham,Aston Villa,1,2468.8,Touch,John ARNE RIISE,Fulham,,-13.47,19.53,A,217,False,False,0.0
Fulham,Aston Villa,1,2469.7,Touch,John ARNE RIISE,Fulham,,-18.63,18.39,A,217,False,True,0.0
Fulham,Aston Villa,1,2471.9,Touch,Marc ALBRIGHTON,Aston Villa,,-33.85,21.48,B,218,True,False,0.0
Fulham,Aston Villa,1,2472.7,Clearance,Marc ALBRIGHTON,Aston Villa,,-37.48,25.13,B,218,False,False,0.0
Fulham,Aston Villa,1,2472.8,Block,John ARNE RIISE,Fulham,,-35.37,26.26,B,218,False,False,0.0
Fulham,Aston Villa,1,2472.9,Touch,Marc ALBRIGHTON,Aston Villa,,-38.52,25.85,B,218,False,True,0.0
Fulham,Aston Villa,1,2474.5,Ball Out Of Play,,,,-37.0,35.0,U,-1,False,False,0.0
Fulham,Aston Villa,1,2492.4,Throw In,John ARNE RIISE,Fulham,,-39.8,33.5,A,219,False,False,0.0
Fulham,Aston Villa,1,2494.5,Header,James COLLINS,Aston Villa,,-41.96,4.52,A,219,False,False,0.0
Fulham,Aston Villa,1,2496.0,Shot,Damien DUFF,Fulham,,-28.85,12.2,A,219,False,False,0.0120777712754589
Fulham,Aston Villa,1,2496.5,Block,James COLLINS,Aston Villa,,-38.43,7.69,A,219,False,False,0.0
Fulham,Aston Villa,1,2497.9,Clearance,Fabian DELPH,Aston Villa,,-30.5,10.81,A,219,False,False,0.0
Fulham,Aston Villa,1,2500.9,Ball Out Of Play,,,,-9.0,-34.0,U,-1,False,False,0.0
Fulham,Aston Villa,1,2530.1,Throw In,Aaron HUGHES,Fulham,,-10.08,-33.5,A,220,False,True,0.0
Fulham,Aston Villa,1,2532.4,Touch,Stephen WARNOCK,Aston Villa,,-31.58,-29.26,B,221,True,False,0.0
Fulham,Aston Villa,1,2533.0,Pass,Stephen WARNOCK,Aston Villa,,-32.14,-29.85,B,221,False,False,0.0
Fulham,Aston Villa,1,2533.4,Block,Moussa DEMBELE,Fulham,,-28.57,-30.63,B,221,False,False,0.0
Fulham,Aston Villa,1,2534.3,Pass,Moussa DEMBELE,Fulham,,-31.62,-30.41,B,221,False,False,0.0
Fulham,Aston Villa,1,2534.5,Block,Stephen WARNOCK,Aston Villa,,-33.64,-30.14,B,221,False,False,0.0
Fulham,Aston Villa,1,2534.9,Tackle,Stephen WARNOCK,Aston Villa,Moussa DEMBELE,-33.8,-30.34,B,221,False,False,0.0
Fulham,Aston Villa,1,2536.0,Clearance,Gabriel AGBONLAHOR,Aston Villa,,-35.93,-29.91,B,221,False,True,0.0
Fulham,Aston Villa,1,2536.2,Ball Out Of Play,,,,-36.0,-34.0,U,-1,False,False,0.0
Fulham,Aston Villa,1,2541.9,Throw In,Moussa DEMBELE,Fulham,,-36.66,-33.5,A,222,False,False,0.0
Fulham,Aston Villa,1,2543.9,Touch,Danny MURPHY,Fulham,,-19.63,-22.74,A,222,False,False,0.0
Fulham,Aston Villa,1,2545.2,Touch,Danny MURPHY,Fulham,,-18.38,-21.36,A,222,False,False,0.0
Fulham,Aston Villa,1,2546.2,Pass,Danny MURPHY,Fulham,,-17.05,-20.81,A,222,False,False,0.0
Fulham,Aston Villa,1,2547.0,Touch,Aaron HUGHES,Fulham,,-22.24,-29.86,A,222,False,False,0.0
Fulham,Aston Villa,1,2547.8,Touch,Aaron HUGHES,Fulham,,-22.34,-29.46,A,222,False,False,0.0
Fulham,Aston Villa,1,2549.4,Cross,Aaron HUGHES,Fulham,,-25.58,-25.26,A,222,False,False,0.0
Fulham,Aston Villa,1,2549.6,Block,Stiliyan PETROV,Aston Villa,,-28.02,-22.52,A,222,False,False,0.0
Fulham,Aston Villa,1,2552.1,Header,Fabian DELPH,Aston Villa,,-24.41,-15.53,A,222,False,False,0.0
Fulham,Aston Villa,1,2554.3,Pass,Dickson ETUHU,Fulham,,-20.71,-8.29,A,222,False,True,0.0
Fulham,Aston Villa,1,2555.5,Pass,Fabian DELPH,Aston Villa,,-24.26,-13.55,B,223,True,False,0.0
Fulham,Aston Villa,1,2557.4,Touch,Darren BENT,Aston Villa,,-3.35,-7.98,B,223,False,False,0.0
Fulham,Aston Villa,1,2558.4,Foul,Darren BENT,Aston Villa,Philippe SENDEROS,-5.32,-7.63,U,-1,False,False,0.0
Fulham,Aston Villa,1,2563.0,Direct Free Kick Pass,Darren BENT,Aston Villa,,-4.52,-5.09,B,224,False,False,0.0
Fulham,Aston Villa,1,2564.4,Touch,Luke YOUNG,Aston Villa,,-3.98,19.33,B,224,False,False,0.0
Fulham,Aston Villa,1,2565.5,Touch,Luke YOUNG,Aston Villa,,-2.78,19.97,B,224,False,False,0.0
Fulham,Aston Villa,1,2565.9,Touch,Luke YOUNG,Aston Villa,,-2.42,20.13,B,224,False,False,0.0
Fulham,Aston Villa,1,2567.3,Touch,Luke YOUNG,Aston Villa,,-1.74,20.38,B,224,False,False,0.0
Fulham,Aston Villa,1,2568.4,Pass,Luke YOUNG,Aston Villa,,-1.85,20.0,B,224,False,False,0.0
Fulham,Aston Villa,1,2569.6,Touch,James COLLINS,Aston Villa,,-12.53,10.35,B,224,False,False,0.0
Fulham,Aston Villa,1,2572.1,Pass,James COLLINS,Aston Villa,,-11.98,22.43,B,224,False,False,0.0
Fulham,Aston Villa,1,2574.8,Header,Brede HANGELAND,Fulham,,34.85,25.32,B,224,False,False,0.0
Fulham,Aston Villa,1,2577.2,Ball Out Of Play,,,,48.0,34.0,U,-1,False,False,0.0
Fulham,Aston Villa,1,2596.1,Throw In,Luke YOUNG,Aston Villa,,44.9,33.5,B,225,False,False,0.0
Fulham,Aston Villa,1,2598.1,Header,Dickson ETUHU,Fulham,,42.64,9.91,B,225,False,False,0.0
Fulham,Aston Villa,1,2601.8,Pass,Marc ALBRIGHTON,Aston Villa,,41.58,28.25,B,225,False,False,0.0
Fulham,Aston Villa,1,2602.6,Touch,Luke YOUNG,Aston Villa,,36.58,28.69,B,225,False,False,0.0
Fulham,Aston Villa,1,2603.5,Touch,Luke YOUNG,Aston Villa,,35.91,29.17,B,225,False,False,0.0
Fulham,Aston Villa,1,2605.3,Cross,Luke YOUNG,Aston Villa,,36.33,29.55,B,225,False,True,0.0
Fulham,Aston Villa,1,2607.4,Goalkeeper Catch,Mark SCHWARZER,Fulham,,48.1,0.04,A,226,True,False,0.0
Fulham,Aston Villa,1,2614.7,Goalkeeper Throw,Mark SCHWARZER,Fulham,,36.63,-6.03,A,226,False,True,0.0
Fulham,Aston Villa,1,2618.0,Ball Out Of Play,,,,6.0,-34.0,U,-1,False,False,0.0
Fulham,Aston Villa,1,2649.3,Substitution,Stiliyan PETROV,Aston Villa,Ciaran CLARK,0.29,32.12,U,-1,False,False,0.0
Fulham,Aston Villa,1,2677.4,Throw In,Stephen WARNOCK,Aston Villa,,-3.81,-33.5,B,227,False,False,0.0
Fulham,Aston Villa,1,2678.0,Touch,Gabriel AGBONLAHOR,Aston Villa,,5.15,-30.22,B,227,False,False,0.0
Fulham,Aston Villa,1,2678.7,Touch,Gabriel AGBONLAHOR,Aston Villa,,5.29,-30.18,B,227,False,False,0.0
Fulham,Aston Villa,1,2680.2,Clearance,Gabriel AGBONLAHOR,Aston Villa,,7.65,-28.99,B,227,False,True,0.0
Fulham,Aston Villa,1,2682.5,Goalkeeper Catch,Mark SCHWARZER,Fulham,,48.08,-4.99,A,228,True,False,0.0
Fulham,Aston Villa,1,2687.4,Goalkeeper Throw,Mark SCHWARZER,Fulham,,39.6,-0.55,A,228,False,False,0.0
Fulham,Aston Villa,1,2689.8,Touch,Philippe SENDEROS,Fulham,,24.48,-22.5,A,228,False,False,0.0
Fulham,Aston Villa,1,2691.4,Touch,Philippe SENDEROS,Fulham,,18.42,-21.44,A,228,False,False,0.0
Fulham,Aston Villa,1,2693.0,Pass,Philippe SENDEROS,Fulham,,10.37,-22.44,A,228,False,False,0.0
Fulham,Aston Villa,1,2695.8,Header,Richard DUNNE,Aston Villa,,-31.27,-15.04,A,228,False,False,0.0
Fulham,Aston Villa,1,2697.7,Touch,Moussa DEMBELE,Fulham,,-25.71,-28.44,A,228,False,False,0.0
Fulham,Aston Villa,1,2698.9,Pass,Moussa DEMBELE,Fulham,,-27.92,-31.23,A,228,False,False,0.0
Fulham,Aston Villa,1,2701.2,Header,Richard DUNNE,Aston Villa,,-31.87,-16.03,A,228,False,False,0.0
Fulham,Aston Villa,1,2703.4,Touch,Danny MURPHY,Fulham,,-8.14,-16.62,A,228,False,False,0.0
Fulham,Aston Villa,1,2704.2,Touch,Danny MURPHY,Fulham,,-9.02,-16.63,A,228,False,False,0.0
Fulham,Aston Villa,1,2705.2,Pass,Danny MURPHY,Fulham,,-10.73,-17.81,A,228,False,False,0.0
Fulham,Aston Villa,1,2706.2,Touch,Moussa DEMBELE,Fulham,,-25.34,-25.77,A,228,False,False,0.0
Fulham,Aston Villa,1,2706.8,Touch,Moussa DEMBELE,Fulham,,-25.61,-25.72,A,228,False,False,0.0
Fulham,Aston Villa,1,2708.4,Touch,Moussa DEMBELE,Fulham,,-21.06,-21.1,A,228,False,False,0.0
Fulham,Aston Villa,1,2709.5,Touch,Moussa DEMBELE,Fulham,,-19.57,-15.06,A,228,False,False,0.0
Fulham,Aston Villa,1,2710.3,Touch,Moussa DEMBELE,Fulham,,-20.19,-10.8,A,228,False,False,0.0
Fulham,Aston Villa,1,2711.3,Touch,Moussa DEMBELE,Fulham,,-22.7,-4.89,A,228,False,False,0.0
Fulham,Aston Villa,1,2712.6,Touch,Moussa DEMBELE,Fulham,,-24.84,3.56,A,228,False,False,0.0
Fulham,Aston Villa,1,2713.5,Touch,Moussa DEMBELE,Fulham,,-24.94,8.1,A,228,False,False,0.0
Fulham,Aston Villa,1,2714.4,Pass,Moussa DEMBELE,Fulham,,-23.25,7.96,A,228,False,False,0.0
Fulham,Aston Villa,1,2715.2,Touch,Dickson ETUHU,Fulham,,-19.43,-4.19,A,228,False,False,0.0
Fulham,Aston Villa,1,2716.3,Pass,Dickson ETUHU,Fulham,,-18.19,-5.69,A,228,False,False,0.0
Fulham,Aston Villa,1,2717.1,Touch,Danny MURPHY,Fulham,,-25.2,-13.31,A,228,False,False,0.0
Fulham,Aston Villa,1,2718.0,Pass,Danny MURPHY,Fulham,,-25.68,-13.07,A,228,False,True,0.0
Fulham,Aston Villa,1,2720.6,Ball Out Of Play,,,,-51.0,-20.0,U,-1,False,False,0.0
Fulham,Aston Villa,1,2753.4,Goal Kick,James COLLINS,Aston Villa,,-46.5,7.49,B,229,False,True,0.0
Fulham,Aston Villa,1,2757.5,Header,Brede HANGELAND,Fulham,,22.53,6.53,A,230,True,False,0.0
Fulham,Aston Villa,1,2760.7,Touch,John ARNE RIISE,Fulham,,32.52,18.17,A,230,False,False,0.0
Fulham,Aston Villa,1,2762.0,Touch,John ARNE RIISE,Fulham,,37.33,20.39,A,230,False,False,0.0
Fulham,Aston Villa,1,2763.4,Touch,John ARNE RIISE,Fulham,,36.61,21.54,A,230,False,False,0.0
Fulham,Aston Villa,1,2764.9,Pass,John ARNE RIISE,Fulham,,30.51,17.97,A,230,False,False,0.0
Fulham,Aston Villa,1,2766.5,Touch,Danny MURPHY,Fulham,,21.26,-1.26,A,230,False,False,0.0
Fulham,Aston Villa,1,2767.4,Pass,Danny MURPHY,Fulham,,20.35,-6.14,A,230,False,False,0.0
Fulham,Aston Villa,1,2768.4,Touch,Moussa DEMBELE,Fulham,,6.79,-9.2,A,230,False,False,0.0
Fulham,Aston Villa,1,2769.5,Touch,Moussa DEMBELE,Fulham,,6.08,-5.9,A,230,False,False,0.0
Fulham,Aston Villa,1,2770.0,Touch,Moussa DEMBELE,Fulham,,6.51,-4.59,A,230,False,False,0.0
Fulham,Aston Villa,1,2770.8,Touch,Moussa DEMBELE,Fulham,,8.15,-1.34,A,230,False,False,0.0
Fulham,Aston Villa,1,2771.8,Touch,Moussa DEMBELE,Fulham,,7.58,4.09,A,230,False,False,0.0
Fulham,Aston Villa,1,2772.7,Touch,Moussa DEMBELE,Fulham,,6.66,5.3,A,230,False,False,0.0
Fulham,Aston Villa,1,2773.5,Dribble,Moussa DEMBELE,Fulham,,4.900000000000889,4.020000000000646,A,230,False,False,0.0
Fulham,Aston Villa,1,2773.6,Pass,Moussa DEMBELE,Fulham,,4.68,3.86,A,230,False,False,0.0
Fulham,Aston Villa,1,2775.2,Touch,Aaron HUGHES,Fulham,,2.27,-21.42,A,230,False,False,0.0
Fulham,Aston Villa,1,2776.5,Pass,Aaron HUGHES,Fulham,,-2.37,-21.48,A,230,False,False,0.0
Fulham,Aston Villa,1,2776.9,Block,Gabriel AGBONLAHOR,Aston Villa,,-10.36,-23.03,A,230,False,False,0.0
Fulham,Aston Villa,1,2778.0,Touch,Aaron HUGHES,Fulham,,-4.52,-21.25,A,230,False,False,0.0
Fulham,Aston Villa,1,2778.4,Pass,Aaron HUGHES,Fulham,,-4.69,-21.22,A,230,False,False,0.0
Fulham,Aston Villa,1,2779.5,Pass,Dickson ETUHU,Fulham,,-5.79,-11.82,A,230,False,False,0.0
Fulham,Aston Villa,1,2780.6,Touch,Danny MURPHY,Fulham,,-1.2,-12.43,A,230,False,False,0.0
Fulham,Aston Villa,1,2781.5,Touch,Danny MURPHY,Fulham,,-2.58,-11.14,A,230,False,False,0.0
Fulham,Aston Villa,1,2783.3,Pass,Danny MURPHY,Fulham,,-5.05,-9.4,A,230,False,True,0.0
Fulham,Aston Villa,1,2787.5,Ball Out Of Play,,,,-51.0,23.0,U,-1,False,False,0.0
Fulham,Aston Villa,1,2811.3,Goal Kick,James COLLINS,Aston Villa,,-45.61,7.52,B,231,False,True,0.0
Fulham,Aston Villa,1,2815.1,Header,Brede HANGELAND,Fulham,,24.42,5.24,A,232,True,False,0.0
Fulham,Aston Villa,1,2816.4,Header,Danny MURPHY,Fulham,,15.56,1.47,A,232,False,False,0.0
Fulham,Aston Villa,1,2817.9,Touch,Clint DEMPSEY,Fulham,,3.07,-0.01,A,232,False,False,0.0
Fulham,Aston Villa,1,2819.3,Tackle,Gabriel AGBONLAHOR,Aston Villa,Clint DEMPSEY,4.77,-8.49,A,232,False,True,0.0
Fulham,Aston Villa,1,2821.6,Ball Out Of Play,,,,-6.0,-34.0,U,-1,False,False,0.0
Fulham,Aston Villa,1,2838.2,Throw In,Stephen WARNOCK,Aston Villa,,-4.68,-33.5,B,233,False,False,0.0
Fulham,Aston Villa,1,2840.1,Header,Aaron HUGHES,Fulham,,20.48,-28.16,B,233,False,False,0.0
Fulham,Aston Villa,1,2841.8,Header,Stephen WARNOCK,Aston Villa,,-0.81,-29.63,B,233,False,True,0.0
Fulham,Aston Villa,1,2843.7,Touch,Philippe SENDEROS,Fulham,,23.07,-18.23,A,234,True,False,0.0
Fulham,Aston Villa,1,2844.9,Clearance,Brede HANGELAND,Fulham,,26.0,-12.2,A,234,False,True,0.0
Fulham,Aston Villa,1,2846.0,Touch,Emile HESKEY,Aston Villa,,8.25,-7.78,B,235,True,False,0.0
Fulham,Aston Villa,1,2847.1,Pass,Emile HESKEY,Aston Villa,,7.92,-8.49,B,235,False,False,0.0
Fulham,Aston Villa,1,2847.8,Pass,Fabian DELPH,Aston Villa,,6.8,-15.89,B,235,False,False,0.0
Fulham,Aston Villa,1,2848.8,Pass,Emile HESKEY,Aston Villa,,7.6,-7.21,B,235,False,False,0.0
Fulham,Aston Villa,1,2849.8,Touch,Stephen WARNOCK,Aston Villa,,5.02,-25.13,B,235,False,False,0.0
Fulham,Aston Villa,1,2851.3,Touch,Stephen WARNOCK,Aston Villa,,8.68,-29.06,B,235,False,False,0.0
Fulham,Aston Villa,1,2852.3,Touch,Stephen WARNOCK,Aston Villa,,12.3,-30.57,B,235,False,False,0.0
Fulham,Aston Villa,1,2853.4,Pass,Stephen WARNOCK,Aston Villa,,14.41,-30.4,B,235,False,False,0.0
Fulham,Aston Villa,1,2854.7,Touch,Fabian DELPH,Aston Villa,,4.23,-22.32,B,235,False,False,0.0
Fulham,Aston Villa,1,2855.9,Pass,Fabian DELPH,Aston Villa,,4.46,-19.59,B,235,False,False,0.0
Fulham,Aston Villa,1,2857.7,Touch,Ciaran CLARK,Aston Villa,,-0.73,0.67,B,235,False,False,0.0
Fulham,Aston Villa,1,2858.2,Pass,Ciaran CLARK,Aston Villa,,-0.96,1.72,B,235,False,False,0.0
Fulham,Aston Villa,1,2860.0,Touch,Luke YOUNG,Aston Villa,,3.63,21.51,B,235,False,False,0.0
Fulham,Aston Villa,1,2860.9,Touch,Luke YOUNG,Aston Villa,,4.42,21.54,B,235,False,False,0.0
Fulham,Aston Villa,1,2861.5,Pass,Luke YOUNG,Aston Villa,,4.15,21.31,B,235,False,False,0.0
Fulham,Aston Villa,1,2862.6,Touch,Ciaran CLARK,Aston Villa,,0.48,8.21,B,235,False,False,0.0
Fulham,Aston Villa,1,2863.9,Pass,Ciaran CLARK,Aston Villa,,-1.54,6.59,B,235,False,False,0.0
Fulham,Aston Villa,1,2865.4,Touch,Richard DUNNE,Aston Villa,,-10.47,-13.3,B,235,False,False,0.0
Fulham,Aston Villa,1,2866.4,Pass,Richard DUNNE,Aston Villa,,-13.25,-17.18,B,235,False,False,0.0
Fulham,Aston Villa,1,2868.0,Touch,Stephen WARNOCK,Aston Villa,,5.77,-28.96,B,235,False,False,0.0
Fulham,Aston Villa,1,2869.7,Touch,Stephen WARNOCK,Aston Villa,,11.79,-28.63,B,235,False,False,0.0
Fulham,Aston Villa,1,2870.4,Pass,Stephen WARNOCK,Aston Villa,,12.61,-28.54,B,235,False,False,0.0
Fulham,Aston Villa,1,2872.0,Touch,Emile HESKEY,Aston Villa,,21.58,-26.51,B,235,False,False,0.0
Fulham,Aston Villa,1,2873.0,Touch,Emile HESKEY,Aston Villa,,22.84,-30.01,B,235,False,False,0.0
Fulham,Aston Villa,1,2874.4,Pass,Emile HESKEY,Aston Villa,,22.3,-31.63,B,235,False,False,0.0
Fulham,Aston Villa,1,2875.8,Touch,Fabian DELPH,Aston Villa,,10.56,-17.13,B,235,False,False,0.0
Fulham,Aston Villa,1,2876.6,Pass,Fabian DELPH,Aston Villa,,9.33,-15.47,B,235,False,False,0.0
Fulham,Aston Villa,1,2878.3,Touch,Ciaran CLARK,Aston Villa,,14.57,4.43,B,235,False,False,0.0
Fulham,Aston Villa,1,2879.7,Touch,Ciaran CLARK,Aston Villa,,18.92,0.71,B,235,False,False,0.0
Fulham,Aston Villa,1,2880.5,Dribble,Ciaran CLARK,Aston Villa,,22.857777777775787,-4.036666666664268,B,235,False,False,0.0
Fulham,Aston Villa,1,2880.6,Pass,Ciaran CLARK,Aston Villa,,23.35,-4.63,B,235,False,False,0.0
Fulham,Aston Villa,1,2881.6,Touch,Gabriel AGBONLAHOR,Aston Villa,,25.76,-16.77,B,235,False,False,0.0
Fulham,Aston Villa,1,2882.0,Touch,Gabriel AGBONLAHOR,Aston Villa,,24.4,-15.55,B,235,False,False,0.0
Fulham,Aston Villa,1,2882.9,Touch,Gabriel AGBONLAHOR,Aston Villa,,22.97,-11.37,B,235,False,False,0.0
Fulham,Aston Villa,1,2884.0,End Of Half,,,,,,U,-1,False,False,0.0
