Team A,Team B,Half,Time,Event Name,Player1 Name,Player1 Team,Player2 Name,X,Y,Possession,Possession Number,Possession Regain,Possession Loss,xG Score
Blackburn Rovers,Wolverhampton Wanderers,0,0.0,Start Of Half,Steven FLETCHER,Wolverhampton Wanderers,,-0.02,0.04,B,1,False,False,0.0
Blackburn Rovers,Wolverhampton Wanderers,0,0.3,Pass,Kevin DOYLE,Wolverhampton Wanderers,,-0.17,-0.68,B,1,False,False,0.0
Blackburn Rovers,Wolverhampton Wanderers,0,1.1,Pass,Jamie O'HARA,Wolverhampton Wanderers,,1.22,0.15,B,1,False,False,0.0
Blackburn Rovers,Wolverhampton Wanderers,0,3.3,Touch,Stephen WARD,Wolverhampton Wanderers,,20.48,20.56,B,1,False,False,0.0
Blackburn Rovers,Wolverhampton Wanderers,0,5.2,Pass,Stephen WARD,Wolverhampton Wanderers,,20.21,22.45,B,1,False,True,0.0
Blackburn Rovers,Wolverhampton Wanderers,0,8.1,Touch,Michel SALGADO,Blackburn Rovers,,-23.62,28.23,A,2,True,False,0.0
Blackburn Rovers,Wolverhampton Wanderers,0,9.2,Pass,Michel SALGADO,Blackburn Rovers,,-20.91,30.23,A,2,False,False,0.0
Blackburn Rovers,Wolverhampton Wanderers,0,12.0,Header,Christophe BERRA,Wolverhampton Wanderers,,11.13,22.72,A,2,False,False,0.0
Blackburn Rovers,Wolverhampton Wanderers,0,14.3,Header,David DUNN,Blackburn Rovers,,-5.71,20.03,A,2,False,False,0.0
Blackburn Rovers,Wolverhampton Wanderers,0,15.5,Pass,Karl HENRY,Wolverhampton Wanderers,,0.08,18.78,A,2,False,False,0.0
Blackburn Rovers,Wolverhampton Wanderers,0,17.6,Foul,Steven N'ZONZI,Blackburn Rovers,Kevin DOYLE,-12.85,18.22,U,-1,False,False,0.0
Blackburn Rovers,Wolverhampton Wanderers,0,42.1,Direct Free Kick Pass,Paul ROBINSON,Blackburn Rovers,,-18.64,15.55,A,3,False,False,0.0
Blackburn Rovers,Wolverhampton Wanderers,0,45.3,Header,Morten GAMST PEDERSEN,Blackburn Rovers,,31.57,-16.66,A,3,False,True,0.0
Blackburn Rovers,Wolverhampton Wanderers,0,47.4,Goalkeeper Pick Up,Wayne HENNESSEY,Wolverhampton Wanderers,,49.76,-9.48,B,4,True,False,0.0
Blackburn Rovers,Wolverhampton Wanderers,0,55.5,Touch,Wayne HENNESSEY,Wolverhampton Wanderers,,36.74,-1.93,B,4,False,False,0.0
Blackburn Rovers,Wolverhampton Wanderers,0,59.0,Touch,Wayne HENNESSEY,Wolverhampton Wanderers,,33.71,-11.72,B,4,False,False,0.0
Blackburn Rovers,Wolverhampton Wanderers,0,61.5,Pass,Wayne HENNESSEY,Wolverhampton Wanderers,,32.19,-17.63,B,4,False,False,0.0
Blackburn Rovers,Wolverhampton Wanderers,0,65.4,Header,Steven FLETCHER,Wolverhampton Wanderers,,-28.38,-27.19,B,4,False,False,0.0
Blackburn Rovers,Wolverhampton Wanderers,0,67.3,Header,Kevin DOYLE,Wolverhampton Wanderers,,-37.23,-16.86,B,4,False,True,0.0
Blackburn Rovers,Wolverhampton Wanderers,0,69.2,Touch,Michel SALGADO,Blackburn Rovers,,-34.72,-5.44,A,5,True,False,0.0
Blackburn Rovers,Wolverhampton Wanderers,0,70.6,Touch,Michel SALGADO,Blackburn Rovers,,-26.71,-2.88,A,5,False,False,0.0
Blackburn Rovers,Wolverhampton Wanderers,0,71.4,Pass,Michel SALGADO,Blackburn Rovers,,-23.0,0.46,A,5,False,False,0.0
Blackburn Rovers,Wolverhampton Wanderers,0,73.4,Pass,David HOILETT,Blackburn Rovers,,-16.28,21.57,A,5,False,False,0.0
Blackburn Rovers,Wolverhampton Wanderers,0,75.1,Touch,Steven N'ZONZI,Blackburn Rovers,,-29.37,12.41,A,5,False,False,0.0
Blackburn Rovers,Wolverhampton Wanderers,0,75.7,Pass,Steven N'ZONZI,Blackburn Rovers,,-28.99,12.56,A,5,False,False,0.0
Blackburn Rovers,Wolverhampton Wanderers,0,76.6,Pass,David DUNN,Blackburn Rovers,,-21.09,7.3,A,5,False,False,0.0
Blackburn Rovers,Wolverhampton Wanderers,0,78.1,Pass,Steven N'ZONZI,Blackburn Rovers,,-29.95,14.6,A,5,False,False,0.0
Blackburn Rovers,Wolverhampton Wanderers,0,81.8,Header,Richard STEARMAN,Wolverhampton Wanderers,,9.8,-18.22,A,5,False,False,0.0
Blackburn Rovers,Wolverhampton Wanderers,0,84.8,Ball Out Of Play,,,,-9.0,-34.0,U,-1,False,False,0.0
Blackburn Rovers,Wolverhampton Wanderers,0,89.4,Throw In,Martin OLSSON,Blackburn Rovers,,-7.92,-34.0,A,6,False,False,0.0
Blackburn Rovers,Wolverhampton Wanderers,0,91.5,Touch,Grant HANLEY,Blackburn Rovers,,-23.31,-26.29,A,6,False,False,0.0
Blackburn Rovers,Wolverhampton Wanderers,0,91.7,Touch,Grant HANLEY,Blackburn Rovers,,-23.7,-26.12,A,6,False,False,0.0
Blackburn Rovers,Wolverhampton Wanderers,0,93.3,Pass,Grant HANLEY,Blackburn Rovers,,-23.76,-23.07,A,6,False,False,0.0
Blackburn Rovers,Wolverhampton Wanderers,0,94.5,Pass,Brett EMERTON,Blackburn Rovers,,-14.51,-10.67,A,6,False,False,0.0
Blackburn Rovers,Wolverhampton Wanderers,0,95.7,Touch,Grant HANLEY,Blackburn Rovers,,-24.95,-19.17,A,6,False,False,0.0
Blackburn Rovers,Wolverhampton Wanderers,0,97.1,Pass,Grant HANLEY,Blackburn Rovers,,-28.86,-16.82,A,6,False,False,0.0
Blackburn Rovers,Wolverhampton Wanderers,0,99.0,Touch,Paul ROBINSON,Blackburn Rovers,,-46.07,-6.5,A,6,False,False,0.0
Blackburn Rovers,Wolverhampton Wanderers,0,100.7,Pass,Paul ROBINSON,Blackburn Rovers,,-44.28,-4.2,A,6,False,False,0.0
Blackburn Rovers,Wolverhampton Wanderers,0,103.8,Header,David HOILETT,Blackburn Rovers,,6.33,23.74,A,6,False,False,0.0
Blackburn Rovers,Wolverhampton Wanderers,0,105.9,Header,Brett EMERTON,Blackburn Rovers,,-2.82,15.22,A,6,False,False,0.0
Blackburn Rovers,Wolverhampton Wanderers,0,107.0,Header,Michel SALGADO,Blackburn Rovers,,-5.9,25.92,A,6,False,True,0.0
Blackburn Rovers,Wolverhampton Wanderers,0,108.9,Ball Out Of Play,,,,6.0,34.0,U,-1,False,False,0.0
Blackburn Rovers,Wolverhampton Wanderers,0,118.5,Throw In,Stephen WARD,Wolverhampton Wanderers,,3.58,34.0,B,7,False,False,0.0
Blackburn Rovers,Wolverhampton Wanderers,0,119.6,Pass,Jamie O'HARA,Wolverhampton Wanderers,,1.67,24.72,B,7,False,False,0.0
Blackburn Rovers,Wolverhampton Wanderers,0,120.5,Pass,Stephen WARD,Wolverhampton Wanderers,,3.53,32.19,B,7,False,False,0.0
Blackburn Rovers,Wolverhampton Wanderers,0,123.0,Header,Steven N'ZONZI,Blackburn Rovers,,-25.02,20.06,B,7,False,False,0.0
Blackburn Rovers,Wolverhampton Wanderers,0,124.5,Touch,Stephen HUNT,Wolverhampton Wanderers,,-17.27,18.76,B,7,False,True,0.0
Blackburn Rovers,Wolverhampton Wanderers,0,125.3,Pass,David DUNN,Blackburn Rovers,,-20.2,15.32,A,8,True,False,0.0
Blackburn Rovers,Wolverhampton Wanderers,0,126.1,Touch,Michel SALGADO,Blackburn Rovers,,-23.21,20.21,A,8,False,False,0.0
Blackburn Rovers,Wolverhampton Wanderers,0,127.1,Pass,Michel SALGADO,Blackburn Rovers,,-22.71,22.85,A,8,False,False,0.0
Blackburn Rovers,Wolverhampton Wanderers,0,128.3,Touch,David HOILETT,Blackburn Rovers,,-12.17,29.55,A,8,False,False,0.0
Blackburn Rovers,Wolverhampton Wanderers,0,128.9,Pass,David HOILETT,Blackburn Rovers,,-12.31,29.27,A,8,False,False,0.0
Blackburn Rovers,Wolverhampton Wanderers,0,129.6,Tackle,Brett EMERTON,Blackburn Rovers,Karl HENRY,-13.22,22.52,A,8,False,False,0.0
Blackburn Rovers,Wolverhampton Wanderers,0,132.2,Pass,Michel SALGADO,Blackburn Rovers,,-17.51,28.63,A,8,False,False,0.0
Blackburn Rovers,Wolverhampton Wanderers,0,132.8,Touch,David HOILETT,Blackburn Rovers,,-10.86,32.38,A,8,False,False,0.0
Blackburn Rovers,Wolverhampton Wanderers,0,133.4,Touch,David HOILETT,Blackburn Rovers,,-11.19,32.39,A,8,False,False,0.0
Blackburn Rovers,Wolverhampton Wanderers,0,134.1,Pass,David HOILETT,Blackburn Rovers,,-11.37,32.03,A,8,False,False,0.0
Blackburn Rovers,Wolverhampton Wanderers,0,135.6,Touch,Steven N'ZONZI,Blackburn Rovers,,-30.62,23.16,A,8,False,False,0.0
Blackburn Rovers,Wolverhampton Wanderers,0,137.3,Pass,Steven N'ZONZI,Blackburn Rovers,,-30.01,25.09,A,8,False,True,0.0
Blackburn Rovers,Wolverhampton Wanderers,0,140.3,Header,Christophe BERRA,Wolverhampton Wanderers,,17.27,19.46,B,9,True,False,0.0
Blackburn Rovers,Wolverhampton Wanderers,0,141.0,Touch,Stephen WARD,Wolverhampton Wanderers,,12.67,24.56,B,9,False,True,0.0
Blackburn Rovers,Wolverhampton Wanderers,0,141.8,Touch,David HOILETT,Blackburn Rovers,,11.47,23.71,A,10,True,False,0.0
Blackburn Rovers,Wolverhampton Wanderers,0,142.3,Touch,David HOILETT,Blackburn Rovers,,13.51,24.51,A,10,False,False,0.0
Blackburn Rovers,Wolverhampton Wanderers,0,142.8,Touch,David HOILETT,Blackburn Rovers,,15.08,25.75,A,10,False,False,0.0
Blackburn Rovers,Wolverhampton Wanderers,0,143.0,Touch,David HOILETT,Blackburn Rovers,,15.62,26.05,A,10,False,False,0.0
Blackburn Rovers,Wolverhampton Wanderers,0,144.5,Clearance,Stephen WARD,Wolverhampton Wanderers,,22.99,28.8,A,10,False,False,0.0
Blackburn Rovers,Wolverhampton Wanderers,0,145.5,Ball Out Of Play,,,,4.0,34.0,U,-1,False,False,0.0
Blackburn Rovers,Wolverhampton Wanderers,0,160.5,Throw In,Michel SALGADO,Blackburn Rovers,,11.44,34.0,A,11,False,False,0.0
Blackburn Rovers,Wolverhampton Wanderers,0,161.6,Pass,David DUNN,Blackburn Rovers,,12.48,23.7,A,11,False,False,0.0
Blackburn Rovers,Wolverhampton Wanderers,0,162.3,Touch,Michel SALGADO,Blackburn Rovers,,12.7,32.42,A,11,False,False,0.0
Blackburn Rovers,Wolverhampton Wanderers,0,163.2,Pass,Michel SALGADO,Blackburn Rovers,,14.33,32.39,A,11,False,False,0.0
Blackburn Rovers,Wolverhampton Wanderers,0,167.0,Clearance,Christophe BERRA,Wolverhampton Wanderers,,46.59,17.58,A,11,False,False,0.0
Blackburn Rovers,Wolverhampton Wanderers,0,168.5,Ball Out Of Play,,,,50.0,34.0,U,-1,False,False,0.0
Blackburn Rovers,Wolverhampton Wanderers,0,192.2,Throw In,Morten GAMST PEDERSEN,Blackburn Rovers,,47.12,33.93,A,12,False,False,0.0
Blackburn Rovers,Wolverhampton Wanderers,0,193.7,Header,Stephen WARD,Wolverhampton Wanderers,,47.27,10.7,A,12,False,False,0.0
Blackburn Rovers,Wolverhampton Wanderers,0,195.2,Header,David DUNN,Blackburn Rovers,,33.67,15.16,A,12,False,False,0.0
Blackburn Rovers,Wolverhampton Wanderers,0,196.3,Touch,Morten GAMST PEDERSEN,Blackburn Rovers,,40.31,28.67,A,12,False,False,0.0
Blackburn Rovers,Wolverhampton Wanderers,0,197.5,Cross,Morten GAMST PEDERSEN,Blackburn Rovers,,41.79,27.79,A,12,False,False,0.0
Blackburn Rovers,Wolverhampton Wanderers,0,199.2,Shot,David HOILETT,Blackburn Rovers,,49.37,-6.5,A,12,False,True,0.3510937028275084
Blackburn Rovers,Wolverhampton Wanderers,0,199.7,Goalkeeper Save,Wayne HENNESSEY,Wolverhampton Wanderers,,51.81,-1.95,B,13,True,False,0.0
Blackburn Rovers,Wolverhampton Wanderers,0,200.2,Touch,Richard STEARMAN,Wolverhampton Wanderers,,51.86,-3.48,B,13,False,False,0.0
Blackburn Rovers,Wolverhampton Wanderers,0,201.0,Goalkeeper Pick Up,Wayne HENNESSEY,Wolverhampton Wanderers,,52.12,-3.51,B,13,False,False,0.0
Blackburn Rovers,Wolverhampton Wanderers,0,207.1,Goalkeeper Kick,Wayne HENNESSEY,Wolverhampton Wanderers,,42.33,-3.76,B,13,False,False,0.0
Blackburn Rovers,Wolverhampton Wanderers,0,211.3,Foul,Kevin DOYLE,Wolverhampton Wanderers,Grant HANLEY,-18.9,-21.7,U,-1,False,False,0.0
Blackburn Rovers,Wolverhampton Wanderers,0,251.4,Direct Free Kick Cross,Jamie O'HARA,Wolverhampton Wanderers,,-24.64,-26.31,B,14,False,False,0.0
Blackburn Rovers,Wolverhampton Wanderers,0,252.6,Header,Morten GAMST PEDERSEN,Blackburn Rovers,,-39.67,-2.94,B,14,False,False,0.0
Blackburn Rovers,Wolverhampton Wanderers,0,254.6,Touch,Stephen WARD,Wolverhampton Wanderers,,-10.05,5.95,B,14,False,False,0.0
Blackburn Rovers,Wolverhampton Wanderers,0,256.6,Pass,Stephen WARD,Wolverhampton Wanderers,,-11.53,15.97,B,14,False,False,0.0
Blackburn Rovers,Wolverhampton Wanderers,0,258.9,Header,Morten GAMST PEDERSEN,Blackburn Rovers,,-30.96,-11.56,B,14,False,False,0.0
Blackburn Rovers,Wolverhampton Wanderers,0,259.0,Header,Kevin DOYLE,Wolverhampton Wanderers,,-31.39,-9.66,B,14,False,False,0.0
Blackburn Rovers,Wolverhampton Wanderers,0,260.0,Touch,Matthew JARVIS,Wolverhampton Wanderers,,-33.73,-18.68,B,14,False,False,0.0
Blackburn Rovers,Wolverhampton Wanderers,0,261.3,Shot,Matthew JARVIS,Wolverhampton Wanderers,,-37.56,-16.08,B,14,False,True,0.0234114017224801
Blackburn Rovers,Wolverhampton Wanderers,0,262.6,Ball Out Of Play,,,,-54.0,7.0,U,-1,False,False,0.0
Blackburn Rovers,Wolverhampton Wanderers,0,288.4,Goal Kick,Paul ROBINSON,Blackburn Rovers,,-48.87,-5.45,A,15,False,True,0.0
Blackburn Rovers,Wolverhampton Wanderers,0,291.9,Header,Roger JOHNSON,Wolverhampton Wanderers,,11.09,-20.77,B,16,True,False,0.0
Blackburn Rovers,Wolverhampton Wanderers,0,293.3,Touch,Kevin DOYLE,Wolverhampton Wanderers,,-5.89,-14.83,B,16,False,False,0.0
Blackburn Rovers,Wolverhampton Wanderers,0,294.0,Tackle,Kevin DOYLE,Wolverhampton Wanderers,Grant HANLEY,-5.28,-15.05,B,16,False,False,0.0
Blackburn Rovers,Wolverhampton Wanderers,0,295.3,Touch,Brett EMERTON,Blackburn Rovers,,-0.67,-11.41,B,16,False,False,0.0
Blackburn Rovers,Wolverhampton Wanderers,0,296.2,Tackle,Brett EMERTON,Blackburn Rovers,Jamie O'HARA,0.8,-10.18,B,16,False,False,0.0
Blackburn Rovers,Wolverhampton Wanderers,0,298.5,Touch,Stephen HUNT,Wolverhampton Wanderers,,1.27,3.64,B,16,False,False,0.0
Blackburn Rovers,Wolverhampton Wanderers,0,298.9,Touch,Stephen HUNT,Wolverhampton Wanderers,,1.46,3.91,B,16,False,False,0.0
Blackburn Rovers,Wolverhampton Wanderers,0,300.4,Tackle,Stephen HUNT,Wolverhampton Wanderers,Mauro FORMICA,1.01,2.19,B,16,False,False,0.0
Blackburn Rovers,Wolverhampton Wanderers,0,301.4,Touch,Stephen HUNT,Wolverhampton Wanderers,,0.33,3.01,B,16,False,False,0.0
Blackburn Rovers,Wolverhampton Wanderers,0,301.6,Foul,Stephen HUNT,Wolverhampton Wanderers,Brett EMERTON,0.32,3.19,U,-1,False,False,0.0
Blackburn Rovers,Wolverhampton Wanderers,0,320.4,Direct Free Kick Pass,Christophe BERRA,Wolverhampton Wanderers,,1.27,6.69,B,17,False,False,0.0
Blackburn Rovers,Wolverhampton Wanderers,0,323.1,Header,Kevin DOYLE,Wolverhampton Wanderers,,-30.73,30.67,B,17,False,True,0.0
Blackburn Rovers,Wolverhampton Wanderers,0,325.8,Header,Steven N'ZONZI,Blackburn Rovers,,-40.62,23.85,A,18,True,False,0.0
Blackburn Rovers,Wolverhampton Wanderers,0,328.4,Header,David HOILETT,Blackburn Rovers,,-24.96,28.82,A,18,False,False,0.0
Blackburn Rovers,Wolverhampton Wanderers,0,328.9,Touch,David HOILETT,Blackburn Rovers,,-24.83,29.29,A,18,False,False,0.0
Blackburn Rovers,Wolverhampton Wanderers,0,329.3,Tackle,David HOILETT,Blackburn Rovers,Stephen WARD,-24.74,29.93,A,18,False,False,0.0
Blackburn Rovers,Wolverhampton Wanderers,0,330.2,Ball Out Of Play,,,,-24.0,34.0,U,-1,False,False,0.0
Blackburn Rovers,Wolverhampton Wanderers,0,340.6,Throw In,Michel SALGADO,Blackburn Rovers,,-16.93,34.0,A,19,False,True,0.0
Blackburn Rovers,Wolverhampton Wanderers,0,342.4,Touch,Stephen WARD,Wolverhampton Wanderers,,0.32,28.89,B,20,True,False,0.0
Blackburn Rovers,Wolverhampton Wanderers,0,344.6,Clearance,Roger JOHNSON,Wolverhampton Wanderers,,12.39,25.54,B,20,False,False,0.0
Blackburn Rovers,Wolverhampton Wanderers,0,344.7,Touch,Christophe BERRA,Wolverhampton Wanderers,,10.71,27.33,B,20,False,False,0.0
Blackburn Rovers,Wolverhampton Wanderers,0,346.8,Clearance,Stephen WARD,Wolverhampton Wanderers,,11.56,30.76,B,20,False,False,0.0
Blackburn Rovers,Wolverhampton Wanderers,0,349.1,Header,Kevin DOYLE,Wolverhampton Wanderers,,-5.21,24.43,B,20,False,True,0.0
Blackburn Rovers,Wolverhampton Wanderers,0,350.2,Pass,Brett EMERTON,Blackburn Rovers,,-4.94,13.77,A,21,True,False,0.0
Blackburn Rovers,Wolverhampton Wanderers,0,352.3,Pass,Steven N'ZONZI,Blackburn Rovers,,-18.82,25.5,A,21,False,False,0.0
Blackburn Rovers,Wolverhampton Wanderers,0,356.5,Pass,Martin OLSSON,Blackburn Rovers,,-24.06,-16.24,A,21,False,True,0.0
Blackburn Rovers,Wolverhampton Wanderers,0,359.8,Ball Out Of Play,,,,10.0,-34.0,U,-1,False,False,0.0
Blackburn Rovers,Wolverhampton Wanderers,0,365.2,Throw In,Richard STEARMAN,Wolverhampton Wanderers,,17.3,-34.0,B,22,False,False,0.0
Blackburn Rovers,Wolverhampton Wanderers,0,368.2,Touch,Wayne HENNESSEY,Wolverhampton Wanderers,,44.02,-13.48,B,22,False,False,0.0
Blackburn Rovers,Wolverhampton Wanderers,0,369.3,Touch,Wayne HENNESSEY,Wolverhampton Wanderers,,43.17,-13.99,B,22,False,False,0.0
Blackburn Rovers,Wolverhampton Wanderers,0,371.5,Pass,Wayne HENNESSEY,Wolverhampton Wanderers,,40.88,-14.56,B,22,False,False,0.0
Blackburn Rovers,Wolverhampton Wanderers,0,375.1,Header,Martin OLSSON,Blackburn Rovers,,-24.67,-21.31,B,22,False,False,0.0
Blackburn Rovers,Wolverhampton Wanderers,0,377.0,Touch,Stephen HUNT,Wolverhampton Wanderers,,-21.85,-9.74,B,22,False,False,0.0
Blackburn Rovers,Wolverhampton Wanderers,0,377.5,Tackle,Stephen HUNT,Wolverhampton Wanderers,David DUNN,-21.95,-9.87,B,22,False,False,0.0
Blackburn Rovers,Wolverhampton Wanderers,0,378.5,Pass,Stephen HUNT,Wolverhampton Wanderers,,-21.39,-10.4,B,22,False,False,0.0
Blackburn Rovers,Wolverhampton Wanderers,0,379.9,Clearance,Michel SALGADO,Blackburn Rovers,,-23.29,-2.26,B,22,False,False,0.0
Blackburn Rovers,Wolverhampton Wanderers,0,383.6,Header,Roger JOHNSON,Wolverhampton Wanderers,,2.56,-11.7,B,22,False,True,0.0
Blackburn Rovers,Wolverhampton Wanderers,0,384.9,Pass,Brett EMERTON,Blackburn Rovers,,-8.53,-13.42,A,23,True,False,0.0
Blackburn Rovers,Wolverhampton Wanderers,0,386.2,Touch,Morten GAMST PEDERSEN,Blackburn Rovers,,-4.24,-21.44,A,23,False,False,0.0
Blackburn Rovers,Wolverhampton Wanderers,0,387.4,Touch,Morten GAMST PEDERSEN,Blackburn Rovers,,-1.59,-24.52,A,23,False,False,0.0
Blackburn Rovers,Wolverhampton Wanderers,0,388.7,Pass,Morten GAMST PEDERSEN,Blackburn Rovers,,0.34,-25.79,A,23,False,False,0.0
Blackburn Rovers,Wolverhampton Wanderers,0,389.8,Tackle,Brett EMERTON,Blackburn Rovers,Richard STEARMAN,5.28,-31.89,A,23,False,False,0.0
Blackburn Rovers,Wolverhampton Wanderers,0,390.3,Ball Out Of Play,,,,2.0,-34.0,U,-1,False,False,0.0
Blackburn Rovers,Wolverhampton Wanderers,0,399.3,Throw In,Martin OLSSON,Blackburn Rovers,,1.56,-34.0,A,24,False,False,0.0
Blackburn Rovers,Wolverhampton Wanderers,0,400.2,Touch,Mauro FORMICA,Blackburn Rovers,,8.61,-27.52,A,24,False,False,0.0
Blackburn Rovers,Wolverhampton Wanderers,0,401.2,Pass,Mauro FORMICA,Blackburn Rovers,,7.38,-28.82,A,24,False,False,0.0
Blackburn Rovers,Wolverhampton Wanderers,0,401.8,Touch,Martin OLSSON,Blackburn Rovers,,1.93,-32.53,A,24,False,False,0.0
Blackburn Rovers,Wolverhampton Wanderers,0,402.3,Pass,Martin OLSSON,Blackburn Rovers,,2.08,-32.46,A,24,False,False,0.0
Blackburn Rovers,Wolverhampton Wanderers,0,403.2,Touch,Brett EMERTON,Blackburn Rovers,,-2.96,-29.1,A,24,False,False,0.0
Blackburn Rovers,Wolverhampton Wanderers,0,403.8,Touch,Brett EMERTON,Blackburn Rovers,,-3.37,-29.14,A,24,False,False,0.0
Blackburn Rovers,Wolverhampton Wanderers,0,404.8,Touch,Brett EMERTON,Blackburn Rovers,,-6.65,-27.07,A,24,False,False,0.0
Blackburn Rovers,Wolverhampton Wanderers,0,405.8,Pass,Brett EMERTON,Blackburn Rovers,,-8.34,-23.35,A,24,False,False,0.0
Blackburn Rovers,Wolverhampton Wanderers,0,407.6,Touch,Steven N'ZONZI,Blackburn Rovers,,-21.33,2.74,A,24,False,False,0.0
Blackburn Rovers,Wolverhampton Wanderers,0,409.5,Touch,Steven N'ZONZI,Blackburn Rovers,,-16.53,8.05,A,24,False,False,0.0
Blackburn Rovers,Wolverhampton Wanderers,0,410.4,Pass,Steven N'ZONZI,Blackburn Rovers,,-13.76,11.57,A,24,False,False,0.0
Blackburn Rovers,Wolverhampton Wanderers,0,412.0,Pass,Michel SALGADO,Blackburn Rovers,,-2.58,28.9,A,24,False,False,0.0
Blackburn Rovers,Wolverhampton Wanderers,0,412.9,Pass,David HOILETT,Blackburn Rovers,,1.86,19.98,A,24,False,True,0.0
Blackburn Rovers,Wolverhampton Wanderers,0,414.6,Ball Out Of Play,,,,10.0,36.0,U,-1,False,False,0.0
Blackburn Rovers,Wolverhampton Wanderers,0,426.3,Throw In,Stephen WARD,Wolverhampton Wanderers,,6.89,34.0,B,25,False,False,0.0
Blackburn Rovers,Wolverhampton Wanderers,0,427.9,Header,Steven FLETCHER,Wolverhampton Wanderers,,-12.78,19.28,B,25,False,True,0.0
Blackburn Rovers,Wolverhampton Wanderers,0,430.2,Touch,Steven N'ZONZI,Blackburn Rovers,,-24.02,11.34,A,26,True,False,0.0
Blackburn Rovers,Wolverhampton Wanderers,0,432.0,Touch,Steven N'ZONZI,Blackburn Rovers,,-25.83,0.63,A,26,False,False,0.0
Blackburn Rovers,Wolverhampton Wanderers,0,432.6,Pass,Steven N'ZONZI,Blackburn Rovers,,-25.88,-1.83,A,26,False,False,0.0
Blackburn Rovers,Wolverhampton Wanderers,0,433.6,Pass,Morten GAMST PEDERSEN,Blackburn Rovers,,-11.49,-8.09,A,26,False,False,0.0
Blackburn Rovers,Wolverhampton Wanderers,0,434.1,Touch,Brett EMERTON,Blackburn Rovers,,-14.29,-1.75,A,26,False,False,0.0
Blackburn Rovers,Wolverhampton Wanderers,0,435.3,Touch,Brett EMERTON,Blackburn Rovers,,-15.36,-6.19,A,26,False,False,0.0
Blackburn Rovers,Wolverhampton Wanderers,0,436.1,Touch,Brett EMERTON,Blackburn Rovers,,-16.18,-10.63,A,26,False,False,0.0
Blackburn Rovers,Wolverhampton Wanderers,0,436.6,Pass,Brett EMERTON,Blackburn Rovers,,-16.21,-12.68,A,26,False,False,0.0
Blackburn Rovers,Wolverhampton Wanderers,0,437.9,Pass,Steven N'ZONZI,Blackburn Rovers,,-22.6,-17.76,A,26,False,True,0.0
Blackburn Rovers,Wolverhampton Wanderers,0,440.0,Ball Out Of Play,,,,9.0,-34.0,U,-1,False,False,0.0
Blackburn Rovers,Wolverhampton Wanderers,0,450.8,Throw In,Richard STEARMAN,Wolverhampton Wanderers,,14.83,-34.0,B,27,False,False,0.0
Blackburn Rovers,Wolverhampton Wanderers,0,451.7,Pass,Karl HENRY,Wolverhampton Wanderers,,13.87,-26.17,B,27,False,False,0.0
Blackburn Rovers,Wolverhampton Wanderers,0,452.6,Pass,Richard STEARMAN,Wolverhampton Wanderers,,16.71,-32.55,B,27,False,False,0.0
Blackburn Rovers,Wolverhampton Wanderers,0,454.4,Header,Steven FLETCHER,Wolverhampton Wanderers,,-9.16,-20.2,B,27,False,False,0.0
Blackburn Rovers,Wolverhampton Wanderers,0,457.4,Header,Grant HANLEY,Blackburn Rovers,,-27.94,-4.97,B,27,False,False,0.0
Blackburn Rovers,Wolverhampton Wanderers,0,459.3,Touch,Stephen HUNT,Wolverhampton Wanderers,,-29.15,16.37,B,27,False,False,0.0
Blackburn Rovers,Wolverhampton Wanderers,0,459.8,Touch,Stephen HUNT,Wolverhampton Wanderers,,-30.3,17.03,B,27,False,False,0.0
Blackburn Rovers,Wolverhampton Wanderers,0,460.5,Touch,Stephen HUNT,Wolverhampton Wanderers,,-31.91,17.43,B,27,False,False,0.0
Blackburn Rovers,Wolverhampton Wanderers,0,460.9,Touch,Stephen HUNT,Wolverhampton Wanderers,,-32.69,17.4,B,27,False,False,0.0
Blackburn Rovers,Wolverhampton Wanderers,0,461.5,Cross,Stephen HUNT,Wolverhampton Wanderers,,-33.85,17.39,B,27,False,False,0.0
Blackburn Rovers,Wolverhampton Wanderers,0,463.4,Header,Steven FLETCHER,Wolverhampton Wanderers,,-44.57,-8.48,B,27,False,False,0.0
Blackburn Rovers,Wolverhampton Wanderers,0,463.9,Header,Grant HANLEY,Blackburn Rovers,,-44.92,-3.46,B,27,False,False,0.0
Blackburn Rovers,Wolverhampton Wanderers,0,465.2,Shot,Jamie O'HARA,Wolverhampton Wanderers,,-36.79,-9.12,B,27,False,True,0.0568987437722517
Blackburn Rovers,Wolverhampton Wanderers,0,466.3,Goalkeeper Save Catch,Paul ROBINSON,Blackburn Rovers,,-50.52,-2.31,A,28,True,False,0.0
Blackburn Rovers,Wolverhampton Wanderers,0,473.4,Goalkeeper Kick,Paul ROBINSON,Blackburn Rovers,,-38.27,-4.58,A,28,False,False,0.0
Blackburn Rovers,Wolverhampton Wanderers,0,477.0,Header,Roger JOHNSON,Wolverhampton Wanderers,,22.34,-20.17,A,28,False,False,0.0
Blackburn Rovers,Wolverhampton Wanderers,0,479.0,Ball Out Of Play,,,,13.0,-35.0,U,-1,False,False,0.0
Blackburn Rovers,Wolverhampton Wanderers,0,486.4,Throw In,Martin OLSSON,Blackburn Rovers,,-3.1,-34.0,A,29,False,False,0.0
Blackburn Rovers,Wolverhampton Wanderers,0,488.0,Touch,Grant HANLEY,Blackburn Rovers,,-15.06,-25.68,A,29,False,False,0.0
Blackburn Rovers,Wolverhampton Wanderers,0,489.2,Pass,Grant HANLEY,Blackburn Rovers,,-14.04,-27.69,A,29,False,False,0.0
Blackburn Rovers,Wolverhampton Wanderers,0,491.3,Touch,Jason ROBERTS,Blackburn Rovers,,20.81,-21.1,A,29,False,False,0.0
Blackburn Rovers,Wolverhampton Wanderers,0,492.4,Touch,Mauro FORMICA,Blackburn Rovers,,13.82,-16.11,A,29,False,False,0.0
Blackburn Rovers,Wolverhampton Wanderers,0,493.2,Touch,Mauro FORMICA,Blackburn Rovers,,16.38,-17.21,A,29,False,False,0.0
Blackburn Rovers,Wolverhampton Wanderers,0,493.7,Touch,Mauro FORMICA,Blackburn Rovers,,18.41,-18.48,A,29,False,False,0.0
Blackburn Rovers,Wolverhampton Wanderers,0,494.2,Touch,Mauro FORMICA,Blackburn Rovers,,19.95,-20.15,A,29,False,False,0.0
Blackburn Rovers,Wolverhampton Wanderers,0,494.7,Pass,Mauro FORMICA,Blackburn Rovers,,21.17,-21.98,A,29,False,False,0.0
Blackburn Rovers,Wolverhampton Wanderers,0,495.2,Touch,Morten GAMST PEDERSEN,Blackburn Rovers,,20.05,-26.88,A,29,False,False,0.0
Blackburn Rovers,Wolverhampton Wanderers,0,496.6,Cross,Morten GAMST PEDERSEN,Blackburn Rovers,,26.28,-27.98,A,29,False,True,0.0
Blackburn Rovers,Wolverhampton Wanderers,0,499.4,Ball Out Of Play,,,,54.0,12.0,U,-1,False,False,0.0
Blackburn Rovers,Wolverhampton Wanderers,0,529.6,Goal Kick,Wayne HENNESSEY,Wolverhampton Wanderers,,48.73,6.75,B,30,False,False,0.0
Blackburn Rovers,Wolverhampton Wanderers,0,533.6,Header,Kevin DOYLE,Wolverhampton Wanderers,,-18.48,15.38,B,30,False,False,0.0
Blackburn Rovers,Wolverhampton Wanderers,0,535.4,Header,Grant HANLEY,Blackburn Rovers,,-24.5,7.06,B,30,False,False,0.0
Blackburn Rovers,Wolverhampton Wanderers,0,535.5,Header,Steven FLETCHER,Wolverhampton Wanderers,,-23.77,8.29,B,30,False,True,0.0
Blackburn Rovers,Wolverhampton Wanderers,0,536.5,Pass,Morten GAMST PEDERSEN,Blackburn Rovers,,-18.99,3.74,A,31,True,False,0.0
Blackburn Rovers,Wolverhampton Wanderers,0,539.4,Header,Mauro FORMICA,Blackburn Rovers,,-10.52,7.37,A,31,False,True,0.0
Blackburn Rovers,Wolverhampton Wanderers,0,540.6,Tackle,Jason ROBERTS,Blackburn Rovers,Christophe BERRA,0.46,11.0,B,32,True,False,0.0
Blackburn Rovers,Wolverhampton Wanderers,0,542.0,Touch,Karl HENRY,Wolverhampton Wanderers,,-2.16,7.03,B,32,False,False,0.0
Blackburn Rovers,Wolverhampton Wanderers,0,542.5,Touch,Karl HENRY,Wolverhampton Wanderers,,-0.82,5.18,B,32,False,False,0.0
Blackburn Rovers,Wolverhampton Wanderers,0,543.0,Pass,Karl HENRY,Wolverhampton Wanderers,,0.1,3.55,B,32,False,False,0.0
Blackburn Rovers,Wolverhampton Wanderers,0,543.6,Touch,Richard STEARMAN,Wolverhampton Wanderers,,4.92,-3.75,B,32,False,False,0.0
Blackburn Rovers,Wolverhampton Wanderers,0,545.6,Pass,Richard STEARMAN,Wolverhampton Wanderers,,3.37,-7.73,B,32,False,False,0.0
Blackburn Rovers,Wolverhampton Wanderers,0,546.9,Touch,Matthew JARVIS,Wolverhampton Wanderers,,-11.04,-16.25,B,32,False,False,0.0
Blackburn Rovers,Wolverhampton Wanderers,0,547.6,Pass,Matthew JARVIS,Wolverhampton Wanderers,,-9.66,-17.42,B,32,False,False,0.0
Blackburn Rovers,Wolverhampton Wanderers,0,548.9,Touch,Richard STEARMAN,Wolverhampton Wanderers,,-0.12,-16.94,B,32,False,False,0.0
Blackburn Rovers,Wolverhampton Wanderers,0,550.6,Pass,Richard STEARMAN,Wolverhampton Wanderers,,0.44,-15.67,B,32,False,False,0.0
Blackburn Rovers,Wolverhampton Wanderers,0,553.6,Header,Stephen HUNT,Wolverhampton Wanderers,,-26.58,27.38,B,32,False,True,0.0
Blackburn Rovers,Wolverhampton Wanderers,0,554.9,Ball Out Of Play,,,,-40.0,35.0,U,-1,False,False,0.0
Blackburn Rovers,Wolverhampton Wanderers,0,573.0,Throw In,Michel SALGADO,Blackburn Rovers,,-27.39,34.0,A,33,False,False,0.0
Blackburn Rovers,Wolverhampton Wanderers,0,574.5,Header,Stephen HUNT,Wolverhampton Wanderers,,-11.75,31.99,A,33,False,False,0.0
Blackburn Rovers,Wolverhampton Wanderers,0,576.6,Touch,David DUNN,Blackburn Rovers,,-21.99,29.03,A,33,False,False,0.0
Blackburn Rovers,Wolverhampton Wanderers,0,577.7,Touch,Michel SALGADO,Blackburn Rovers,,-24.01,28.53,A,33,False,False,0.0
Blackburn Rovers,Wolverhampton Wanderers,0,578.5,Pass,Stephen HUNT,Wolverhampton Wanderers,,-19.96,28.83,A,33,False,False,0.0
Blackburn Rovers,Wolverhampton Wanderers,0,578.6,Block,Michel SALGADO,Blackburn Rovers,,-21.86,27.79,A,33,False,False,0.0
Blackburn Rovers,Wolverhampton Wanderers,0,581.1,Pass,Brett EMERTON,Blackburn Rovers,,-21.02,17.25,A,33,False,False,0.0
Blackburn Rovers,Wolverhampton Wanderers,0,583.2,Header,Richard STEARMAN,Wolverhampton Wanderers,,-8.72,2.99,A,33,False,False,0.0
Blackburn Rovers,Wolverhampton Wanderers,0,584.1,Header,Brett EMERTON,Blackburn Rovers,,-17.08,7.84,A,33,False,True,0.0
Blackburn Rovers,Wolverhampton Wanderers,0,586.5,Foul,Christophe BERRA,Wolverhampton Wanderers,Jason ROBERTS,1.85,12.43,U,-1,False,False,0.0
Blackburn Rovers,Wolverhampton Wanderers,0,599.7,Direct Free Kick Pass,Roger JOHNSON,Wolverhampton Wanderers,,2.07,8.92,B,34,False,False,0.0
Blackburn Rovers,Wolverhampton Wanderers,0,601.1,Touch,Stephen WARD,Wolverhampton Wanderers,,0.39,27.3,B,34,False,False,0.0
Blackburn Rovers,Wolverhampton Wanderers,0,602.5,Pass,Stephen WARD,Wolverhampton Wanderers,,1.45,28.16,B,34,False,False,0.0
Blackburn Rovers,Wolverhampton Wanderers,0,605.0,Touch,Kevin DOYLE,Wolverhampton Wanderers,,-33.55,21.63,B,34,False,True,0.0
Blackburn Rovers,Wolverhampton Wanderers,0,606.4,Clearance,Michel SALGADO,Blackburn Rovers,,-28.15,23.16,A,35,True,False,0.0
Blackburn Rovers,Wolverhampton Wanderers,0,608.3,Header,Jason ROBERTS,Blackburn Rovers,,-0.68,16.01,A,35,False,True,0.0
Blackburn Rovers,Wolverhampton Wanderers,0,611.1,Pass,Roger JOHNSON,Wolverhampton Wanderers,,11.8,19.42,B,36,True,False,0.0
Blackburn Rovers,Wolverhampton Wanderers,0,614.6,Clearance,Wayne HENNESSEY,Wolverhampton Wanderers,,41.04,9.08,B,36,False,False,0.0
Blackburn Rovers,Wolverhampton Wanderers,0,618.4,Touch,Steven FLETCHER,Wolverhampton Wanderers,,-26.16,-7.8,B,36,False,False,0.0
Blackburn Rovers,Wolverhampton Wanderers,0,618.9,Stoppage,,,,-27.0,-8.0,U,-1,False,False,0.0
Blackburn Rovers,Wolverhampton Wanderers,0,686.2,Drop Ball,,,,-24.87,0.71,A,37,False,False,0.0
Blackburn Rovers,Wolverhampton Wanderers,0,687.1,Clearance,Paul ROBINSON,Blackburn Rovers,,-24.87,0.71,A,37,False,True,0.0
Blackburn Rovers,Wolverhampton Wanderers,0,690.8,Goalkeeper Catch,Wayne HENNESSEY,Wolverhampton Wanderers,,39.9,-4.55,B,38,True,False,0.0
Blackburn Rovers,Wolverhampton Wanderers,0,693.3,Touch,Wayne HENNESSEY,Wolverhampton Wanderers,,38.55,-8.62,B,38,False,False,0.0
Blackburn Rovers,Wolverhampton Wanderers,0,698.0,Pass,Wayne HENNESSEY,Wolverhampton Wanderers,,36.16,-14.69,B,38,False,True,0.0
Blackburn Rovers,Wolverhampton Wanderers,0,702.1,Header,Martin OLSSON,Blackburn Rovers,,-27.44,-21.38,A,39,True,False,0.0
Blackburn Rovers,Wolverhampton Wanderers,0,704.6,Touch,Mauro FORMICA,Blackburn Rovers,,-10.97,-6.01,A,39,False,False,0.0
Blackburn Rovers,Wolverhampton Wanderers,0,705.2,Touch,Mauro FORMICA,Blackburn Rovers,,-9.11,-2.52,A,39,False,False,0.0
Blackburn Rovers,Wolverhampton Wanderers,0,707.0,Touch,Mauro FORMICA,Blackburn Rovers,,-1.95,8.14,A,39,False,False,0.0
Blackburn Rovers,Wolverhampton Wanderers,0,708.8,Touch,Mauro FORMICA,Blackburn Rovers,,5.61,17.62,A,39,False,False,0.0
Blackburn Rovers,Wolverhampton Wanderers,0,710.1,Pass,Mauro FORMICA,Blackburn Rovers,,12.08,22.07,A,39,False,False,0.0
Blackburn Rovers,Wolverhampton Wanderers,0,711.1,Touch,David HOILETT,Blackburn Rovers,,24.66,22.87,A,39,False,False,0.0
Blackburn Rovers,Wolverhampton Wanderers,0,711.9,Touch,David HOILETT,Blackburn Rovers,,24.44,26.48,A,39,False,False,0.0
Blackburn Rovers,Wolverhampton Wanderers,0,712.8,Touch,David HOILETT,Blackburn Rovers,,22.36,28.08,A,39,False,False,0.0
Blackburn Rovers,Wolverhampton Wanderers,0,713.7,Touch,David HOILETT,Blackburn Rovers,,20.97,29.33,A,39,False,False,0.0
Blackburn Rovers,Wolverhampton Wanderers,0,714.4,Touch,David HOILETT,Blackburn Rovers,,20.56,29.48,A,39,False,False,0.0
Blackburn Rovers,Wolverhampton Wanderers,0,715.2,Touch,David HOILETT,Blackburn Rovers,,20.6,30.82,A,39,False,False,0.0
Blackburn Rovers,Wolverhampton Wanderers,0,716.4,Touch,David HOILETT,Blackburn Rovers,,25.34,32.38,A,39,False,False,0.0
Blackburn Rovers,Wolverhampton Wanderers,0,716.8,Touch,David HOILETT,Blackburn Rovers,,28.35,32.54,A,39,False,False,0.0
Blackburn Rovers,Wolverhampton Wanderers,0,717.6,Touch,David HOILETT,Blackburn Rovers,,31.35,32.58,A,39,False,False,0.0
Blackburn Rovers,Wolverhampton Wanderers,0,718.0,Touch,David HOILETT,Blackburn Rovers,,32.54,32.56,A,39,False,False,0.0
Blackburn Rovers,Wolverhampton Wanderers,0,718.3,Touch,David HOILETT,Blackburn Rovers,,34.02,32.56,A,39,False,False,0.0
Blackburn Rovers,Wolverhampton Wanderers,0,719.2,Tackle,David HOILETT,Blackburn Rovers,Christophe BERRA,42.34,32.19,A,39,False,False,0.0
Blackburn Rovers,Wolverhampton Wanderers,0,719.4,Ball Out Of Play,,,,45.0,34.0,U,-1,False,False,0.0
Blackburn Rovers,Wolverhampton Wanderers,0,726.6,Throw In,Brett EMERTON,Blackburn Rovers,,38.54,34.0,A,40,False,False,0.0
Blackburn Rovers,Wolverhampton Wanderers,0,727.3,Touch,Michel SALGADO,Blackburn Rovers,,28.12,30.46,A,40,False,False,0.0
Blackburn Rovers,Wolverhampton Wanderers,0,727.8,Touch,Michel SALGADO,Blackburn Rovers,,29.26,29.88,A,40,False,False,0.0
Blackburn Rovers,Wolverhampton Wanderers,0,729.2,Pass,Michel SALGADO,Blackburn Rovers,,32.31,27.2,A,40,False,False,0.0
Blackburn Rovers,Wolverhampton Wanderers,0,730.2,Pass,David DUNN,Blackburn Rovers,,24.75,22.14,A,40,False,False,0.0
Blackburn Rovers,Wolverhampton Wanderers,0,731.0,Touch,Jason ROBERTS,Blackburn Rovers,,37.55,16.8,A,40,False,False,0.0
Blackburn Rovers,Wolverhampton Wanderers,0,731.6,Touch,Jason ROBERTS,Blackburn Rovers,,37.82,17.33,A,40,False,False,0.0
Blackburn Rovers,Wolverhampton Wanderers,0,732.4,Touch,Jason ROBERTS,Blackburn Rovers,,40.24,18.0,A,40,False,False,0.0
Blackburn Rovers,Wolverhampton Wanderers,0,733.0,Touch,Jason ROBERTS,Blackburn Rovers,,42.53,18.13,A,40,False,False,0.0
Blackburn Rovers,Wolverhampton Wanderers,0,733.4,Tackle,Jason ROBERTS,Blackburn Rovers,Stephen HUNT,44.28,18.4,A,40,False,False,0.0
Blackburn Rovers,Wolverhampton Wanderers,0,734.8,Ball Out Of Play,,,,55.0,23.0,U,-1,False,False,0.0
Blackburn Rovers,Wolverhampton Wanderers,0,757.7,Corner Cross,Morten GAMST PEDERSEN,Blackburn Rovers,,52.57,33.09,A,41,False,False,0.0
Blackburn Rovers,Wolverhampton Wanderers,0,760.2,Clearance,Roger JOHNSON,Wolverhampton Wanderers,,47.8,-3.34,A,41,False,False,0.0
Blackburn Rovers,Wolverhampton Wanderers,0,761.1,Ball Out Of Play,,,,54.0,-17.0,U,-1,False,False,0.0
Blackburn Rovers,Wolverhampton Wanderers,0,781.7,Corner Cross,David DUNN,Blackburn Rovers,,52.5,-33.19,A,42,False,True,0.0
Blackburn Rovers,Wolverhampton Wanderers,0,783.4,Goalkeeper Catch,Wayne HENNESSEY,Wolverhampton Wanderers,,48.46,1.91,B,43,True,False,0.0
Blackburn Rovers,Wolverhampton Wanderers,0,794.8,Goalkeeper Throw,Wayne HENNESSEY,Wolverhampton Wanderers,,37.57,-0.68,B,43,False,False,0.0
Blackburn Rovers,Wolverhampton Wanderers,0,796.2,Touch,Christophe BERRA,Wolverhampton Wanderers,,28.05,17.47,B,43,False,False,0.0
Blackburn Rovers,Wolverhampton Wanderers,0,797.9,Touch,Christophe BERRA,Wolverhampton Wanderers,,28.36,18.98,B,43,False,False,0.0
Blackburn Rovers,Wolverhampton Wanderers,0,799.3,Pass,Christophe BERRA,Wolverhampton Wanderers,,26.25,21.08,B,43,False,False,0.0
Blackburn Rovers,Wolverhampton Wanderers,0,800.5,Touch,Stephen WARD,Wolverhampton Wanderers,,10.77,29.02,B,43,False,False,0.0
Blackburn Rovers,Wolverhampton Wanderers,0,801.2,Pass,Stephen WARD,Wolverhampton Wanderers,,10.08,28.11,B,43,False,False,0.0
Blackburn Rovers,Wolverhampton Wanderers,0,802.0,Touch,Jamie O'HARA,Wolverhampton Wanderers,,9.36,19.28,B,43,False,False,0.0
Blackburn Rovers,Wolverhampton Wanderers,0,802.6,Touch,Jamie O'HARA,Wolverhampton Wanderers,,9.6,20.29,B,43,False,False,0.0
Blackburn Rovers,Wolverhampton Wanderers,0,804.1,Pass,Jamie O'HARA,Wolverhampton Wanderers,,6.93,25.73,B,43,False,False,0.0
Blackburn Rovers,Wolverhampton Wanderers,0,804.8,Pass,Stephen WARD,Wolverhampton Wanderers,,5.56,32.4,B,43,False,False,0.0
Blackburn Rovers,Wolverhampton Wanderers,0,807.9,Touch,Christophe BERRA,Wolverhampton Wanderers,,23.5,22.03,B,43,False,False,0.0
Blackburn Rovers,Wolverhampton Wanderers,0,808.9,Pass,Christophe BERRA,Wolverhampton Wanderers,,25.76,18.94,B,43,False,False,0.0
Blackburn Rovers,Wolverhampton Wanderers,0,812.7,Clearance,Wayne HENNESSEY,Wolverhampton Wanderers,,49.39,-1.66,B,43,False,False,0.0
Blackburn Rovers,Wolverhampton Wanderers,0,816.0,Touch,Kevin DOYLE,Wolverhampton Wanderers,,-13.81,16.07,B,43,False,False,0.0
Blackburn Rovers,Wolverhampton Wanderers,0,817.2,Touch,Kevin DOYLE,Wolverhampton Wanderers,,-16.51,16.31,B,43,False,False,0.0
Blackburn Rovers,Wolverhampton Wanderers,0,817.7,Touch,Kevin DOYLE,Wolverhampton Wanderers,,-17.79,16.94,B,43,False,False,0.0
Blackburn Rovers,Wolverhampton Wanderers,0,818.2,Touch,Kevin DOYLE,Wolverhampton Wanderers,,-19.09,17.46,B,43,False,False,0.0
Blackburn Rovers,Wolverhampton Wanderers,0,820.2,Touch,Kevin DOYLE,Wolverhampton Wanderers,,-23.92,17.9,B,43,False,False,0.0
Blackburn Rovers,Wolverhampton Wanderers,0,821.1,Pass,Kevin DOYLE,Wolverhampton Wanderers,,-26.07,18.0,B,43,False,False,0.0
Blackburn Rovers,Wolverhampton Wanderers,0,822.4,Touch,Stephen HUNT,Wolverhampton Wanderers,,-34.0,31.21,B,43,False,False,0.0
Blackburn Rovers,Wolverhampton Wanderers,0,823.2,Touch,Stephen HUNT,Wolverhampton Wanderers,,-33.71,31.3,B,43,False,False,0.0
Blackburn Rovers,Wolverhampton Wanderers,0,823.6,Touch,Stephen HUNT,Wolverhampton Wanderers,,-33.62,31.22,B,43,False,False,0.0
Blackburn Rovers,Wolverhampton Wanderers,0,824.0,Touch,Stephen HUNT,Wolverhampton Wanderers,,-33.68,31.01,B,43,False,False,0.0
Blackburn Rovers,Wolverhampton Wanderers,0,825.0,Cross,Stephen HUNT,Wolverhampton Wanderers,,-37.82,30.8,B,43,False,True,0.0
Blackburn Rovers,Wolverhampton Wanderers,0,825.1,Block,Michel SALGADO,Blackburn Rovers,,-38.29,26.36,A,44,True,False,0.0
Blackburn Rovers,Wolverhampton Wanderers,0,825.5,Touch,Michel SALGADO,Blackburn Rovers,,-38.73,26.61,A,44,False,False,0.0
Blackburn Rovers,Wolverhampton Wanderers,0,828.1,Touch,Michel SALGADO,Blackburn Rovers,,-45.62,27.49,A,44,False,False,0.0
Blackburn Rovers,Wolverhampton Wanderers,0,829.2,Clearance,Michel SALGADO,Blackburn Rovers,,-46.82,28.74,A,44,False,False,0.0
Blackburn Rovers,Wolverhampton Wanderers,0,830.1,Touch,David HOILETT,Blackburn Rovers,,-34.32,26.11,A,44,False,False,0.0
Blackburn Rovers,Wolverhampton Wanderers,0,831.1,Pass,David HOILETT,Blackburn Rovers,,-34.68,26.3,A,44,False,False,0.0
Blackburn Rovers,Wolverhampton Wanderers,0,832.1,Pass,Steven N'ZONZI,Blackburn Rovers,,-47.21,19.67,A,44,False,False,0.0
Blackburn Rovers,Wolverhampton Wanderers,0,833.8,Header,Christophe BERRA,Wolverhampton Wanderers,,-7.65,23.3,A,44,False,False,0.0
Blackburn Rovers,Wolverhampton Wanderers,0,835.7,Ball Out Of Play,,,,-28.0,35.0,U,-1,False,False,0.0
Blackburn Rovers,Wolverhampton Wanderers,0,848.4,Throw In,Michel SALGADO,Blackburn Rovers,,-22.24,34.0,A,45,False,False,0.0
Blackburn Rovers,Wolverhampton Wanderers,0,850.3,Header,David HOILETT,Blackburn Rovers,,-2.34,24.89,A,45,False,False,0.0
Blackburn Rovers,Wolverhampton Wanderers,0,851.9,Clearance,Christophe BERRA,Wolverhampton Wanderers,,7.46,28.4,A,45,False,False,0.0
Blackburn Rovers,Wolverhampton Wanderers,0,857.9,Goalkeeper Pick Up,Paul ROBINSON,Blackburn Rovers,,-37.96,-2.85,A,45,False,False,0.0
Blackburn Rovers,Wolverhampton Wanderers,0,868.9,Goalkeeper Kick,Paul ROBINSON,Blackburn Rovers,,-37.72,-2.29,A,45,False,False,0.0
Blackburn Rovers,Wolverhampton Wanderers,0,872.8,Header,Roger JOHNSON,Wolverhampton Wanderers,,21.21,-8.06,A,45,False,False,0.0
Blackburn Rovers,Wolverhampton Wanderers,0,874.8,Header,Martin OLSSON,Blackburn Rovers,,1.91,-12.96,A,45,False,False,0.0
Blackburn Rovers,Wolverhampton Wanderers,0,876.4,Header,Michel SALGADO,Blackburn Rovers,,2.49,9.77,A,45,False,True,0.0
Blackburn Rovers,Wolverhampton Wanderers,0,878.7,Header,Roger JOHNSON,Wolverhampton Wanderers,,22.51,-4.99,B,46,True,False,0.0
Blackburn Rovers,Wolverhampton Wanderers,0,879.3,Touch,Jamie O'HARA,Wolverhampton Wanderers,,17.72,0.3,B,46,False,False,0.0
Blackburn Rovers,Wolverhampton Wanderers,0,880.0,Touch,Jamie O'HARA,Wolverhampton Wanderers,,17.75,1.4,B,46,False,False,0.0
Blackburn Rovers,Wolverhampton Wanderers,0,880.2,Pass,Jamie O'HARA,Wolverhampton Wanderers,,17.56,1.82,B,46,False,False,0.0
Blackburn Rovers,Wolverhampton Wanderers,0,880.7,Touch,Stephen HUNT,Wolverhampton Wanderers,,12.0,7.2,B,46,False,False,0.0
Blackburn Rovers,Wolverhampton Wanderers,0,881.5,Pass,Stephen HUNT,Wolverhampton Wanderers,,11.99,6.44,B,46,False,False,0.0
Blackburn Rovers,Wolverhampton Wanderers,0,882.8,Touch,Stephen WARD,Wolverhampton Wanderers,,24.04,15.17,B,46,False,False,0.0
Blackburn Rovers,Wolverhampton Wanderers,0,883.5,Touch,Stephen WARD,Wolverhampton Wanderers,,24.42,16.03,B,46,False,False,0.0
Blackburn Rovers,Wolverhampton Wanderers,0,885.1,Pass,Stephen WARD,Wolverhampton Wanderers,,26.25,16.23,B,46,False,True,0.0
Blackburn Rovers,Wolverhampton Wanderers,0,888.0,Touch,Steven N'ZONZI,Blackburn Rovers,,-15.46,27.34,A,47,True,False,0.0
Blackburn Rovers,Wolverhampton Wanderers,0,889.5,Pass,Steven N'ZONZI,Blackburn Rovers,,-13.07,28.45,A,47,False,False,0.0
Blackburn Rovers,Wolverhampton Wanderers,0,891.5,Touch,Grant HANLEY,Blackburn Rovers,,-22.39,7.11,A,47,False,False,0.0
Blackburn Rovers,Wolverhampton Wanderers,0,892.7,Touch,Grant HANLEY,Blackburn Rovers,,-22.21,4.64,A,47,False,False,0.0
Blackburn Rovers,Wolverhampton Wanderers,0,893.1,Touch,Grant HANLEY,Blackburn Rovers,,-21.54,3.94,A,47,False,False,0.0
Blackburn Rovers,Wolverhampton Wanderers,0,894.4,Pass,Grant HANLEY,Blackburn Rovers,,-19.54,3.47,A,47,False,False,0.0
Blackburn Rovers,Wolverhampton Wanderers,0,897.3,Header,Morten GAMST PEDERSEN,Blackburn Rovers,,16.35,-31.14,A,47,False,False,0.0
Blackburn Rovers,Wolverhampton Wanderers,0,899.3,Header,Martin OLSSON,Blackburn Rovers,,30.48,-28.12,A,47,False,False,0.0
Blackburn Rovers,Wolverhampton Wanderers,0,900.4,Touch,Martin OLSSON,Blackburn Rovers,,38.79,-29.4,A,47,False,False,0.0
Blackburn Rovers,Wolverhampton Wanderers,0,900.9,Touch,Martin OLSSON,Blackburn Rovers,,41.78,-29.43,A,47,False,False,0.0
Blackburn Rovers,Wolverhampton Wanderers,0,902.3,Cross,Martin OLSSON,Blackburn Rovers,,49.65,-27.78,A,47,False,False,0.0
Blackburn Rovers,Wolverhampton Wanderers,0,902.4,Block,Matthew JARVIS,Wolverhampton Wanderers,,49.67,-23.97,A,47,False,False,0.0
Blackburn Rovers,Wolverhampton Wanderers,0,903.8,Ball Out Of Play,,,,54.0,-12.0,U,-1,False,False,0.0
Blackburn Rovers,Wolverhampton Wanderers,0,950.4,Corner Cross,David DUNN,Blackburn Rovers,,52.52,-33.02,A,48,False,False,0.0
Blackburn Rovers,Wolverhampton Wanderers,0,951.9,Header,Roger JOHNSON,Wolverhampton Wanderers,,47.23,0.59,A,48,False,False,0.0
Blackburn Rovers,Wolverhampton Wanderers,0,952.4,Tackle,Grant HANLEY,Blackburn Rovers,Christophe BERRA,46.28,9.01,A,48,False,False,0.0
Blackburn Rovers,Wolverhampton Wanderers,0,953.2,Ball Out Of Play,,,,54.0,13.0,U,-1,False,False,0.0
Blackburn Rovers,Wolverhampton Wanderers,0,978.4,Corner Cross,Morten GAMST PEDERSEN,Blackburn Rovers,,52.46,33.02,A,49,False,False,0.0
Blackburn Rovers,Wolverhampton Wanderers,0,980.6,Header Shot,Mauro FORMICA,Blackburn Rovers,,49.3,-9.62,A,49,False,True,0.1141010890535522
Blackburn Rovers,Wolverhampton Wanderers,0,981.3,Ball Out Of Play,,,,54.0,-6.0,U,-1,False,False,0.0
Blackburn Rovers,Wolverhampton Wanderers,0,1009.6,Goal Kick,Wayne HENNESSEY,Wolverhampton Wanderers,,49.02,6.82,B,50,False,False,0.0
Blackburn Rovers,Wolverhampton Wanderers,0,1013.6,Header,Steven FLETCHER,Wolverhampton Wanderers,,-17.63,16.59,B,50,False,True,0.0
Blackburn Rovers,Wolverhampton Wanderers,0,1018.2,Ball Out Of Play,,,,-54.0,18.0,U,-1,False,False,0.0
Blackburn Rovers,Wolverhampton Wanderers,0,1043.0,Goal Kick,Paul ROBINSON,Blackburn Rovers,,-48.28,-5.6,A,51,False,False,0.0
Blackburn Rovers,Wolverhampton Wanderers,0,1046.5,Header,Morten GAMST PEDERSEN,Blackburn Rovers,,10.24,-17.36,A,51,False,False,0.0
Blackburn Rovers,Wolverhampton Wanderers,0,1048.0,Header,Christophe BERRA,Wolverhampton Wanderers,,22.98,-7.88,A,51,False,False,0.0
Blackburn Rovers,Wolverhampton Wanderers,0,1051.9,Header,David DUNN,Blackburn Rovers,,-6.59,-4.5,A,51,False,False,0.0
Blackburn Rovers,Wolverhampton Wanderers,0,1053.8,Pass,Steven N'ZONZI,Blackburn Rovers,,-17.35,-5.14,A,51,False,False,0.0
Blackburn Rovers,Wolverhampton Wanderers,0,1057.1,Touch,Jason ROBERTS,Blackburn Rovers,,22.59,-16.96,A,51,False,False,0.0
Blackburn Rovers,Wolverhampton Wanderers,0,1058.5,Touch,Jason ROBERTS,Blackburn Rovers,,26.23,-22.81,A,51,False,False,0.0
Blackburn Rovers,Wolverhampton Wanderers,0,1059.4,Touch,Jason ROBERTS,Blackburn Rovers,,26.1,-25.4,A,51,False,False,0.0
Blackburn Rovers,Wolverhampton Wanderers,0,1059.8,Pass,Jason ROBERTS,Blackburn Rovers,,25.94,-26.76,A,51,False,False,0.0
Blackburn Rovers,Wolverhampton Wanderers,0,1060.6,Touch,Morten GAMST PEDERSEN,Blackburn Rovers,,26.06,-30.21,A,51,False,False,0.0
Blackburn Rovers,Wolverhampton Wanderers,0,1060.9,Foul,Morten GAMST PEDERSEN,Blackburn Rovers,Roger JOHNSON,27.43,-30.92,U,-1,False,False,0.0
Blackburn Rovers,Wolverhampton Wanderers,0,1086.1,Yellow Card,Roger JOHNSON,Wolverhampton Wanderers,,24.76,-22.19,U,-1,False,False,0.0
Blackburn Rovers,Wolverhampton Wanderers,0,1116.0,Direct Free Kick Cross,David DUNN,Blackburn Rovers,,30.32,-30.86,A,52,False,False,0.0
Blackburn Rovers,Wolverhampton Wanderers,0,1117.8,Header,Christophe BERRA,Wolverhampton Wanderers,,43.33,2.59,A,52,False,False,0.0
Blackburn Rovers,Wolverhampton Wanderers,0,1119.7,Shot,Brett EMERTON,Blackburn Rovers,,29.4,8.84,A,52,False,True,0.0213221965564332
Blackburn Rovers,Wolverhampton Wanderers,0,1121.2,Ball Out Of Play,,,,55.0,6.0,U,-1,False,False,0.0
Blackburn Rovers,Wolverhampton Wanderers,0,1145.5,Goal Kick,Wayne HENNESSEY,Wolverhampton Wanderers,,48.8,5.52,B,53,False,True,0.0
Blackburn Rovers,Wolverhampton Wanderers,0,1149.6,Header,Steven N'ZONZI,Blackburn Rovers,,-18.91,16.82,A,54,True,False,0.0
Blackburn Rovers,Wolverhampton Wanderers,0,1151.7,Pass,David DUNN,Blackburn Rovers,,-16.36,11.19,A,54,False,False,0.0
Blackburn Rovers,Wolverhampton Wanderers,0,1155.6,Touch,Christophe BERRA,Wolverhampton Wanderers,,24.18,7.36,A,54,False,False,0.0
Blackburn Rovers,Wolverhampton Wanderers,0,1156.4,Touch,Jason ROBERTS,Blackburn Rovers,,28.06,7.33,A,54,False,False,0.0
Blackburn Rovers,Wolverhampton Wanderers,0,1157.4,Touch,Jason ROBERTS,Blackburn Rovers,,30.71,4.86,A,54,False,False,0.0
Blackburn Rovers,Wolverhampton Wanderers,0,1158.2,Dribble,Jason ROBERTS,Blackburn Rovers,,31.270000000000053,2.6911111111109056,A,54,False,False,0.0
Blackburn Rovers,Wolverhampton Wanderers,0,1158.3,Pass,Jason ROBERTS,Blackburn Rovers,,31.34,2.42,A,54,False,False,0.0
Blackburn Rovers,Wolverhampton Wanderers,0,1160.4,Shot,Mauro FORMICA,Blackburn Rovers,,42.86,-9.96,A,54,False,False,0.1128600861880324
Blackburn Rovers,Wolverhampton Wanderers,0,1162.2,Goal,Mauro FORMICA,Blackburn Rovers,,53.0,2.0,U,-1,False,False,0.0
Blackburn Rovers,Wolverhampton Wanderers,0,1214.4,Kick Off,Steven FLETCHER,Wolverhampton Wanderers,,0.29,0.19,B,55,False,False,0.0
Blackburn Rovers,Wolverhampton Wanderers,0,1215.0,Pass,Kevin DOYLE,Wolverhampton Wanderers,,-0.01,-0.74,B,55,False,False,0.0
Blackburn Rovers,Wolverhampton Wanderers,0,1215.6,Touch,Jamie O'HARA,Wolverhampton Wanderers,,1.85,-0.46,B,55,False,False,0.0
Blackburn Rovers,Wolverhampton Wanderers,0,1216.2,Pass,Jamie O'HARA,Wolverhampton Wanderers,,1.9,0.67,B,55,False,False,0.0
Blackburn Rovers,Wolverhampton Wanderers,0,1218.4,Touch,Stephen WARD,Wolverhampton Wanderers,,16.44,20.45,B,55,False,False,0.0
Blackburn Rovers,Wolverhampton Wanderers,0,1219.8,Pass,Stephen WARD,Wolverhampton Wanderers,,14.47,22.7,B,55,False,False,0.0
Blackburn Rovers,Wolverhampton Wanderers,0,1221.8,Pass,Steven FLETCHER,Wolverhampton Wanderers,,-25.05,12.87,B,55,False,False,0.0
Blackburn Rovers,Wolverhampton Wanderers,0,1222.8,Touch,Kevin DOYLE,Wolverhampton Wanderers,,-20.88,9.83,B,55,False,False,0.0
Blackburn Rovers,Wolverhampton Wanderers,0,1223.4,Touch,Kevin DOYLE,Wolverhampton Wanderers,,-22.36,10.64,B,55,False,False,0.0
Blackburn Rovers,Wolverhampton Wanderers,0,1223.8,Touch,Kevin DOYLE,Wolverhampton Wanderers,,-24.06,11.32,B,55,False,False,0.0
Blackburn Rovers,Wolverhampton Wanderers,0,1224.8,Touch,Kevin DOYLE,Wolverhampton Wanderers,,-28.88,13.06,B,55,False,False,0.0
Blackburn Rovers,Wolverhampton Wanderers,0,1225.2,Touch,Kevin DOYLE,Wolverhampton Wanderers,,-30.74,13.55,B,55,False,False,0.0
Blackburn Rovers,Wolverhampton Wanderers,0,1225.7,Pass,Kevin DOYLE,Wolverhampton Wanderers,,-33.45,14.5,B,55,False,False,0.0
Blackburn Rovers,Wolverhampton Wanderers,0,1226.8,Touch,Stephen HUNT,Wolverhampton Wanderers,,-36.56,25.51,B,55,False,False,0.0
Blackburn Rovers,Wolverhampton Wanderers,0,1227.5,Touch,Stephen HUNT,Wolverhampton Wanderers,,-38.24,25.1,B,55,False,False,0.0
Blackburn Rovers,Wolverhampton Wanderers,0,1228.5,Dribble,Stephen HUNT,Wolverhampton Wanderers,,-37.42181818181812,24.036363636363543,B,55,False,False,0.0
Blackburn Rovers,Wolverhampton Wanderers,0,1228.6,Cross,Stephen HUNT,Wolverhampton Wanderers,,-37.34,23.93,B,55,False,False,0.0
Blackburn Rovers,Wolverhampton Wanderers,0,1228.8,Block,Michel SALGADO,Blackburn Rovers,,-38.7,18.17,B,55,False,False,0.0
Blackburn Rovers,Wolverhampton Wanderers,0,1231.2,Touch,Stephen HUNT,Wolverhampton Wanderers,,-38.23,30.16,B,55,False,False,0.0
Blackburn Rovers,Wolverhampton Wanderers,0,1232.7,Touch,Stephen HUNT,Wolverhampton Wanderers,,-44.43,32.6,B,55,False,False,0.0
Blackburn Rovers,Wolverhampton Wanderers,0,1234.1,Dribble,Stephen HUNT,Wolverhampton Wanderers,,-50.45933333333274,27.476000000000496,B,55,False,False,0.0
Blackburn Rovers,Wolverhampton Wanderers,0,1234.2,Pass,Stephen HUNT,Wolverhampton Wanderers,,-50.89,27.11,B,55,False,False,0.0
Blackburn Rovers,Wolverhampton Wanderers,0,1235.8,Header,Martin OLSSON,Blackburn Rovers,,-43.65,-1.6,B,55,False,False,0.0
Blackburn Rovers,Wolverhampton Wanderers,0,1237.9,Touch,Richard STEARMAN,Wolverhampton Wanderers,,-20.97,-11.59,B,55,False,False,0.0
Blackburn Rovers,Wolverhampton Wanderers,0,1239.5,Touch,Richard STEARMAN,Wolverhampton Wanderers,,-31.48,-14.42,B,55,False,True,0.0
Blackburn Rovers,Wolverhampton Wanderers,0,1240.0,Foul,Richard STEARMAN,Wolverhampton Wanderers,Richard STEARMAN,-34.43,-15.1,U,-1,False,False,0.0
Blackburn Rovers,Wolverhampton Wanderers,0,1246.8,Yellow Card,Richard STEARMAN,Wolverhampton Wanderers,,-39.29,-16.76,U,-1,False,False,0.0
Blackburn Rovers,Wolverhampton Wanderers,0,1272.5,Direct Free Kick Pass,Paul ROBINSON,Blackburn Rovers,,-37.51,-18.5,A,56,False,True,0.0
Blackburn Rovers,Wolverhampton Wanderers,0,1276.0,Header,Stephen WARD,Wolverhampton Wanderers,,19.97,18.87,B,57,True,False,0.0
Blackburn Rovers,Wolverhampton Wanderers,0,1277.9,Touch,Stephen HUNT,Wolverhampton Wanderers,,7.64,21.35,B,57,False,False,0.0
Blackburn Rovers,Wolverhampton Wanderers,0,1278.9,Pass,Stephen HUNT,Wolverhampton Wanderers,,9.02,25.3,B,57,False,False,0.0
Blackburn Rovers,Wolverhampton Wanderers,0,1280.0,Pass,Stephen WARD,Wolverhampton Wanderers,,13.47,31.54,B,57,False,True,0.0
Blackburn Rovers,Wolverhampton Wanderers,0,1283.6,Tackle,Steven FLETCHER,Wolverhampton Wanderers,Steven N'ZONZI,-32.18,19.15,A,58,True,False,0.0
Blackburn Rovers,Wolverhampton Wanderers,0,1285.5,Touch,Steven N'ZONZI,Blackburn Rovers,,-35.2,16.63,A,58,False,False,0.0
Blackburn Rovers,Wolverhampton Wanderers,0,1286.4,Touch,Steven N'ZONZI,Blackburn Rovers,,-30.17,15.3,A,58,False,False,0.0
Blackburn Rovers,Wolverhampton Wanderers,0,1287.0,Touch,Steven N'ZONZI,Blackburn Rovers,,-27.46,13.41,A,58,False,False,0.0
Blackburn Rovers,Wolverhampton Wanderers,0,1288.2,Pass,Steven N'ZONZI,Blackburn Rovers,,-24.57,7.67,A,58,False,False,0.0
Blackburn Rovers,Wolverhampton Wanderers,0,1289.0,Pass,Morten GAMST PEDERSEN,Blackburn Rovers,,-11.62,-1.02,A,58,False,True,0.0
Blackburn Rovers,Wolverhampton Wanderers,0,1291.1,Pass,Christophe BERRA,Wolverhampton Wanderers,,4.69,5.26,B,59,True,False,0.0
Blackburn Rovers,Wolverhampton Wanderers,0,1292.5,Touch,Richard STEARMAN,Wolverhampton Wanderers,,2.26,-13.55,B,59,False,False,0.0
Blackburn Rovers,Wolverhampton Wanderers,0,1293.2,Pass,Richard STEARMAN,Wolverhampton Wanderers,,1.66,-13.59,B,59,False,False,0.0
Blackburn Rovers,Wolverhampton Wanderers,0,1294.2,Tackle,Mauro FORMICA,Blackburn Rovers,Karl HENRY,0.99,-4.48,B,59,False,False,0.0
Blackburn Rovers,Wolverhampton Wanderers,0,1295.8,Touch,Matthew JARVIS,Wolverhampton Wanderers,,-14.34,-7.63,B,59,False,False,0.0
Blackburn Rovers,Wolverhampton Wanderers,0,1296.5,Touch,Matthew JARVIS,Wolverhampton Wanderers,,-14.95,-4.78,B,59,False,False,0.0
Blackburn Rovers,Wolverhampton Wanderers,0,1297.8,Pass,Matthew JARVIS,Wolverhampton Wanderers,,-15.87,-0.82,B,59,False,False,0.0
Blackburn Rovers,Wolverhampton Wanderers,0,1298.5,Touch,Jamie O'HARA,Wolverhampton Wanderers,,-9.22,1.63,B,59,False,False,0.0
Blackburn Rovers,Wolverhampton Wanderers,0,1299.1,Touch,Jamie O'HARA,Wolverhampton Wanderers,,-10.36,-0.28,B,59,False,False,0.0
Blackburn Rovers,Wolverhampton Wanderers,0,1299.6,Pass,Jamie O'HARA,Wolverhampton Wanderers,,-11.78,-2.26,B,59,False,False,0.0
Blackburn Rovers,Wolverhampton Wanderers,0,1300.9,Touch,Richard STEARMAN,Wolverhampton Wanderers,,-13.7,-17.27,B,59,False,False,0.0
Blackburn Rovers,Wolverhampton Wanderers,0,1301.8,Pass,Richard STEARMAN,Wolverhampton Wanderers,,-15.68,-17.88,B,59,False,False,0.0
Blackburn Rovers,Wolverhampton Wanderers,0,1302.6,Pass,Jamie O'HARA,Wolverhampton Wanderers,,-22.63,-12.05,B,59,False,False,0.0
Blackburn Rovers,Wolverhampton Wanderers,0,1303.9,Touch,Richard STEARMAN,Wolverhampton Wanderers,,-22.59,-23.25,B,59,False,False,0.0
Blackburn Rovers,Wolverhampton Wanderers,0,1306.0,Pass,Richard STEARMAN,Wolverhampton Wanderers,,-29.95,-25.07,B,59,False,False,0.0
Blackburn Rovers,Wolverhampton Wanderers,0,1308.2,Touch,Matthew JARVIS,Wolverhampton Wanderers,,-48.38,-19.1,B,59,False,False,0.0
Blackburn Rovers,Wolverhampton Wanderers,0,1309.4,Cross,Matthew JARVIS,Wolverhampton Wanderers,,-50.74,-18.55,B,59,False,False,0.0
Blackburn Rovers,Wolverhampton Wanderers,0,1311.2,Header Shot,Steven FLETCHER,Wolverhampton Wanderers,,-47.5,6.12,B,59,False,False,0.1367771122906509
Blackburn Rovers,Wolverhampton Wanderers,0,1311.6,Goal,Steven FLETCHER,Wolverhampton Wanderers,,-53.0,1.0,U,-1,False,False,0.0
Blackburn Rovers,Wolverhampton Wanderers,0,1365.8,Kick Off,Mauro FORMICA,Blackburn Rovers,,0.56,-0.73,A,60,False,False,0.0
Blackburn Rovers,Wolverhampton Wanderers,0,1366.0,Touch,David DUNN,Blackburn Rovers,,0.47,0.7,A,60,False,False,0.0
Blackburn Rovers,Wolverhampton Wanderers,0,1366.6,Pass,David DUNN,Blackburn Rovers,,0.3,0.53,A,60,False,False,0.0
Blackburn Rovers,Wolverhampton Wanderers,0,1368.5,Touch,Steven N'ZONZI,Blackburn Rovers,,-23.65,2.21,A,60,False,False,0.0
Blackburn Rovers,Wolverhampton Wanderers,0,1369.2,Pass,Steven N'ZONZI,Blackburn Rovers,,-23.53,2.48,A,60,False,False,0.0
Blackburn Rovers,Wolverhampton Wanderers,0,1372.0,Touch,Martin OLSSON,Blackburn Rovers,,-10.44,-29.13,A,60,False,False,0.0
Blackburn Rovers,Wolverhampton Wanderers,0,1373.1,Pass,Martin OLSSON,Blackburn Rovers,,-8.42,-31.55,A,60,False,True,0.0
Blackburn Rovers,Wolverhampton Wanderers,0,1377.1,Goalkeeper Catch,Wayne HENNESSEY,Wolverhampton Wanderers,,45.77,-13.16,B,61,True,False,0.0
Blackburn Rovers,Wolverhampton Wanderers,0,1388.0,Goalkeeper Kick,Wayne HENNESSEY,Wolverhampton Wanderers,,38.13,-11.31,B,61,False,False,0.0
Blackburn Rovers,Wolverhampton Wanderers,0,1392.4,Tackle,Morten GAMST PEDERSEN,Blackburn Rovers,Matthew JARVIS,-11.19,-15.58,B,61,False,False,0.0
Blackburn Rovers,Wolverhampton Wanderers,0,1393.6,Pass,Karl HENRY,Wolverhampton Wanderers,,-4.63,-13.22,B,61,False,False,0.0
Blackburn Rovers,Wolverhampton Wanderers,0,1394.2,Pass,Richard STEARMAN,Wolverhampton Wanderers,,-6.48,-18.99,B,61,False,False,0.0
Blackburn Rovers,Wolverhampton Wanderers,0,1394.8,Touch,Karl HENRY,Wolverhampton Wanderers,,-3.67,-15.78,B,61,False,False,0.0
Blackburn Rovers,Wolverhampton Wanderers,0,1395.9,Touch,Karl HENRY,Wolverhampton Wanderers,,-3.0,-17.65,B,61,False,True,0.0
Blackburn Rovers,Wolverhampton Wanderers,0,1397.0,Tackle,Karl HENRY,Wolverhampton Wanderers,Mauro FORMICA,-2.34,-19.48,A,62,True,False,0.0
Blackburn Rovers,Wolverhampton Wanderers,0,1397.2,Touch,Morten GAMST PEDERSEN,Blackburn Rovers,,-3.55,-20.75,A,62,False,False,0.0
Blackburn Rovers,Wolverhampton Wanderers,0,1398.1,Touch,Morten GAMST PEDERSEN,Blackburn Rovers,,-2.26,-20.01,A,62,False,False,0.0
Blackburn Rovers,Wolverhampton Wanderers,0,1399.3,Pass,Morten GAMST PEDERSEN,Blackburn Rovers,,0.97,-16.47,A,62,False,False,0.0
Blackburn Rovers,Wolverhampton Wanderers,0,1400.4,Pass,David DUNN,Blackburn Rovers,,-4.31,-7.95,A,62,False,True,0.0
Blackburn Rovers,Wolverhampton Wanderers,0,1401.6,Touch,Jamie O'HARA,Wolverhampton Wanderers,,5.49,-2.3,B,63,True,False,0.0
Blackburn Rovers,Wolverhampton Wanderers,0,1403.4,Pass,Jamie O'HARA,Wolverhampton Wanderers,,-2.48,7.75,B,63,False,False,0.0
Blackburn Rovers,Wolverhampton Wanderers,0,1406.6,Touch,Kevin DOYLE,Wolverhampton Wanderers,,-31.31,30.08,B,63,False,False,0.0
Blackburn Rovers,Wolverhampton Wanderers,0,1408.5,Cross,Kevin DOYLE,Wolverhampton Wanderers,,-45.06,30.29,B,63,False,False,0.0
Blackburn Rovers,Wolverhampton Wanderers,0,1408.6,Block,Michel SALGADO,Blackburn Rovers,,-44.74,26.53,B,63,False,False,0.0
Blackburn Rovers,Wolverhampton Wanderers,0,1409.1,Ball Out Of Play,,,,-54.0,30.0,U,-1,False,False,0.0
Blackburn Rovers,Wolverhampton Wanderers,0,1442.8,Corner Cross,Matthew JARVIS,Wolverhampton Wanderers,,-52.38,33.24,B,64,False,False,0.0
Blackburn Rovers,Wolverhampton Wanderers,0,1444.7,Header Shot,Steven FLETCHER,Wolverhampton Wanderers,,-43.29,-2.5,B,64,False,True,0.0939795362867171
Blackburn Rovers,Wolverhampton Wanderers,0,1446.5,Ball Out Of Play,,,,-54.0,-9.0,U,-1,False,False,0.0
Blackburn Rovers,Wolverhampton Wanderers,0,1469.1,Goal Kick,Paul ROBINSON,Blackburn Rovers,,-48.62,-6.23,A,65,False,True,0.0
Blackburn Rovers,Wolverhampton Wanderers,0,1472.7,Header,Roger JOHNSON,Wolverhampton Wanderers,,17.51,-14.75,B,66,True,False,0.0
Blackburn Rovers,Wolverhampton Wanderers,0,1473.9,Pass,Jamie O'HARA,Wolverhampton Wanderers,,8.44,-9.36,B,66,False,True,0.0
Blackburn Rovers,Wolverhampton Wanderers,0,1476.3,Header,Steven N'ZONZI,Blackburn Rovers,,-4.88,-7.63,A,67,True,False,0.0
Blackburn Rovers,Wolverhampton Wanderers,0,1477.8,Touch,Jason ROBERTS,Blackburn Rovers,,13.44,-12.49,A,67,False,False,0.0
Blackburn Rovers,Wolverhampton Wanderers,0,1479.5,Touch,Jason ROBERTS,Blackburn Rovers,,12.18,-12.12,A,67,False,False,0.0
Blackburn Rovers,Wolverhampton Wanderers,0,1480.3,Touch,Jason ROBERTS,Blackburn Rovers,,12.92,-10.45,A,67,False,False,0.0
Blackburn Rovers,Wolverhampton Wanderers,0,1481.2,Foul,Jason ROBERTS,Blackburn Rovers,Karl HENRY,14.7,-7.28,U,-1,False,False,0.0
Blackburn Rovers,Wolverhampton Wanderers,0,1523.4,Direct Free Kick Shot,Morten GAMST PEDERSEN,Blackburn Rovers,,17.9,-5.73,A,68,False,True,0.03300591074119
Blackburn Rovers,Wolverhampton Wanderers,0,1524.6,Ball Out Of Play,,,,54.0,-2.0,U,-1,False,False,0.0
Blackburn Rovers,Wolverhampton Wanderers,0,1555.9,Goal Kick,Wayne HENNESSEY,Wolverhampton Wanderers,,48.67,-6.78,B,69,False,False,0.0
Blackburn Rovers,Wolverhampton Wanderers,0,1559.9,Header,Grant HANLEY,Blackburn Rovers,,-22.45,-14.69,B,69,False,False,0.0
Blackburn Rovers,Wolverhampton Wanderers,0,1560.8,Pass,Richard STEARMAN,Wolverhampton Wanderers,,-13.8,-20.29,B,69,False,False,0.0
Blackburn Rovers,Wolverhampton Wanderers,0,1562.1,Touch,Stephen HUNT,Wolverhampton Wanderers,,-23.67,-23.58,B,69,False,False,0.0
Blackburn Rovers,Wolverhampton Wanderers,0,1562.9,Touch,Stephen HUNT,Wolverhampton Wanderers,,-23.86,-21.13,B,69,False,False,0.0
Blackburn Rovers,Wolverhampton Wanderers,0,1564.1,Dribble,Stephen HUNT,Wolverhampton Wanderers,,-26.186153846153573,-14.068461538462362,B,69,False,False,0.0
Blackburn Rovers,Wolverhampton Wanderers,0,1564.2,Shot,Stephen HUNT,Wolverhampton Wanderers,,-26.38,-13.48,B,69,False,True,0.0070432300195353
Blackburn Rovers,Wolverhampton Wanderers,0,1565.4,Ball Out Of Play,,,,-54.0,1.0,U,-1,False,False,0.0
Blackburn Rovers,Wolverhampton Wanderers,0,1586.3,Goal Kick,Paul ROBINSON,Blackburn Rovers,,-48.84,-6.77,A,70,False,True,0.0
Blackburn Rovers,Wolverhampton Wanderers,0,1592.1,Touch,Christophe BERRA,Wolverhampton Wanderers,,36.47,-14.95,B,71,True,False,0.0
Blackburn Rovers,Wolverhampton Wanderers,0,1592.6,Touch,Christophe BERRA,Wolverhampton Wanderers,,39.53,-16.42,B,71,False,False,0.0
Blackburn Rovers,Wolverhampton Wanderers,0,1593.3,Clearance,Christophe BERRA,Wolverhampton Wanderers,,42.91,-18.33,B,71,False,True,0.0
Blackburn Rovers,Wolverhampton Wanderers,0,1594.0,Ball Out Of Play,,,,43.0,-34.0,U,-1,False,False,0.0
Blackburn Rovers,Wolverhampton Wanderers,0,1598.1,Throw In,Morten GAMST PEDERSEN,Blackburn Rovers,,39.92,-33.59,A,72,False,False,0.0
Blackburn Rovers,Wolverhampton Wanderers,0,1599.5,Touch,David DUNN,Blackburn Rovers,,26.82,-27.62,A,72,False,False,0.0
Blackburn Rovers,Wolverhampton Wanderers,0,1600.5,Touch,David DUNN,Blackburn Rovers,,29.42,-29.81,A,72,False,False,0.0
Blackburn Rovers,Wolverhampton Wanderers,0,1601.2,Touch,David DUNN,Blackburn Rovers,,33.11,-31.04,A,72,False,False,0.0
Blackburn Rovers,Wolverhampton Wanderers,0,1602.4,Pass,David DUNN,Blackburn Rovers,,34.55,-32.0,A,72,False,False,0.0
Blackburn Rovers,Wolverhampton Wanderers,0,1603.5,Touch,Mauro FORMICA,Blackburn Rovers,,42.53,-25.55,A,72,False,False,0.0
Blackburn Rovers,Wolverhampton Wanderers,0,1604.5,Touch,Mauro FORMICA,Blackburn Rovers,,41.67,-26.98,A,72,False,False,0.0
Blackburn Rovers,Wolverhampton Wanderers,0,1605.4,Pass,Mauro FORMICA,Blackburn Rovers,,39.6,-27.76,A,72,False,False,0.0
Blackburn Rovers,Wolverhampton Wanderers,0,1606.0,Touch,David DUNN,Blackburn Rovers,,34.18,-32.2,A,72,False,False,0.0
Blackburn Rovers,Wolverhampton Wanderers,0,1606.9,Cross,David DUNN,Blackburn Rovers,,32.22,-31.45,A,72,False,False,0.0
Blackburn Rovers,Wolverhampton Wanderers,0,1608.5,Header,David HOILETT,Blackburn Rovers,,37.61,-11.75,A,72,False,False,0.0
Blackburn Rovers,Wolverhampton Wanderers,0,1608.9,Header,Roger JOHNSON,Wolverhampton Wanderers,,37.72,-6.54,A,72,False,False,0.0
Blackburn Rovers,Wolverhampton Wanderers,0,1609.6,Touch,Mauro FORMICA,Blackburn Rovers,,30.6,-9.95,A,72,False,False,0.0
Blackburn Rovers,Wolverhampton Wanderers,0,1610.7,Touch,Mauro FORMICA,Blackburn Rovers,,28.14,-4.9,A,72,False,False,0.0
Blackburn Rovers,Wolverhampton Wanderers,0,1611.4,Touch,Mauro FORMICA,Blackburn Rovers,,25.72,-2.06,A,72,False,False,0.0
Blackburn Rovers,Wolverhampton Wanderers,0,1612.1,Pass,Mauro FORMICA,Blackburn Rovers,,24.32,-0.5,A,72,False,False,0.0
Blackburn Rovers,Wolverhampton Wanderers,0,1613.0,Touch,Michel SALGADO,Blackburn Rovers,,22.64,2.58,A,72,False,False,0.0
Blackburn Rovers,Wolverhampton Wanderers,0,1613.6,Pass,Michel SALGADO,Blackburn Rovers,,23.96,3.22,A,72,False,True,0.0
Blackburn Rovers,Wolverhampton Wanderers,0,1614.0,Touch,Jamie O'HARA,Wolverhampton Wanderers,,25.45,1.82,B,73,True,False,0.0
Blackburn Rovers,Wolverhampton Wanderers,0,1614.4,Touch,Jamie O'HARA,Wolverhampton Wanderers,,25.51,2.1,B,73,False,False,0.0
Blackburn Rovers,Wolverhampton Wanderers,0,1615.8,Pass,Jamie O'HARA,Wolverhampton Wanderers,,18.44,1.58,B,73,False,False,0.0
Blackburn Rovers,Wolverhampton Wanderers,0,1617.0,Touch,Kevin DOYLE,Wolverhampton Wanderers,,6.33,20.7,B,73,False,False,0.0
Blackburn Rovers,Wolverhampton Wanderers,0,1617.6,Touch,Kevin DOYLE,Wolverhampton Wanderers,,3.56,21.55,B,73,False,False,0.0
Blackburn Rovers,Wolverhampton Wanderers,0,1618.4,Touch,Kevin DOYLE,Wolverhampton Wanderers,,-1.27,21.96,B,73,False,False,0.0
Blackburn Rovers,Wolverhampton Wanderers,0,1619.5,Touch,Kevin DOYLE,Wolverhampton Wanderers,,-7.76,19.74,B,73,False,False,0.0
Blackburn Rovers,Wolverhampton Wanderers,0,1620.5,Touch,Kevin DOYLE,Wolverhampton Wanderers,,-13.66,16.9,B,73,False,False,0.0
Blackburn Rovers,Wolverhampton Wanderers,0,1621.6,Touch,Kevin DOYLE,Wolverhampton Wanderers,,-19.89,14.5,B,73,False,False,0.0
Blackburn Rovers,Wolverhampton Wanderers,0,1622.9,Pass,Kevin DOYLE,Wolverhampton Wanderers,,-25.84,11.4,B,73,False,False,0.0
Blackburn Rovers,Wolverhampton Wanderers,0,1624.3,Touch,Matthew JARVIS,Wolverhampton Wanderers,,-36.01,18.29,B,73,False,False,0.0
Blackburn Rovers,Wolverhampton Wanderers,0,1624.8,Touch,Matthew JARVIS,Wolverhampton Wanderers,,-38.51,18.43,B,73,False,False,0.0
Blackburn Rovers,Wolverhampton Wanderers,0,1626.2,Dribble,Matthew JARVIS,Wolverhampton Wanderers,,-36.913999999999895,17.496666666666606,B,73,False,False,0.0
Blackburn Rovers,Wolverhampton Wanderers,0,1626.3,Pass,Matthew JARVIS,Wolverhampton Wanderers,,-36.8,17.43,B,73,False,False,0.0
Blackburn Rovers,Wolverhampton Wanderers,0,1627.2,Touch,Jamie O'HARA,Wolverhampton Wanderers,,-34.61,2.37,B,73,False,False,0.0
Blackburn Rovers,Wolverhampton Wanderers,0,1627.7,Pass,Jamie O'HARA,Wolverhampton Wanderers,,-32.82,1.69,B,73,False,False,0.0
Blackburn Rovers,Wolverhampton Wanderers,0,1628.2,Pass,Stephen HUNT,Wolverhampton Wanderers,,-27.45,-1.36,B,73,False,False,0.0
Blackburn Rovers,Wolverhampton Wanderers,0,1629.4,Pass,Jamie O'HARA,Wolverhampton Wanderers,,-27.08,3.12,B,73,False,False,0.0
Blackburn Rovers,Wolverhampton Wanderers,0,1631.5,Pass,Stephen WARD,Wolverhampton Wanderers,,-24.77,19.62,B,73,False,False,0.0
Blackburn Rovers,Wolverhampton Wanderers,0,1633.0,Touch,Matthew JARVIS,Wolverhampton Wanderers,,-36.98,24.7,B,73,False,False,0.0
Blackburn Rovers,Wolverhampton Wanderers,0,1634.0,Touch,Matthew JARVIS,Wolverhampton Wanderers,,-38.04,28.34,B,73,False,False,0.0
Blackburn Rovers,Wolverhampton Wanderers,0,1634.6,Pass,Matthew JARVIS,Wolverhampton Wanderers,,-37.07,29.21,B,73,False,False,0.0
Blackburn Rovers,Wolverhampton Wanderers,0,1635.1,Touch,Stephen WARD,Wolverhampton Wanderers,,-31.04,30.14,B,73,False,False,0.0
Blackburn Rovers,Wolverhampton Wanderers,0,1636.2,Cross,Stephen WARD,Wolverhampton Wanderers,,-36.76,30.96,B,73,False,False,0.0
Blackburn Rovers,Wolverhampton Wanderers,0,1638.0,Touch,Stephen HUNT,Wolverhampton Wanderers,,-37.9,6.14,B,73,False,False,0.0
Blackburn Rovers,Wolverhampton Wanderers,0,1638.3,Touch,Stephen HUNT,Wolverhampton Wanderers,,-37.15,6.26,B,73,False,False,0.0
Blackburn Rovers,Wolverhampton Wanderers,0,1638.7,Touch,Stephen HUNT,Wolverhampton Wanderers,,-36.55,6.55,B,73,False,False,0.0
Blackburn Rovers,Wolverhampton Wanderers,0,1639.4,Touch,Stephen HUNT,Wolverhampton Wanderers,,-37.0,7.61,B,73,False,False,0.0
Blackburn Rovers,Wolverhampton Wanderers,0,1639.5,Block,Steven N'ZONZI,Blackburn Rovers,,-40.09,8.42,B,73,False,False,0.0
Blackburn Rovers,Wolverhampton Wanderers,0,1639.6,Touch,Stephen HUNT,Wolverhampton Wanderers,,-37.23,7.74,B,73,False,False,0.0
Blackburn Rovers,Wolverhampton Wanderers,0,1639.7,Touch,Stephen HUNT,Wolverhampton Wanderers,,-37.56,7.7,B,73,False,False,0.0
Blackburn Rovers,Wolverhampton Wanderers,0,1640.3,Shot,Stephen HUNT,Wolverhampton Wanderers,,-39.84,6.88,B,73,False,True,0.1152934094444876
Blackburn Rovers,Wolverhampton Wanderers,0,1640.9,Ball Out Of Play,,,,-54.0,1.0,U,-1,False,False,0.0
Blackburn Rovers,Wolverhampton Wanderers,0,1673.3,Goal Kick,Paul ROBINSON,Blackburn Rovers,,-48.0,-5.95,A,74,False,False,0.0
Blackburn Rovers,Wolverhampton Wanderers,0,1676.8,Header,Morten GAMST PEDERSEN,Blackburn Rovers,,14.13,-14.2,A,74,False,True,0.0
Blackburn Rovers,Wolverhampton Wanderers,0,1679.6,Touch,Wayne HENNESSEY,Wolverhampton Wanderers,,41.23,-9.51,B,75,True,False,0.0
Blackburn Rovers,Wolverhampton Wanderers,0,1682.9,Goalkeeper Pick Up,Wayne HENNESSEY,Wolverhampton Wanderers,,40.71,-9.4,B,75,False,False,0.0
Blackburn Rovers,Wolverhampton Wanderers,0,1691.2,Touch,Wayne HENNESSEY,Wolverhampton Wanderers,,37.14,2.1,B,75,False,False,0.0
Blackburn Rovers,Wolverhampton Wanderers,0,1693.2,Pass,Wayne HENNESSEY,Wolverhampton Wanderers,,35.14,2.34,B,75,False,False,0.0
Blackburn Rovers,Wolverhampton Wanderers,0,1697.1,Touch,Kevin DOYLE,Wolverhampton Wanderers,,-28.44,10.63,B,75,False,False,0.0
Blackburn Rovers,Wolverhampton Wanderers,0,1697.8,Touch,Kevin DOYLE,Wolverhampton Wanderers,,-29.2,10.89,B,75,False,False,0.0
Blackburn Rovers,Wolverhampton Wanderers,0,1698.8,Pass,Kevin DOYLE,Wolverhampton Wanderers,,-29.61,12.58,B,75,False,False,0.0
Blackburn Rovers,Wolverhampton Wanderers,0,1699.9,Touch,Matthew JARVIS,Wolverhampton Wanderers,,-25.39,25.26,B,75,False,False,0.0
Blackburn Rovers,Wolverhampton Wanderers,0,1700.8,Touch,Matthew JARVIS,Wolverhampton Wanderers,,-26.59,26.18,B,75,False,False,0.0
Blackburn Rovers,Wolverhampton Wanderers,0,1701.6,Touch,Matthew JARVIS,Wolverhampton Wanderers,,-28.66,26.75,B,75,False,False,0.0
Blackburn Rovers,Wolverhampton Wanderers,0,1702.1,Touch,Matthew JARVIS,Wolverhampton Wanderers,,-30.68,27.05,B,75,False,False,0.0
Blackburn Rovers,Wolverhampton Wanderers,0,1702.8,Dribble,Matthew JARVIS,Wolverhampton Wanderers,,-32.132499999999766,27.093749999999996,B,75,False,False,0.0
Blackburn Rovers,Wolverhampton Wanderers,0,1702.9,Cross,Matthew JARVIS,Wolverhampton Wanderers,,-32.34,27.1,B,75,False,True,0.0
Blackburn Rovers,Wolverhampton Wanderers,0,1704.4,Header,Grant HANLEY,Blackburn Rovers,,-44.04,0.24,A,76,True,False,0.0
Blackburn Rovers,Wolverhampton Wanderers,0,1708.6,Touch,Morten GAMST PEDERSEN,Blackburn Rovers,,-37.6,-5.36,A,76,False,False,0.0
Blackburn Rovers,Wolverhampton Wanderers,0,1710.6,Touch,Morten GAMST PEDERSEN,Blackburn Rovers,,-34.63,-14.2,A,76,False,False,0.0
Blackburn Rovers,Wolverhampton Wanderers,0,1711.5,Touch,Morten GAMST PEDERSEN,Blackburn Rovers,,-34.95,-18.61,A,76,False,False,0.0
Blackburn Rovers,Wolverhampton Wanderers,0,1712.4,Clearance,Morten GAMST PEDERSEN,Blackburn Rovers,,-36.75,-19.55,A,76,False,False,0.0
Blackburn Rovers,Wolverhampton Wanderers,0,1714.0,Pass,Karl HENRY,Wolverhampton Wanderers,,-10.07,-9.5,A,76,False,False,0.0
Blackburn Rovers,Wolverhampton Wanderers,0,1717.1,Touch,Jason ROBERTS,Blackburn Rovers,,6.92,-18.25,A,76,False,False,0.0
Blackburn Rovers,Wolverhampton Wanderers,0,1717.7,Touch,Jason ROBERTS,Blackburn Rovers,,7.06,-20.31,A,76,False,False,0.0
Blackburn Rovers,Wolverhampton Wanderers,0,1718.8,Pass,Jason ROBERTS,Blackburn Rovers,,7.39,-25.33,A,76,False,False,0.0
Blackburn Rovers,Wolverhampton Wanderers,0,1720.0,Touch,David DUNN,Blackburn Rovers,,3.0,-26.37,A,76,False,False,0.0
Blackburn Rovers,Wolverhampton Wanderers,0,1720.5,Touch,David DUNN,Blackburn Rovers,,5.14,-26.83,A,76,False,False,0.0
Blackburn Rovers,Wolverhampton Wanderers,0,1721.6,Touch,David DUNN,Blackburn Rovers,,11.02,-25.15,A,76,False,False,0.0
Blackburn Rovers,Wolverhampton Wanderers,0,1723.0,Touch,David DUNN,Blackburn Rovers,,18.54,-23.49,A,76,False,False,0.0
Blackburn Rovers,Wolverhampton Wanderers,0,1724.7,Pass,David DUNN,Blackburn Rovers,,18.17,-20.67,A,76,False,False,0.0
Blackburn Rovers,Wolverhampton Wanderers,0,1725.5,Touch,Brett EMERTON,Blackburn Rovers,,9.3,-10.34,A,76,False,False,0.0
Blackburn Rovers,Wolverhampton Wanderers,0,1726.4,Touch,Brett EMERTON,Blackburn Rovers,,7.54,-11.6,A,76,False,False,0.0
Blackburn Rovers,Wolverhampton Wanderers,0,1727.3,Touch,Brett EMERTON,Blackburn Rovers,,6.71,-10.56,A,76,False,False,0.0
Blackburn Rovers,Wolverhampton Wanderers,0,1727.9,Touch,Brett EMERTON,Blackburn Rovers,,8.22,-10.51,A,76,False,False,0.0
Blackburn Rovers,Wolverhampton Wanderers,0,1729.2,Pass,Brett EMERTON,Blackburn Rovers,,12.62,-10.99,A,76,False,False,0.0
Blackburn Rovers,Wolverhampton Wanderers,0,1730.3,Pass,Jason ROBERTS,Blackburn Rovers,,31.36,-13.8,A,76,False,False,0.0
Blackburn Rovers,Wolverhampton Wanderers,0,1731.8,Tackle,Christophe BERRA,Wolverhampton Wanderers,Mauro FORMICA,32.92,-4.07,A,76,False,False,0.0
Blackburn Rovers,Wolverhampton Wanderers,0,1733.0,Touch,David DUNN,Blackburn Rovers,,28.05,-0.75,A,76,False,False,0.0
Blackburn Rovers,Wolverhampton Wanderers,0,1734.2,Pass,David DUNN,Blackburn Rovers,,27.03,-3.37,A,76,False,False,0.0
Blackburn Rovers,Wolverhampton Wanderers,0,1737.1,Touch,David HOILETT,Blackburn Rovers,,43.78,31.48,A,76,False,True,0.0
Blackburn Rovers,Wolverhampton Wanderers,0,1737.3,Ball Out Of Play,,,,46.0,34.0,U,-1,False,False,0.0
Blackburn Rovers,Wolverhampton Wanderers,0,1751.9,Throw In,Stephen WARD,Wolverhampton Wanderers,,46.04,34.0,B,77,False,True,0.0
Blackburn Rovers,Wolverhampton Wanderers,0,1753.7,Header,Michel SALGADO,Blackburn Rovers,,23.38,29.54,A,78,True,False,0.0
Blackburn Rovers,Wolverhampton Wanderers,0,1755.0,Touch,David HOILETT,Blackburn Rovers,,31.41,30.93,A,78,False,False,0.0
Blackburn Rovers,Wolverhampton Wanderers,0,1755.4,Touch,David HOILETT,Blackburn Rovers,,31.47,31.2,A,78,False,False,0.0
Blackburn Rovers,Wolverhampton Wanderers,0,1755.9,Touch,David HOILETT,Blackburn Rovers,,32.07,31.34,A,78,False,False,0.0
Blackburn Rovers,Wolverhampton Wanderers,0,1756.8,Touch,David HOILETT,Blackburn Rovers,,31.98,31.15,A,78,False,False,0.0
Blackburn Rovers,Wolverhampton Wanderers,0,1757.3,Touch,David HOILETT,Blackburn Rovers,,31.62,29.68,A,78,False,False,0.0
Blackburn Rovers,Wolverhampton Wanderers,0,1757.8,Touch,David HOILETT,Blackburn Rovers,,31.71,28.18,A,78,False,False,0.0
Blackburn Rovers,Wolverhampton Wanderers,0,1758.4,Touch,David HOILETT,Blackburn Rovers,,30.19,26.19,A,78,False,True,0.0
Blackburn Rovers,Wolverhampton Wanderers,0,1759.2,Tackle,David HOILETT,Blackburn Rovers,Jamie O'HARA,27.76,25.91,B,79,True,False,0.0
Blackburn Rovers,Wolverhampton Wanderers,0,1760.6,Touch,Kevin DOYLE,Wolverhampton Wanderers,,19.5,27.0,B,79,False,False,0.0
Blackburn Rovers,Wolverhampton Wanderers,0,1761.8,Pass,Kevin DOYLE,Wolverhampton Wanderers,,18.77,29.21,B,79,False,True,0.0
Blackburn Rovers,Wolverhampton Wanderers,0,1765.6,Touch,Grant HANLEY,Blackburn Rovers,,-21.18,15.71,A,80,True,False,0.0
Blackburn Rovers,Wolverhampton Wanderers,0,1766.4,Touch,Grant HANLEY,Blackburn Rovers,,-24.64,13.9,A,80,False,False,0.0
Blackburn Rovers,Wolverhampton Wanderers,0,1767.0,Touch,Grant HANLEY,Blackburn Rovers,,-25.3,12.77,A,80,False,False,0.0
Blackburn Rovers,Wolverhampton Wanderers,0,1768.4,Pass,Grant HANLEY,Blackburn Rovers,,-24.33,15.1,A,80,False,True,0.0
Blackburn Rovers,Wolverhampton Wanderers,0,1774.8,Ball Out Of Play,,,,54.0,22.0,U,-1,False,False,0.0
Blackburn Rovers,Wolverhampton Wanderers,0,1813.0,Goal Kick,Wayne HENNESSEY,Wolverhampton Wanderers,,48.24,6.17,B,81,False,False,0.0
Blackburn Rovers,Wolverhampton Wanderers,0,1816.8,Header,David DUNN,Blackburn Rovers,,-21.27,24.3,B,81,False,False,0.0
Blackburn Rovers,Wolverhampton Wanderers,0,1818.0,Ball Out Of Play,,,,-28.0,34.0,U,-1,False,False,0.0
Blackburn Rovers,Wolverhampton Wanderers,0,1830.0,Throw In,Stephen WARD,Wolverhampton Wanderers,,-32.96,34.0,B,82,False,False,0.0
Blackburn Rovers,Wolverhampton Wanderers,0,1831.0,Touch,Stephen HUNT,Wolverhampton Wanderers,,-33.79,23.32,B,82,False,False,0.0
Blackburn Rovers,Wolverhampton Wanderers,0,1832.2,Pass,Stephen HUNT,Wolverhampton Wanderers,,-30.94,24.52,B,82,False,True,0.0
Blackburn Rovers,Wolverhampton Wanderers,0,1833.9,Touch,Mauro FORMICA,Blackburn Rovers,,-22.21,14.3,A,83,True,False,0.0
Blackburn Rovers,Wolverhampton Wanderers,0,1835.2,Pass,Mauro FORMICA,Blackburn Rovers,,-16.49,12.32,A,83,False,False,0.0
Blackburn Rovers,Wolverhampton Wanderers,0,1837.0,Pass,David DUNN,Blackburn Rovers,,-1.27,14.49,A,83,False,False,0.0
Blackburn Rovers,Wolverhampton Wanderers,0,1838.4,Touch,Jason ROBERTS,Blackburn Rovers,,9.67,28.62,A,83,False,False,0.0
Blackburn Rovers,Wolverhampton Wanderers,0,1838.8,Touch,Jason ROBERTS,Blackburn Rovers,,10.54,29.14,A,83,False,False,0.0
Blackburn Rovers,Wolverhampton Wanderers,0,1839.4,Touch,Jason ROBERTS,Blackburn Rovers,,11.78,29.18,A,83,False,False,0.0
Blackburn Rovers,Wolverhampton Wanderers,0,1840.2,Pass,Jason ROBERTS,Blackburn Rovers,,14.03,28.15,A,83,False,False,0.0
Blackburn Rovers,Wolverhampton Wanderers,0,1843.0,Pass,David HOILETT,Blackburn Rovers,,35.67,30.61,A,83,False,True,0.0
Blackburn Rovers,Wolverhampton Wanderers,0,1843.9,Touch,Roger JOHNSON,Wolverhampton Wanderers,,36.39,17.34,B,84,True,False,0.0
Blackburn Rovers,Wolverhampton Wanderers,0,1845.2,Touch,Roger JOHNSON,Wolverhampton Wanderers,,33.79,23.22,B,84,False,False,0.0
Blackburn Rovers,Wolverhampton Wanderers,0,1847.0,Touch,Roger JOHNSON,Wolverhampton Wanderers,,22.62,26.49,B,84,False,False,0.0
Blackburn Rovers,Wolverhampton Wanderers,0,1848.6,Touch,Roger JOHNSON,Wolverhampton Wanderers,,10.74,26.39,B,84,False,False,0.0
Blackburn Rovers,Wolverhampton Wanderers,0,1850.2,Pass,Roger JOHNSON,Wolverhampton Wanderers,,-0.85,24.48,B,84,False,False,0.0
Blackburn Rovers,Wolverhampton Wanderers,0,1851.0,Touch,Matthew JARVIS,Wolverhampton Wanderers,,-11.12,31.75,B,84,False,False,0.0
Blackburn Rovers,Wolverhampton Wanderers,0,1851.7,Touch,Matthew JARVIS,Wolverhampton Wanderers,,-12.5,31.06,B,84,False,False,0.0
Blackburn Rovers,Wolverhampton Wanderers,0,1852.6,Pass,Matthew JARVIS,Wolverhampton Wanderers,,-11.82,29.31,B,84,False,False,0.0
Blackburn Rovers,Wolverhampton Wanderers,0,1854.1,Touch,Jamie O'HARA,Wolverhampton Wanderers,,-11.24,9.56,B,84,False,False,0.0
Blackburn Rovers,Wolverhampton Wanderers,0,1854.7,Touch,Jamie O'HARA,Wolverhampton Wanderers,,-13.43,8.06,B,84,False,False,0.0
Blackburn Rovers,Wolverhampton Wanderers,0,1856.0,Pass,Jamie O'HARA,Wolverhampton Wanderers,,-17.62,6.06,B,84,False,False,0.0
Blackburn Rovers,Wolverhampton Wanderers,0,1858.1,Touch,Kevin DOYLE,Wolverhampton Wanderers,,-30.01,-22.35,B,84,False,False,0.0
Blackburn Rovers,Wolverhampton Wanderers,0,1859.1,Cross,Kevin DOYLE,Wolverhampton Wanderers,,-33.06,-21.08,B,84,False,False,0.0
Blackburn Rovers,Wolverhampton Wanderers,0,1860.9,Header Shot,Roger JOHNSON,Wolverhampton Wanderers,,-42.23,5.45,B,84,False,True,0.0414567627418673
Blackburn Rovers,Wolverhampton Wanderers,0,1861.8,Ball Out Of Play,,,,-54.0,1.0,U,-1,False,False,0.0
Blackburn Rovers,Wolverhampton Wanderers,0,1893.2,Goal Kick,Paul ROBINSON,Blackburn Rovers,,-47.91,-6.35,A,85,False,False,0.0
Blackburn Rovers,Wolverhampton Wanderers,0,1896.8,Touch,Jason ROBERTS,Blackburn Rovers,,20.63,-19.93,A,85,False,False,0.0
Blackburn Rovers,Wolverhampton Wanderers,0,1897.7,Pass,Jason ROBERTS,Blackburn Rovers,,21.81,-21.36,A,85,False,False,0.0
Blackburn Rovers,Wolverhampton Wanderers,0,1899.4,Cross,Morten GAMST PEDERSEN,Blackburn Rovers,,24.67,-31.08,A,85,False,False,0.0
Blackburn Rovers,Wolverhampton Wanderers,0,1901.6,Header,Stephen WARD,Wolverhampton Wanderers,,36.85,3.21,A,85,False,False,0.0
Blackburn Rovers,Wolverhampton Wanderers,0,1904.3,Touch,David HOILETT,Blackburn Rovers,,32.16,21.56,A,85,False,False,0.0
Blackburn Rovers,Wolverhampton Wanderers,0,1905.2,Touch,David HOILETT,Blackburn Rovers,,32.18,25.33,A,85,False,False,0.0
Blackburn Rovers,Wolverhampton Wanderers,0,1906.0,Touch,David HOILETT,Blackburn Rovers,,32.58,25.94,A,85,False,False,0.0
Blackburn Rovers,Wolverhampton Wanderers,0,1906.7,Touch,David HOILETT,Blackburn Rovers,,33.92,24.65,A,85,False,False,0.0
Blackburn Rovers,Wolverhampton Wanderers,0,1907.2,Touch,David HOILETT,Blackburn Rovers,,35.15,23.39,A,85,False,False,0.0
Blackburn Rovers,Wolverhampton Wanderers,0,1907.9,Cross,David HOILETT,Blackburn Rovers,,36.97,22.6,A,85,False,False,0.0
Blackburn Rovers,Wolverhampton Wanderers,0,1908.0,Block,Matthew JARVIS,Wolverhampton Wanderers,,37.13,18.91,A,85,False,False,0.0
Blackburn Rovers,Wolverhampton Wanderers,0,1909.6,Pass,David HOILETT,Blackburn Rovers,,36.71,23.13,A,85,False,False,0.0
Blackburn Rovers,Wolverhampton Wanderers,0,1911.0,Cross,Michel SALGADO,Blackburn Rovers,,40.21,29.92,A,85,False,True,0.0
Blackburn Rovers,Wolverhampton Wanderers,0,1913.0,Header,Roger JOHNSON,Wolverhampton Wanderers,,42.53,-0.87,B,86,True,False,0.0
Blackburn Rovers,Wolverhampton Wanderers,0,1914.0,Header,Richard STEARMAN,Wolverhampton Wanderers,,42.98,-4.57,B,86,False,False,0.0
Blackburn Rovers,Wolverhampton Wanderers,0,1915.3,Clearance,Stephen HUNT,Wolverhampton Wanderers,,34.93,-8.32,B,86,False,False,0.0
Blackburn Rovers,Wolverhampton Wanderers,0,1919.0,Header,Grant HANLEY,Blackburn Rovers,,11.38,-2.88,B,86,False,False,0.0
Blackburn Rovers,Wolverhampton Wanderers,0,1921.2,Clearance,Jamie O'HARA,Wolverhampton Wanderers,,19.42,5.12,B,86,False,True,0.0
Blackburn Rovers,Wolverhampton Wanderers,0,1924.2,Ball Out Of Play,,,,-12.0,-35.0,U,-1,False,False,0.0
Blackburn Rovers,Wolverhampton Wanderers,0,1945.2,Throw In,Martin OLSSON,Blackburn Rovers,,-6.81,-34.0,A,87,False,True,0.0
Blackburn Rovers,Wolverhampton Wanderers,0,1946.9,Foul,Richard STEARMAN,Wolverhampton Wanderers,Jason ROBERTS,10.1,-30.13,U,-1,False,False,0.0
Blackburn Rovers,Wolverhampton Wanderers,0,1980.4,Direct Free Kick Pass,Wayne HENNESSEY,Wolverhampton Wanderers,,15.68,-23.42,B,88,False,False,0.0
Blackburn Rovers,Wolverhampton Wanderers,0,1982.5,Header,Martin OLSSON,Blackburn Rovers,,-34.82,-22.43,B,88,False,False,0.0
Blackburn Rovers,Wolverhampton Wanderers,0,1984.4,Ball Out Of Play,,,,-20.0,-35.0,U,-1,False,False,0.0
Blackburn Rovers,Wolverhampton Wanderers,0,1987.7,Throw In,Richard STEARMAN,Wolverhampton Wanderers,,-22.23,-33.88,B,89,False,False,0.0
Blackburn Rovers,Wolverhampton Wanderers,0,1988.7,Pass,Jamie O'HARA,Wolverhampton Wanderers,,-22.87,-25.1,B,89,False,False,0.0
Blackburn Rovers,Wolverhampton Wanderers,0,1989.5,Touch,Richard STEARMAN,Wolverhampton Wanderers,,-23.05,-31.68,B,89,False,False,0.0
Blackburn Rovers,Wolverhampton Wanderers,0,1990.0,Pass,Richard STEARMAN,Wolverhampton Wanderers,,-22.89,-31.53,B,89,False,False,0.0
Blackburn Rovers,Wolverhampton Wanderers,0,1991.2,Pass,Jamie O'HARA,Wolverhampton Wanderers,,-16.65,-28.75,B,89,False,False,0.0
Blackburn Rovers,Wolverhampton Wanderers,0,1991.6,Touch,Richard STEARMAN,Wolverhampton Wanderers,,-21.95,-33.11,B,89,False,False,0.0
Blackburn Rovers,Wolverhampton Wanderers,0,1992.4,Touch,Richard STEARMAN,Wolverhampton Wanderers,,-21.21,-33.5,B,89,False,True,0.0
Blackburn Rovers,Wolverhampton Wanderers,0,1992.7,Ball Out Of Play,,,,-7.0,-35.0,U,-1,False,False,0.0
Blackburn Rovers,Wolverhampton Wanderers,0,2001.6,Throw In,Morten GAMST PEDERSEN,Blackburn Rovers,,-6.84,-34.0,A,90,False,False,0.0
Blackburn Rovers,Wolverhampton Wanderers,0,2005.2,Touch,Jason ROBERTS,Blackburn Rovers,,31.23,-29.06,A,90,False,False,0.0
Blackburn Rovers,Wolverhampton Wanderers,0,2006.3,Touch,Jason ROBERTS,Blackburn Rovers,,36.94,-28.21,A,90,False,False,0.0
Blackburn Rovers,Wolverhampton Wanderers,0,2006.7,Touch,Jason ROBERTS,Blackburn Rovers,,39.48,-26.9,A,90,False,False,0.0
Blackburn Rovers,Wolverhampton Wanderers,0,2007.7,Touch,Jason ROBERTS,Blackburn Rovers,,45.3,-21.39,A,90,False,False,0.0
Blackburn Rovers,Wolverhampton Wanderers,0,2008.8,Tackle,Jason ROBERTS,Blackburn Rovers,Christophe BERRA,49.91,-14.01,A,90,False,False,0.0
Blackburn Rovers,Wolverhampton Wanderers,0,2008.9,Block,Jason ROBERTS,Blackburn Rovers,,50.25,-13.34,A,90,False,True,0.0
Blackburn Rovers,Wolverhampton Wanderers,0,2009.2,Ball Out Of Play,,,,55.0,-9.0,U,-1,False,False,0.0
Blackburn Rovers,Wolverhampton Wanderers,0,2051.2,Goal Kick,Wayne HENNESSEY,Wolverhampton Wanderers,,48.78,4.55,B,91,False,True,0.0
Blackburn Rovers,Wolverhampton Wanderers,0,2055.2,Header,Steven N'ZONZI,Blackburn Rovers,,-19.36,14.33,A,92,True,False,0.0
Blackburn Rovers,Wolverhampton Wanderers,0,2056.3,Pass,Mauro FORMICA,Blackburn Rovers,,-9.66,11.26,A,92,False,False,0.0
Blackburn Rovers,Wolverhampton Wanderers,0,2057.4,Foul,David DUNN,Blackburn Rovers,Steven FLETCHER,-14.52,10.09,U,-1,False,False,0.0
Blackburn Rovers,Wolverhampton Wanderers,0,2067.1,Direct Free Kick Pass,David DUNN,Blackburn Rovers,,-10.3,14.81,A,93,False,False,0.0
Blackburn Rovers,Wolverhampton Wanderers,0,2069.6,Pass,Grant HANLEY,Blackburn Rovers,,-11.58,-0.56,A,93,False,False,0.0
Blackburn Rovers,Wolverhampton Wanderers,0,2071.6,Touch,Brett EMERTON,Blackburn Rovers,,-5.39,-11.47,A,93,False,False,0.0
Blackburn Rovers,Wolverhampton Wanderers,0,2072.7,Touch,Brett EMERTON,Blackburn Rovers,,-2.02,-14.1,A,93,False,False,0.0
Blackburn Rovers,Wolverhampton Wanderers,0,2074.0,Touch,Brett EMERTON,Blackburn Rovers,,4.54,-18.23,A,93,False,False,0.0
Blackburn Rovers,Wolverhampton Wanderers,0,2075.0,Touch,Brett EMERTON,Blackburn Rovers,,7.08,-20.36,A,93,False,False,0.0
Blackburn Rovers,Wolverhampton Wanderers,0,2076.4,Pass,Brett EMERTON,Blackburn Rovers,,5.68,-23.31,A,93,False,False,0.0
Blackburn Rovers,Wolverhampton Wanderers,0,2077.4,Touch,David DUNN,Blackburn Rovers,,-2.63,-12.11,A,93,False,False,0.0
Blackburn Rovers,Wolverhampton Wanderers,0,2078.2,Touch,David DUNN,Blackburn Rovers,,-1.74,-14.04,A,93,False,False,0.0
Blackburn Rovers,Wolverhampton Wanderers,0,2079.0,Pass,David DUNN,Blackburn Rovers,,-0.8,-15.6,A,93,False,False,0.0
Blackburn Rovers,Wolverhampton Wanderers,0,2081.4,Touch,Morten GAMST PEDERSEN,Blackburn Rovers,,32.99,-17.29,A,93,False,False,0.0
Blackburn Rovers,Wolverhampton Wanderers,0,2083.6,Pass,Morten GAMST PEDERSEN,Blackburn Rovers,,48.17,-13.0,A,93,False,True,0.0
Blackburn Rovers,Wolverhampton Wanderers,0,2083.9,Block,Richard STEARMAN,Wolverhampton Wanderers,,43.74,-8.75,B,94,True,False,0.0
Blackburn Rovers,Wolverhampton Wanderers,0,2084.7,Touch,Roger JOHNSON,Wolverhampton Wanderers,,47.34,-8.18,B,94,False,False,0.0
Blackburn Rovers,Wolverhampton Wanderers,0,2085.4,Clearance,Roger JOHNSON,Wolverhampton Wanderers,,46.49,-7.79,B,94,False,False,0.0
Blackburn Rovers,Wolverhampton Wanderers,0,2087.5,Foul,Kevin DOYLE,Wolverhampton Wanderers,David DUNN,10.96,-10.51,U,-1,False,False,0.0
Blackburn Rovers,Wolverhampton Wanderers,0,2116.2,Yellow Card,David DUNN,Blackburn Rovers,,0.0,-18.07,U,-1,False,False,0.0
Blackburn Rovers,Wolverhampton Wanderers,0,2145.5,Direct Free Kick Pass,Roger JOHNSON,Wolverhampton Wanderers,,8.53,-12.6,B,95,False,False,0.0
Blackburn Rovers,Wolverhampton Wanderers,0,2151.2,Touch,Matthew JARVIS,Wolverhampton Wanderers,,-48.71,19.28,B,95,False,False,0.0
Blackburn Rovers,Wolverhampton Wanderers,0,2152.2,Touch,Matthew JARVIS,Wolverhampton Wanderers,,-47.52,26.26,B,95,False,False,0.0
Blackburn Rovers,Wolverhampton Wanderers,0,2152.8,Touch,Matthew JARVIS,Wolverhampton Wanderers,,-46.9,28.41,B,95,False,False,0.0
Blackburn Rovers,Wolverhampton Wanderers,0,2156.2,Pass,Matthew JARVIS,Wolverhampton Wanderers,,-45.65,31.53,B,95,False,True,0.0
Blackburn Rovers,Wolverhampton Wanderers,0,2157.8,Touch,Brett EMERTON,Blackburn Rovers,,-38.03,19.26,A,96,True,False,0.0
Blackburn Rovers,Wolverhampton Wanderers,0,2160.4,Clearance,Brett EMERTON,Blackburn Rovers,,-49.1,23.98,A,96,False,False,0.0
Blackburn Rovers,Wolverhampton Wanderers,0,2162.1,Header,David HOILETT,Blackburn Rovers,,-25.13,26.75,A,96,False,True,0.0
Blackburn Rovers,Wolverhampton Wanderers,0,2164.8,Pass,Karl HENRY,Wolverhampton Wanderers,,-8.04,12.29,B,97,True,False,0.0
Blackburn Rovers,Wolverhampton Wanderers,0,2166.2,Touch,Roger JOHNSON,Wolverhampton Wanderers,,7.64,6.57,B,97,False,False,0.0
Blackburn Rovers,Wolverhampton Wanderers,0,2167.6,Pass,Roger JOHNSON,Wolverhampton Wanderers,,10.1,2.67,B,97,False,False,0.0
Blackburn Rovers,Wolverhampton Wanderers,0,2169.9,Clearance,Wayne HENNESSEY,Wolverhampton Wanderers,,35.4,-2.71,B,97,False,False,0.0
Blackburn Rovers,Wolverhampton Wanderers,0,2174.1,Header,Steven N'ZONZI,Blackburn Rovers,,-33.59,12.46,B,97,False,False,0.0
Blackburn Rovers,Wolverhampton Wanderers,0,2175.4,Pass,Matthew JARVIS,Wolverhampton Wanderers,,-23.73,18.26,B,97,False,False,0.0
Blackburn Rovers,Wolverhampton Wanderers,0,2176.1,Touch,Jamie O'HARA,Wolverhampton Wanderers,,-29.79,10.84,B,97,False,False,0.0
Blackburn Rovers,Wolverhampton Wanderers,0,2177.2,Shot,Jamie O'HARA,Wolverhampton Wanderers,,-32.73,13.24,B,97,False,True,0.0179500185156653
Blackburn Rovers,Wolverhampton Wanderers,0,2178.7,Ball Out Of Play,,,,-54.0,-11.0,U,-1,False,False,0.0
Blackburn Rovers,Wolverhampton Wanderers,0,2201.3,Goal Kick,Paul ROBINSON,Blackburn Rovers,,-49.57,-6.7,A,98,False,False,0.0
Blackburn Rovers,Wolverhampton Wanderers,0,2204.9,Header,Christophe BERRA,Wolverhampton Wanderers,,17.26,-2.28,A,98,False,False,0.0
Blackburn Rovers,Wolverhampton Wanderers,0,2206.4,Header,Michel SALGADO,Blackburn Rovers,,-0.11,5.54,A,98,False,True,0.0
Blackburn Rovers,Wolverhampton Wanderers,0,2206.9,Header,Jamie O'HARA,Wolverhampton Wanderers,,10.02,2.96,B,99,True,False,0.0
Blackburn Rovers,Wolverhampton Wanderers,0,2209.6,Pass,Steven FLETCHER,Wolverhampton Wanderers,,5.58,-10.33,B,99,False,False,0.0
Blackburn Rovers,Wolverhampton Wanderers,0,2210.0,Touch,Stephen HUNT,Wolverhampton Wanderers,,4.3,-12.58,B,99,False,False,0.0
Blackburn Rovers,Wolverhampton Wanderers,0,2210.7,Touch,Stephen HUNT,Wolverhampton Wanderers,,1.55,-14.35,B,99,False,False,0.0
Blackburn Rovers,Wolverhampton Wanderers,0,2211.2,Touch,Stephen HUNT,Wolverhampton Wanderers,,0.08,-15.23,B,99,False,False,0.0
Blackburn Rovers,Wolverhampton Wanderers,0,2212.1,Pass,Stephen HUNT,Wolverhampton Wanderers,,-1.85,-14.76,B,99,False,False,0.0
Blackburn Rovers,Wolverhampton Wanderers,0,2213.6,Foul,Steven FLETCHER,Wolverhampton Wanderers,Brett EMERTON,-10.24,-5.38,U,-1,False,False,0.0
Blackburn Rovers,Wolverhampton Wanderers,0,2233.5,Yellow Card,Brett EMERTON,Blackburn Rovers,,-17.05,3.21,U,-1,False,False,0.0
Blackburn Rovers,Wolverhampton Wanderers,0,2257.2,Direct Free Kick Pass,Jamie O'HARA,Wolverhampton Wanderers,,-12.41,-2.45,B,100,False,False,0.0
Blackburn Rovers,Wolverhampton Wanderers,0,2259.4,Header,Roger JOHNSON,Wolverhampton Wanderers,,-43.99,-16.16,B,100,False,False,0.0
Blackburn Rovers,Wolverhampton Wanderers,0,2260.8,Header,Martin OLSSON,Blackburn Rovers,,-46.83,-7.91,B,100,False,False,0.0
Blackburn Rovers,Wolverhampton Wanderers,0,2263.7,Pass,Stephen HUNT,Wolverhampton Wanderers,,-28.94,-27.2,B,100,False,False,0.0
Blackburn Rovers,Wolverhampton Wanderers,0,2264.6,Touch,Jamie O'HARA,Wolverhampton Wanderers,,-15.28,-22.82,B,100,False,False,0.0
Blackburn Rovers,Wolverhampton Wanderers,0,2265.3,Pass,Jamie O'HARA,Wolverhampton Wanderers,,-14.11,-23.57,B,100,False,False,0.0
Blackburn Rovers,Wolverhampton Wanderers,0,2266.8,Touch,Richard STEARMAN,Wolverhampton Wanderers,,-1.5,-16.5,B,100,False,False,0.0
Blackburn Rovers,Wolverhampton Wanderers,0,2268.4,Pass,Richard STEARMAN,Wolverhampton Wanderers,,-2.43,-15.92,B,100,False,True,0.0
Blackburn Rovers,Wolverhampton Wanderers,0,2272.6,Ball Out Of Play,,,,-55.0,8.0,U,-1,False,False,0.0
Blackburn Rovers,Wolverhampton Wanderers,0,2291.7,Goal Kick,Paul ROBINSON,Blackburn Rovers,,-49.41,6.79,A,101,False,False,0.0
Blackburn Rovers,Wolverhampton Wanderers,0,2295.1,Header,Morten GAMST PEDERSEN,Blackburn Rovers,,14.58,-18.41,A,101,False,True,0.0
Blackburn Rovers,Wolverhampton Wanderers,0,2298.5,Touch,Richard STEARMAN,Wolverhampton Wanderers,,36.39,-23.03,B,102,True,False,0.0
Blackburn Rovers,Wolverhampton Wanderers,0,2299.7,Clearance,Richard STEARMAN,Wolverhampton Wanderers,,38.48,-27.71,B,102,False,True,0.0
Blackburn Rovers,Wolverhampton Wanderers,0,2300.8,Ball Out Of Play,,,,28.0,-35.0,U,-1,False,False,0.0
Blackburn Rovers,Wolverhampton Wanderers,0,2322.9,Throw In,Martin OLSSON,Blackburn Rovers,,17.15,-34.0,A,103,False,False,0.0
Blackburn Rovers,Wolverhampton Wanderers,0,2323.7,Pass,David DUNN,Blackburn Rovers,,16.73,-26.1,A,103,False,False,0.0
Blackburn Rovers,Wolverhampton Wanderers,0,2324.5,Touch,Martin OLSSON,Blackburn Rovers,,18.55,-32.7,A,103,False,False,0.0
Blackburn Rovers,Wolverhampton Wanderers,0,2325.5,Pass,Martin OLSSON,Blackburn Rovers,,18.78,-32.52,A,103,False,False,0.0
Blackburn Rovers,Wolverhampton Wanderers,0,2327.1,Header,Morten GAMST PEDERSEN,Blackburn Rovers,,28.48,-31.68,A,103,False,False,0.0
Blackburn Rovers,Wolverhampton Wanderers,0,2327.7,Touch,Martin OLSSON,Blackburn Rovers,,26.3,-28.13,A,103,False,True,0.0
Blackburn Rovers,Wolverhampton Wanderers,0,2329.6,Touch,Stephen HUNT,Wolverhampton Wanderers,,40.53,-27.75,B,104,True,False,0.0
Blackburn Rovers,Wolverhampton Wanderers,0,2330.2,Touch,Stephen HUNT,Wolverhampton Wanderers,,44.52,-26.81,B,104,False,True,0.0
Blackburn Rovers,Wolverhampton Wanderers,0,2330.7,Touch,Martin OLSSON,Blackburn Rovers,,46.59,-26.72,A,105,True,False,0.0
Blackburn Rovers,Wolverhampton Wanderers,0,2331.8,Touch,Martin OLSSON,Blackburn Rovers,,49.02,-29.37,A,105,False,False,0.0
Blackburn Rovers,Wolverhampton Wanderers,0,2332.3,Touch,Martin OLSSON,Blackburn Rovers,,48.59,-30.55,A,105,False,False,0.0
Blackburn Rovers,Wolverhampton Wanderers,0,2332.6,Block,Stephen HUNT,Wolverhampton Wanderers,,49.13,-30.36,A,105,False,False,0.0
Blackburn Rovers,Wolverhampton Wanderers,0,2333.1,Tackle,Martin OLSSON,Blackburn Rovers,Stephen HUNT,48.36,-30.59,A,105,False,False,0.0
Blackburn Rovers,Wolverhampton Wanderers,0,2333.7,Ball Out Of Play,,,,41.0,-35.0,U,-1,False,False,0.0
Blackburn Rovers,Wolverhampton Wanderers,0,2353.0,Throw In,Morten GAMST PEDERSEN,Blackburn Rovers,,47.7,-34.0,A,106,False,False,0.0
Blackburn Rovers,Wolverhampton Wanderers,0,2355.2,Header,Jason ROBERTS,Blackburn Rovers,,45.14,-6.31,A,106,False,True,0.0
Blackburn Rovers,Wolverhampton Wanderers,0,2356.8,Clearance,Stephen HUNT,Wolverhampton Wanderers,,39.85,-4.55,B,107,True,False,0.0
Blackburn Rovers,Wolverhampton Wanderers,0,2358.8,Touch,Kevin DOYLE,Wolverhampton Wanderers,,18.0,1.57,B,107,False,False,0.0
Blackburn Rovers,Wolverhampton Wanderers,0,2359.2,Touch,Kevin DOYLE,Wolverhampton Wanderers,,18.1,1.7,B,107,False,False,0.0
Blackburn Rovers,Wolverhampton Wanderers,0,2359.7,Pass,Kevin DOYLE,Wolverhampton Wanderers,,17.77,3.62,B,107,False,False,0.0
Blackburn Rovers,Wolverhampton Wanderers,0,2360.7,Touch,Jamie O'HARA,Wolverhampton Wanderers,,20.42,12.51,B,107,False,False,0.0
Blackburn Rovers,Wolverhampton Wanderers,0,2361.4,Touch,Jamie O'HARA,Wolverhampton Wanderers,,17.23,17.1,B,107,False,False,0.0
Blackburn Rovers,Wolverhampton Wanderers,0,2362.0,Touch,Jamie O'HARA,Wolverhampton Wanderers,,15.33,19.99,B,107,False,False,0.0
Blackburn Rovers,Wolverhampton Wanderers,0,2363.0,Touch,Jamie O'HARA,Wolverhampton Wanderers,,10.66,25.46,B,107,False,False,0.0
Blackburn Rovers,Wolverhampton Wanderers,0,2365.3,Pass,Jamie O'HARA,Wolverhampton Wanderers,,2.66,29.17,B,107,False,True,0.0
Blackburn Rovers,Wolverhampton Wanderers,0,2368.3,Touch,David DUNN,Blackburn Rovers,,-28.9,24.77,A,108,True,False,0.0
Blackburn Rovers,Wolverhampton Wanderers,0,2369.5,Pass,David DUNN,Blackburn Rovers,,-36.62,28.62,A,108,False,False,0.0
Blackburn Rovers,Wolverhampton Wanderers,0,2371.6,Touch,Paul ROBINSON,Blackburn Rovers,,-50.95,8.57,A,108,False,False,0.0
Blackburn Rovers,Wolverhampton Wanderers,0,2373.2,Pass,Paul ROBINSON,Blackburn Rovers,,-48.74,5.12,A,108,False,False,0.0
Blackburn Rovers,Wolverhampton Wanderers,0,2374.5,Touch,Martin OLSSON,Blackburn Rovers,,-38.03,-12.52,A,108,False,False,0.0
Blackburn Rovers,Wolverhampton Wanderers,0,2375.1,Touch,Martin OLSSON,Blackburn Rovers,,-37.96,-16.02,A,108,False,False,0.0
Blackburn Rovers,Wolverhampton Wanderers,0,2377.0,Touch,Martin OLSSON,Blackburn Rovers,,-36.02,-20.34,A,108,False,False,0.0
Blackburn Rovers,Wolverhampton Wanderers,0,2378.5,Pass,Martin OLSSON,Blackburn Rovers,,-30.36,-23.54,A,108,False,False,0.0
Blackburn Rovers,Wolverhampton Wanderers,0,2379.7,Touch,Steven N'ZONZI,Blackburn Rovers,,-27.41,-9.65,A,108,False,False,0.0
Blackburn Rovers,Wolverhampton Wanderers,0,2381.5,Touch,Steven N'ZONZI,Blackburn Rovers,,-27.26,-13.78,A,108,False,False,0.0
Blackburn Rovers,Wolverhampton Wanderers,0,2382.5,Pass,Steven N'ZONZI,Blackburn Rovers,,-25.36,-16.01,A,108,False,False,0.0
Blackburn Rovers,Wolverhampton Wanderers,0,2383.5,Pass,Martin OLSSON,Blackburn Rovers,,-19.04,-24.72,A,108,False,False,0.0
Blackburn Rovers,Wolverhampton Wanderers,0,2385.4,Pass,Steven N'ZONZI,Blackburn Rovers,,-27.27,-14.78,A,108,False,False,0.0
Blackburn Rovers,Wolverhampton Wanderers,0,2386.7,Pass,Brett EMERTON,Blackburn Rovers,,-19.85,-8.42,A,108,False,False,0.0
Blackburn Rovers,Wolverhampton Wanderers,0,2388.8,Touch,Paul ROBINSON,Blackburn Rovers,,-46.45,-2.65,A,108,False,False,0.0
Blackburn Rovers,Wolverhampton Wanderers,0,2390.9,Pass,Paul ROBINSON,Blackburn Rovers,,-40.17,0.08,A,108,False,True,0.0
Blackburn Rovers,Wolverhampton Wanderers,0,2394.1,Header,Roger JOHNSON,Wolverhampton Wanderers,,18.51,-9.11,B,109,True,False,0.0
Blackburn Rovers,Wolverhampton Wanderers,0,2395.0,Touch,Jamie O'HARA,Wolverhampton Wanderers,,8.2,-2.34,B,109,False,False,0.0
Blackburn Rovers,Wolverhampton Wanderers,0,2396.2,Pass,Jamie O'HARA,Wolverhampton Wanderers,,9.91,-2.23,B,109,False,False,0.0
Blackburn Rovers,Wolverhampton Wanderers,0,2397.7,Touch,Steven N'ZONZI,Blackburn Rovers,,-15.7,-6.38,B,109,False,False,0.0
Blackburn Rovers,Wolverhampton Wanderers,0,2399.6,Touch,Kevin DOYLE,Wolverhampton Wanderers,,-10.34,-1.62,B,109,False,False,0.0
Blackburn Rovers,Wolverhampton Wanderers,0,2400.2,Touch,Kevin DOYLE,Wolverhampton Wanderers,,-11.94,-4.8,B,109,False,False,0.0
Blackburn Rovers,Wolverhampton Wanderers,0,2401.3,Pass,Kevin DOYLE,Wolverhampton Wanderers,,-15.87,-7.17,B,109,False,True,0.0
Blackburn Rovers,Wolverhampton Wanderers,0,2403.0,Header,Grant HANLEY,Blackburn Rovers,,-33.91,6.09,A,110,True,False,0.0
Blackburn Rovers,Wolverhampton Wanderers,0,2404.7,Goalkeeper Catch,Paul ROBINSON,Blackburn Rovers,,-47.76,2.52,A,110,False,False,0.0
Blackburn Rovers,Wolverhampton Wanderers,0,2416.6,Goalkeeper Kick,Paul ROBINSON,Blackburn Rovers,,-38.22,-2.4,A,110,False,False,0.0
Blackburn Rovers,Wolverhampton Wanderers,0,2420.1,Header,Roger JOHNSON,Wolverhampton Wanderers,,22.1,-11.45,A,110,False,False,0.0
Blackburn Rovers,Wolverhampton Wanderers,0,2421.8,Header,David DUNN,Blackburn Rovers,,6.31,-6.18,A,110,False,False,0.0
Blackburn Rovers,Wolverhampton Wanderers,0,2424.6,Header,David HOILETT,Blackburn Rovers,,13.25,12.45,A,110,False,False,0.0
Blackburn Rovers,Wolverhampton Wanderers,0,2425.8,Touch,David HOILETT,Blackburn Rovers,,16.12,19.28,A,110,False,False,0.0
Blackburn Rovers,Wolverhampton Wanderers,0,2426.7,Touch,David HOILETT,Blackburn Rovers,,19.76,22.05,A,110,False,False,0.0
Blackburn Rovers,Wolverhampton Wanderers,0,2427.5,Touch,David HOILETT,Blackburn Rovers,,23.33,20.96,A,110,False,False,0.0
Blackburn Rovers,Wolverhampton Wanderers,0,2428.4,Touch,David HOILETT,Blackburn Rovers,,28.53,16.95,A,110,False,False,0.0
Blackburn Rovers,Wolverhampton Wanderers,0,2428.9,Pass,David HOILETT,Blackburn Rovers,,30.6,15.45,A,110,False,False,0.0
Blackburn Rovers,Wolverhampton Wanderers,0,2431.2,Cross,Michel SALGADO,Blackburn Rovers,,39.37,20.63,A,110,False,False,0.0
Blackburn Rovers,Wolverhampton Wanderers,0,2431.4,Block,Stephen WARD,Wolverhampton Wanderers,,39.86,15.52,A,110,False,False,0.0
Blackburn Rovers,Wolverhampton Wanderers,0,2435.0,Pass,Brett EMERTON,Blackburn Rovers,,21.7,17.82,A,110,False,False,0.0
Blackburn Rovers,Wolverhampton Wanderers,0,2436.2,Touch,David DUNN,Blackburn Rovers,,16.45,4.06,A,110,False,False,0.0
Blackburn Rovers,Wolverhampton Wanderers,0,2436.7,Touch,David DUNN,Blackburn Rovers,,16.73,4.41,A,110,False,False,0.0
Blackburn Rovers,Wolverhampton Wanderers,0,2437.6,Pass,David DUNN,Blackburn Rovers,,17.36,4.77,A,110,False,False,0.0
Blackburn Rovers,Wolverhampton Wanderers,0,2438.3,Touch,David HOILETT,Blackburn Rovers,,28.93,10.42,A,110,False,False,0.0
Blackburn Rovers,Wolverhampton Wanderers,0,2439.1,Touch,David HOILETT,Blackburn Rovers,,27.56,9.18,A,110,False,False,0.0
Blackburn Rovers,Wolverhampton Wanderers,0,2439.7,Touch,David HOILETT,Blackburn Rovers,,26.67,7.39,A,110,False,False,0.0
Blackburn Rovers,Wolverhampton Wanderers,0,2440.3,Touch,David HOILETT,Blackburn Rovers,,26.17,5.46,A,110,False,False,0.0
Blackburn Rovers,Wolverhampton Wanderers,0,2441.0,Pass,David HOILETT,Blackburn Rovers,,26.16,3.69,A,110,False,False,0.0
Blackburn Rovers,Wolverhampton Wanderers,0,2441.7,Touch,Jason ROBERTS,Blackburn Rovers,,35.0,6.65,A,110,False,False,0.0
Blackburn Rovers,Wolverhampton Wanderers,0,2442.7,Pass,Jason ROBERTS,Blackburn Rovers,,34.0,8.32,A,110,False,False,0.0
Blackburn Rovers,Wolverhampton Wanderers,0,2444.0,Pass,Michel SALGADO,Blackburn Rovers,,31.2,25.59,A,110,False,False,0.0
Blackburn Rovers,Wolverhampton Wanderers,0,2445.1,Touch,Brett EMERTON,Blackburn Rovers,,26.26,18.75,A,110,False,False,0.0
Blackburn Rovers,Wolverhampton Wanderers,0,2445.9,Touch,Brett EMERTON,Blackburn Rovers,,26.77,20.77,A,110,False,False,0.0
Blackburn Rovers,Wolverhampton Wanderers,0,2446.6,Pass,Brett EMERTON,Blackburn Rovers,,27.3,21.2,A,110,False,False,0.0
Blackburn Rovers,Wolverhampton Wanderers,0,2447.5,Touch,David DUNN,Blackburn Rovers,,24.98,6.93,A,110,False,False,0.0
Blackburn Rovers,Wolverhampton Wanderers,0,2448.4,Touch,David DUNN,Blackburn Rovers,,26.98,8.36,A,110,False,False,0.0
Blackburn Rovers,Wolverhampton Wanderers,0,2448.7,Pass,David DUNN,Blackburn Rovers,,27.7,9.01,A,110,False,False,0.0
Blackburn Rovers,Wolverhampton Wanderers,0,2450.1,Touch,Brett EMERTON,Blackburn Rovers,,26.1,24.53,A,110,False,False,0.0
Blackburn Rovers,Wolverhampton Wanderers,0,2451.4,Cross,Brett EMERTON,Blackburn Rovers,,27.19,24.67,A,110,False,False,0.0
Blackburn Rovers,Wolverhampton Wanderers,0,2452.9,Header,Christophe BERRA,Wolverhampton Wanderers,,40.71,2.09,A,110,False,False,0.0
Blackburn Rovers,Wolverhampton Wanderers,0,2455.1,Ball Out Of Play,,,,55.0,-13.0,U,-1,False,False,0.0
Blackburn Rovers,Wolverhampton Wanderers,0,2471.0,Corner Pass,Morten GAMST PEDERSEN,Blackburn Rovers,,52.52,-33.03,A,111,False,False,0.0
Blackburn Rovers,Wolverhampton Wanderers,0,2473.1,Touch,David HOILETT,Blackburn Rovers,,40.74,-20.61,A,111,False,False,0.0
Blackburn Rovers,Wolverhampton Wanderers,0,2474.0,Touch,David HOILETT,Blackburn Rovers,,40.19,-18.97,A,111,False,False,0.0
Blackburn Rovers,Wolverhampton Wanderers,0,2475.2,Dribble,David HOILETT,Blackburn Rovers,,37.69769230769304,-14.0038461538476,A,111,False,False,0.0
Blackburn Rovers,Wolverhampton Wanderers,0,2475.3,Shot,David HOILETT,Blackburn Rovers,,37.49,-13.59,A,111,False,False,0.0332085399761121
Blackburn Rovers,Wolverhampton Wanderers,0,2475.4,Block,Steven FLETCHER,Wolverhampton Wanderers,,39.35,-12.23,A,111,False,False,0.0
Blackburn Rovers,Wolverhampton Wanderers,0,2477.1,Clearance,Jamie O'HARA,Wolverhampton Wanderers,,33.85,-1.89,A,111,False,False,0.0
Blackburn Rovers,Wolverhampton Wanderers,0,2478.3,Touch,Morten GAMST PEDERSEN,Blackburn Rovers,,33.39,-19.97,A,111,False,False,0.0
Blackburn Rovers,Wolverhampton Wanderers,0,2479.4,Cross,Morten GAMST PEDERSEN,Blackburn Rovers,,31.76,-19.16,A,111,False,True,0.0
Blackburn Rovers,Wolverhampton Wanderers,0,2483.9,Ball Out Of Play,,,,55.0,24.0,U,-1,False,False,0.0
Blackburn Rovers,Wolverhampton Wanderers,0,2515.1,Goal Kick,Wayne HENNESSEY,Wolverhampton Wanderers,,49.31,4.98,B,112,False,True,0.0
Blackburn Rovers,Wolverhampton Wanderers,0,2518.8,Header,David DUNN,Blackburn Rovers,,-15.03,25.94,A,113,True,False,0.0
Blackburn Rovers,Wolverhampton Wanderers,0,2520.3,Touch,David HOILETT,Blackburn Rovers,,-1.56,27.63,A,113,False,False,0.0
Blackburn Rovers,Wolverhampton Wanderers,0,2521.8,Pass,David HOILETT,Blackburn Rovers,,0.32,31.23,A,113,False,True,0.0
Blackburn Rovers,Wolverhampton Wanderers,0,2521.9,Block,Stephen HUNT,Wolverhampton Wanderers,,-2.71,30.3,B,114,True,False,0.0
Blackburn Rovers,Wolverhampton Wanderers,0,2523.7,Touch,Christophe BERRA,Wolverhampton Wanderers,,13.06,26.88,B,114,False,False,0.0
Blackburn Rovers,Wolverhampton Wanderers,0,2524.8,Pass,Christophe BERRA,Wolverhampton Wanderers,,13.23,29.96,B,114,False,False,0.0
Blackburn Rovers,Wolverhampton Wanderers,0,2524.9,Block,David HOILETT,Blackburn Rovers,,8.39,29.93,B,114,False,False,0.0
Blackburn Rovers,Wolverhampton Wanderers,0,2525.3,Ball Out Of Play,,,,5.0,35.0,U,-1,False,False,0.0
Blackburn Rovers,Wolverhampton Wanderers,0,2533.3,Throw In,Stephen WARD,Wolverhampton Wanderers,,1.86,34.0,B,115,False,False,0.0
Blackburn Rovers,Wolverhampton Wanderers,0,2535.7,Pass,Christophe BERRA,Wolverhampton Wanderers,,22.64,28.19,B,115,False,False,0.0
Blackburn Rovers,Wolverhampton Wanderers,0,2537.7,Touch,Wayne HENNESSEY,Wolverhampton Wanderers,,46.14,10.22,B,115,False,False,0.0
Blackburn Rovers,Wolverhampton Wanderers,0,2539.4,Pass,Wayne HENNESSEY,Wolverhampton Wanderers,,46.69,9.46,B,115,False,False,0.0
Blackburn Rovers,Wolverhampton Wanderers,0,2543.3,Header,Grant HANLEY,Blackburn Rovers,,-14.01,-4.09,B,115,False,False,0.0
Blackburn Rovers,Wolverhampton Wanderers,0,2545.8,Header,Roger JOHNSON,Wolverhampton Wanderers,,13.28,-5.93,B,115,False,True,0.0
Blackburn Rovers,Wolverhampton Wanderers,0,2547.7,Pass,Martin OLSSON,Blackburn Rovers,,-8.72,-15.21,A,116,True,False,0.0
Blackburn Rovers,Wolverhampton Wanderers,0,2548.9,Touch,Morten GAMST PEDERSEN,Blackburn Rovers,,2.93,-17.08,A,116,False,False,0.0
Blackburn Rovers,Wolverhampton Wanderers,0,2549.6,Pass,Morten GAMST PEDERSEN,Blackburn Rovers,,2.98,-17.38,A,116,False,False,0.0
Blackburn Rovers,Wolverhampton Wanderers,0,2550.6,Touch,Martin OLSSON,Blackburn Rovers,,6.33,-24.56,A,116,False,False,0.0
Blackburn Rovers,Wolverhampton Wanderers,0,2551.7,Touch,Martin OLSSON,Blackburn Rovers,,11.88,-26.3,A,116,False,False,0.0
Blackburn Rovers,Wolverhampton Wanderers,0,2552.8,Touch,Martin OLSSON,Blackburn Rovers,,19.39,-25.28,A,116,False,False,0.0
Blackburn Rovers,Wolverhampton Wanderers,0,2553.3,Touch,Martin OLSSON,Blackburn Rovers,,21.35,-25.92,A,116,False,False,0.0
Blackburn Rovers,Wolverhampton Wanderers,0,2554.2,Touch,Martin OLSSON,Blackburn Rovers,,27.85,-26.76,A,116,False,False,0.0
Blackburn Rovers,Wolverhampton Wanderers,0,2557.4,Touch,Martin OLSSON,Blackburn Rovers,,47.14,-26.05,A,116,False,False,0.0
Blackburn Rovers,Wolverhampton Wanderers,0,2558.1,Cross,Martin OLSSON,Blackburn Rovers,,49.7,-26.07,A,116,False,True,0.0
Blackburn Rovers,Wolverhampton Wanderers,0,2563.0,Ball Out Of Play,,,,42.0,35.0,U,-1,False,False,0.0
Blackburn Rovers,Wolverhampton Wanderers,0,2574.9,Throw In,Stephen WARD,Wolverhampton Wanderers,,34.57,33.99,B,117,False,True,0.0
Blackburn Rovers,Wolverhampton Wanderers,0,2576.4,Header,Michel SALGADO,Blackburn Rovers,,13.92,31.65,A,118,True,False,0.0
Blackburn Rovers,Wolverhampton Wanderers,0,2577.7,Header,Mauro FORMICA,Blackburn Rovers,,21.34,23.35,A,118,False,False,0.0
Blackburn Rovers,Wolverhampton Wanderers,0,2578.4,Pass,David DUNN,Blackburn Rovers,,15.13,23.82,A,118,False,False,0.0
Blackburn Rovers,Wolverhampton Wanderers,0,2579.6,Touch,David HOILETT,Blackburn Rovers,,23.88,28.06,A,118,False,False,0.0
Blackburn Rovers,Wolverhampton Wanderers,0,2580.4,Touch,Stephen WARD,Wolverhampton Wanderers,,25.38,28.07,A,118,False,False,0.0
Blackburn Rovers,Wolverhampton Wanderers,0,2580.9,Ball Out Of Play,,,,31.0,35.0,U,-1,False,False,0.0
Blackburn Rovers,Wolverhampton Wanderers,0,2590.7,Throw In,Michel SALGADO,Blackburn Rovers,,32.91,34.0,A,119,False,False,0.0
Blackburn Rovers,Wolverhampton Wanderers,0,2593.2,Cross,David HOILETT,Blackburn Rovers,,47.14,27.56,A,119,False,False,0.0
Blackburn Rovers,Wolverhampton Wanderers,0,2598.7,Pass,Morten GAMST PEDERSEN,Blackburn Rovers,,32.8,-24.72,A,119,False,False,0.0
Blackburn Rovers,Wolverhampton Wanderers,0,2600.5,Touch,Brett EMERTON,Blackburn Rovers,,16.82,-14.32,A,119,False,False,0.0
Blackburn Rovers,Wolverhampton Wanderers,0,2601.0,Touch,Brett EMERTON,Blackburn Rovers,,16.41,-14.85,A,119,False,False,0.0
Blackburn Rovers,Wolverhampton Wanderers,0,2602.6,Pass,Brett EMERTON,Blackburn Rovers,,16.45,-12.5,A,119,False,False,0.0
Blackburn Rovers,Wolverhampton Wanderers,0,2603.5,Pass,Mauro FORMICA,Blackburn Rovers,,29.89,-6.25,A,119,False,False,0.0
Blackburn Rovers,Wolverhampton Wanderers,0,2604.7,Touch,Brett EMERTON,Blackburn Rovers,,18.75,-5.93,A,119,False,False,0.0
Blackburn Rovers,Wolverhampton Wanderers,0,2605.9,Pass,Brett EMERTON,Blackburn Rovers,,19.34,-1.52,A,119,False,True,0.0
Blackburn Rovers,Wolverhampton Wanderers,0,2607.5,Touch,Stephen HUNT,Wolverhampton Wanderers,,35.56,15.43,B,120,True,False,0.0
Blackburn Rovers,Wolverhampton Wanderers,0,2608.7,Pass,Stephen HUNT,Wolverhampton Wanderers,,36.85,14.64,B,120,False,False,0.0
Blackburn Rovers,Wolverhampton Wanderers,0,2610.2,Touch,Kevin DOYLE,Wolverhampton Wanderers,,10.49,17.65,B,120,False,False,0.0
Blackburn Rovers,Wolverhampton Wanderers,0,2610.9,Touch,Kevin DOYLE,Wolverhampton Wanderers,,9.87,22.6,B,120,False,False,0.0
Blackburn Rovers,Wolverhampton Wanderers,0,2611.6,Touch,Kevin DOYLE,Wolverhampton Wanderers,,8.46,25.57,B,120,False,False,0.0
Blackburn Rovers,Wolverhampton Wanderers,0,2612.8,Foul,Kevin DOYLE,Wolverhampton Wanderers,Michel SALGADO,5.98,27.84,U,-1,False,False,0.0
Blackburn Rovers,Wolverhampton Wanderers,0,2652.6,Direct Free Kick Pass,Christophe BERRA,Wolverhampton Wanderers,,3.54,30.37,B,121,False,True,0.0
Blackburn Rovers,Wolverhampton Wanderers,0,2655.5,Header,Michel SALGADO,Blackburn Rovers,,-42.51,23.59,A,122,True,False,0.0
Blackburn Rovers,Wolverhampton Wanderers,0,2657.1,Header,David HOILETT,Blackburn Rovers,,-31.92,25.37,A,122,False,False,0.0
Blackburn Rovers,Wolverhampton Wanderers,0,2658.1,Foul,Mauro FORMICA,Blackburn Rovers,Karl HENRY,-20.63,19.15,U,-1,False,False,0.0
Blackburn Rovers,Wolverhampton Wanderers,0,2663.9,Direct Free Kick Pass,David DUNN,Blackburn Rovers,,-26.8,16.73,A,123,False,True,0.0
Blackburn Rovers,Wolverhampton Wanderers,0,2668.2,Goalkeeper Pick Up,Wayne HENNESSEY,Wolverhampton Wanderers,,41.66,13.02,B,124,True,False,0.0
Blackburn Rovers,Wolverhampton Wanderers,0,2676.5,Touch,Wayne HENNESSEY,Wolverhampton Wanderers,,37.55,-0.72,B,124,False,False,0.0
Blackburn Rovers,Wolverhampton Wanderers,0,2679.7,Pass,Wayne HENNESSEY,Wolverhampton Wanderers,,35.87,-8.05,B,124,False,False,0.0
Blackburn Rovers,Wolverhampton Wanderers,0,2683.5,Pass,Steven FLETCHER,Wolverhampton Wanderers,,-23.89,-22.48,B,124,False,False,0.0
Blackburn Rovers,Wolverhampton Wanderers,0,2684.0,Touch,Matthew JARVIS,Wolverhampton Wanderers,,-20.35,-25.76,B,124,False,False,0.0
Blackburn Rovers,Wolverhampton Wanderers,0,2685.0,Touch,Matthew JARVIS,Wolverhampton Wanderers,,-23.28,-27.85,B,124,False,False,0.0
Blackburn Rovers,Wolverhampton Wanderers,0,2686.5,Pass,Matthew JARVIS,Wolverhampton Wanderers,,-25.9,-29.65,B,124,False,True,0.0
Blackburn Rovers,Wolverhampton Wanderers,0,2692.4,Touch,Grant HANLEY,Blackburn Rovers,,-51.08,-23.93,A,125,True,False,0.0
Blackburn Rovers,Wolverhampton Wanderers,0,2695.3,Pass,Grant HANLEY,Blackburn Rovers,,-46.08,-23.16,A,125,False,False,0.0
Blackburn Rovers,Wolverhampton Wanderers,0,2698.0,Header,Richard STEARMAN,Wolverhampton Wanderers,,-3.31,-28.63,A,125,False,False,0.0
Blackburn Rovers,Wolverhampton Wanderers,0,2698.8,Header,Brett EMERTON,Blackburn Rovers,,-12.51,-22.96,A,125,False,True,0.0
Blackburn Rovers,Wolverhampton Wanderers,0,2700.6,Ball Out Of Play,,,,-9.0,-35.0,U,-1,False,False,0.0
Blackburn Rovers,Wolverhampton Wanderers,0,2720.9,Throw In,Richard STEARMAN,Wolverhampton Wanderers,,-12.05,-34.0,B,126,False,True,0.0
Blackburn Rovers,Wolverhampton Wanderers,0,2722.6,Header,Martin OLSSON,Blackburn Rovers,,-30.24,-30.15,A,127,True,False,0.0
Blackburn Rovers,Wolverhampton Wanderers,0,2724.1,Touch,David DUNN,Blackburn Rovers,,-26.02,-23.18,A,127,False,False,0.0
Blackburn Rovers,Wolverhampton Wanderers,0,2725.2,Pass,David DUNN,Blackburn Rovers,,-28.51,-21.01,A,127,False,False,0.0
Blackburn Rovers,Wolverhampton Wanderers,0,2726.2,Touch,Morten GAMST PEDERSEN,Blackburn Rovers,,-21.96,-27.9,A,127,False,False,0.0
Blackburn Rovers,Wolverhampton Wanderers,0,2727.0,Pass,Morten GAMST PEDERSEN,Blackburn Rovers,,-20.58,-28.69,A,127,False,False,0.0
Blackburn Rovers,Wolverhampton Wanderers,0,2729.0,Touch,Jason ROBERTS,Blackburn Rovers,,4.39,-28.68,A,127,False,False,0.0
Blackburn Rovers,Wolverhampton Wanderers,0,2729.8,Touch,Jason ROBERTS,Blackburn Rovers,,4.36,-30.25,A,127,False,False,0.0
Blackburn Rovers,Wolverhampton Wanderers,0,2729.9,Touch,Jason ROBERTS,Blackburn Rovers,,4.58,-30.54,A,127,False,False,0.0
Blackburn Rovers,Wolverhampton Wanderers,0,2731.3,Touch,Jason ROBERTS,Blackburn Rovers,,11.33,-31.38,A,127,False,False,0.0
Blackburn Rovers,Wolverhampton Wanderers,0,2732.1,Touch,Jason ROBERTS,Blackburn Rovers,,14.15,-28.43,A,127,False,False,0.0
Blackburn Rovers,Wolverhampton Wanderers,0,2733.2,Touch,Jason ROBERTS,Blackburn Rovers,,17.43,-23.36,A,127,False,True,0.0
Blackburn Rovers,Wolverhampton Wanderers,0,2734.0,Tackle,Jason ROBERTS,Blackburn Rovers,Richard STEARMAN,19.92,-19.33,B,128,True,False,0.0
Blackburn Rovers,Wolverhampton Wanderers,0,2738.9,Touch,Wayne HENNESSEY,Wolverhampton Wanderers,,51.75,20.09,B,128,False,False,0.0
Blackburn Rovers,Wolverhampton Wanderers,0,2739.9,Touch,Wayne HENNESSEY,Wolverhampton Wanderers,,52.29,23.7,B,128,False,False,0.0
Blackburn Rovers,Wolverhampton Wanderers,0,2742.8,Goalkeeper Pick Up,Wayne HENNESSEY,Wolverhampton Wanderers,,49.84,19.97,B,128,False,False,0.0
Blackburn Rovers,Wolverhampton Wanderers,0,2750.9,Touch,Wayne HENNESSEY,Wolverhampton Wanderers,,38.03,5.0,B,128,False,False,0.0
Blackburn Rovers,Wolverhampton Wanderers,0,2753.9,Pass,Wayne HENNESSEY,Wolverhampton Wanderers,,33.86,8.41,B,128,False,True,0.0
Blackburn Rovers,Wolverhampton Wanderers,0,2756.6,Touch,David DUNN,Blackburn Rovers,,-15.52,3.45,A,129,True,False,0.0
Blackburn Rovers,Wolverhampton Wanderers,0,2758.4,Touch,David DUNN,Blackburn Rovers,,-11.15,-0.6,A,129,False,False,0.0
Blackburn Rovers,Wolverhampton Wanderers,0,2758.9,Touch,David DUNN,Blackburn Rovers,,-9.09,-2.14,A,129,False,False,0.0
Blackburn Rovers,Wolverhampton Wanderers,0,2760.5,Pass,David DUNN,Blackburn Rovers,,-7.59,-0.93,A,129,False,False,0.0
Blackburn Rovers,Wolverhampton Wanderers,0,2764.0,Pass,Michel SALGADO,Blackburn Rovers,,-10.03,28.15,A,129,False,False,0.0
Blackburn Rovers,Wolverhampton Wanderers,0,2765.4,Touch,David HOILETT,Blackburn Rovers,,8.89,26.38,A,129,False,False,0.0
Blackburn Rovers,Wolverhampton Wanderers,0,2766.2,Touch,David HOILETT,Blackburn Rovers,,8.02,27.23,A,129,False,False,0.0
Blackburn Rovers,Wolverhampton Wanderers,0,2766.5,Pass,David HOILETT,Blackburn Rovers,,8.13,27.52,A,129,False,False,0.0
Blackburn Rovers,Wolverhampton Wanderers,0,2767.6,Touch,Michel SALGADO,Blackburn Rovers,,3.68,22.69,A,129,False,False,0.0
Blackburn Rovers,Wolverhampton Wanderers,0,2768.5,Pass,Michel SALGADO,Blackburn Rovers,,5.21,20.47,A,129,False,False,0.0
Blackburn Rovers,Wolverhampton Wanderers,0,2769.2,Touch,David DUNN,Blackburn Rovers,,0.42,16.94,A,129,False,False,0.0
Blackburn Rovers,Wolverhampton Wanderers,0,2770.2,Pass,David DUNN,Blackburn Rovers,,0.43,16.82,A,129,False,False,0.0
Blackburn Rovers,Wolverhampton Wanderers,0,2772.1,Header,Christophe BERRA,Wolverhampton Wanderers,,24.49,12.48,A,129,False,False,0.0
Blackburn Rovers,Wolverhampton Wanderers,0,2774.7,Touch,David DUNN,Blackburn Rovers,,4.36,3.16,A,129,False,False,0.0
Blackburn Rovers,Wolverhampton Wanderers,0,2775.7,Touch,David DUNN,Blackburn Rovers,,3.91,-0.96,A,129,False,False,0.0
Blackburn Rovers,Wolverhampton Wanderers,0,2776.2,Pass,David DUNN,Blackburn Rovers,,3.74,-1.84,A,129,False,False,0.0
Blackburn Rovers,Wolverhampton Wanderers,0,2777.3,Touch,Morten GAMST PEDERSEN,Blackburn Rovers,,15.14,-10.83,A,129,False,False,0.0
Blackburn Rovers,Wolverhampton Wanderers,0,2778.0,Touch,Morten GAMST PEDERSEN,Blackburn Rovers,,14.85,-9.29,A,129,False,False,0.0
Blackburn Rovers,Wolverhampton Wanderers,0,2778.7,Touch,Morten GAMST PEDERSEN,Blackburn Rovers,,15.23,-7.15,A,129,False,False,0.0
Blackburn Rovers,Wolverhampton Wanderers,0,2779.7,Pass,Morten GAMST PEDERSEN,Blackburn Rovers,,16.09,-3.76,A,129,False,False,0.0
Blackburn Rovers,Wolverhampton Wanderers,0,2780.6,Touch,Jason ROBERTS,Blackburn Rovers,,29.65,4.71,A,129,False,False,0.0
Blackburn Rovers,Wolverhampton Wanderers,0,2781.3,Touch,Jason ROBERTS,Blackburn Rovers,,30.43,3.13,A,129,False,True,0.0
Blackburn Rovers,Wolverhampton Wanderers,0,2782.1,Touch,Stephen HUNT,Wolverhampton Wanderers,,27.35,2.73,B,130,True,False,0.0
Blackburn Rovers,Wolverhampton Wanderers,0,2782.6,Pass,Stephen HUNT,Wolverhampton Wanderers,,29.06,0.82,B,130,False,False,0.0
Blackburn Rovers,Wolverhampton Wanderers,0,2784.4,Touch,Wayne HENNESSEY,Wolverhampton Wanderers,,48.61,0.24,B,130,False,False,0.0
Blackburn Rovers,Wolverhampton Wanderers,0,2786.3,Clearance,Wayne HENNESSEY,Wolverhampton Wanderers,,48.27,2.3,B,130,False,False,0.0
Blackburn Rovers,Wolverhampton Wanderers,0,2789.1,Header,Steven N'ZONZI,Blackburn Rovers,,-7.33,13.84,B,130,False,False,0.0
Blackburn Rovers,Wolverhampton Wanderers,0,2791.6,Touch,Stephen WARD,Wolverhampton Wanderers,,12.55,16.01,B,130,False,False,0.0
Blackburn Rovers,Wolverhampton Wanderers,0,2792.9,Touch,Stephen WARD,Wolverhampton Wanderers,,7.2,18.14,B,130,False,False,0.0
Blackburn Rovers,Wolverhampton Wanderers,0,2793.8,Pass,Stephen WARD,Wolverhampton Wanderers,,2.59,20.32,B,130,False,False,0.0
Blackburn Rovers,Wolverhampton Wanderers,0,2796.1,Touch,Kevin DOYLE,Wolverhampton Wanderers,,-24.0,29.71,B,130,False,False,0.0
Blackburn Rovers,Wolverhampton Wanderers,0,2796.5,Touch,Kevin DOYLE,Wolverhampton Wanderers,,-25.58,29.69,B,130,False,False,0.0
Blackburn Rovers,Wolverhampton Wanderers,0,2797.5,Touch,Kevin DOYLE,Wolverhampton Wanderers,,-33.65,27.51,B,130,False,False,0.0
Blackburn Rovers,Wolverhampton Wanderers,0,2798.6,Pass,Kevin DOYLE,Wolverhampton Wanderers,,-35.59,24.74,B,130,False,False,0.0
Blackburn Rovers,Wolverhampton Wanderers,0,2799.4,Touch,Stephen WARD,Wolverhampton Wanderers,,-28.03,17.02,B,130,False,False,0.0
Blackburn Rovers,Wolverhampton Wanderers,0,2800.0,Touch,Stephen WARD,Wolverhampton Wanderers,,-31.77,16.4,B,130,False,False,0.0
Blackburn Rovers,Wolverhampton Wanderers,0,2800.9,Shot,Stephen WARD,Wolverhampton Wanderers,,-36.38,14.94,B,130,False,False,0.0234111280347384
Blackburn Rovers,Wolverhampton Wanderers,0,2801.1,Block,Steven N'ZONZI,Blackburn Rovers,,-41.3,10.74,B,130,False,False,0.0
Blackburn Rovers,Wolverhampton Wanderers,0,2803.2,Pass,Kevin DOYLE,Wolverhampton Wanderers,,-33.48,24.63,B,130,False,False,0.0
Blackburn Rovers,Wolverhampton Wanderers,0,2804.1,Shot,Jamie O'HARA,Wolverhampton Wanderers,,-35.38,5.17,B,130,False,True,0.0813842802702693
Blackburn Rovers,Wolverhampton Wanderers,0,2805.4,Ball Out Of Play,,,,-54.0,-7.0,U,-1,False,False,0.0
Blackburn Rovers,Wolverhampton Wanderers,0,2817.7,End Of Half,,,,,,U,-1,False,False,0.0
Blackburn Rovers,Wolverhampton Wanderers,1,0.0,Substitution,Brett EMERTON,Wolverhampton Wanderers,Ruben ROCHINA,,,U,-1,False,False,0.0
Blackburn Rovers,Wolverhampton Wanderers,1,0.0,Start Of Half,Mauro FORMICA,Blackburn Rovers,,0.08,0.52,A,131,False,False,0.0
Blackburn Rovers,Wolverhampton Wanderers,1,0.7,Pass,David HOILETT,Blackburn Rovers,,-0.16,-0.76,A,131,False,False,0.0
Blackburn Rovers,Wolverhampton Wanderers,1,2.6,Touch,Steven N'ZONZI,Blackburn Rovers,,17.19,1.71,A,131,False,False,0.0
Blackburn Rovers,Wolverhampton Wanderers,1,4.2,Pass,Steven N'ZONZI,Blackburn Rovers,,16.6,0.31,A,131,False,False,0.0
Blackburn Rovers,Wolverhampton Wanderers,1,7.0,Header,Ruben ROCHINA,Blackburn Rovers,,-22.62,24.85,A,131,False,True,0.0
Blackburn Rovers,Wolverhampton Wanderers,1,8.6,Ball Out Of Play,,,,-36.0,35.0,U,-1,False,False,0.0
Blackburn Rovers,Wolverhampton Wanderers,1,21.5,Throw In,Richard STEARMAN,Wolverhampton Wanderers,,-27.19,34.0,B,132,False,False,0.0
Blackburn Rovers,Wolverhampton Wanderers,1,23.4,Header,Steven FLETCHER,Wolverhampton Wanderers,,-6.89,29.43,B,132,False,False,0.0
Blackburn Rovers,Wolverhampton Wanderers,1,25.2,Header,Stephen HUNT,Wolverhampton Wanderers,,-1.83,27.23,B,132,False,False,0.0
Blackburn Rovers,Wolverhampton Wanderers,1,26.6,Touch,Steven FLETCHER,Wolverhampton Wanderers,,-3.67,21.93,B,132,False,False,0.0
Blackburn Rovers,Wolverhampton Wanderers,1,27.6,Touch,Steven FLETCHER,Wolverhampton Wanderers,,-1.28,16.18,B,132,False,False,0.0
Blackburn Rovers,Wolverhampton Wanderers,1,28.8,Touch,Steven FLETCHER,Wolverhampton Wanderers,,1.11,8.54,B,132,False,False,0.0
Blackburn Rovers,Wolverhampton Wanderers,1,29.7,Touch,Steven FLETCHER,Wolverhampton Wanderers,,6.42,3.43,B,132,False,False,0.0
Blackburn Rovers,Wolverhampton Wanderers,1,30.6,Touch,Steven FLETCHER,Wolverhampton Wanderers,,12.78,0.01,B,132,False,False,0.0
Blackburn Rovers,Wolverhampton Wanderers,1,31.5,Touch,Steven FLETCHER,Wolverhampton Wanderers,,18.96,-1.98,B,132,False,False,0.0
Blackburn Rovers,Wolverhampton Wanderers,1,32.5,Pass,Steven FLETCHER,Wolverhampton Wanderers,,25.98,-5.08,B,132,False,False,0.0
Blackburn Rovers,Wolverhampton Wanderers,1,34.1,Touch,Matthew JARVIS,Wolverhampton Wanderers,,36.93,-14.55,B,132,False,False,0.0
Blackburn Rovers,Wolverhampton Wanderers,1,34.5,Touch,Matthew JARVIS,Wolverhampton Wanderers,,38.33,-15.13,B,132,False,False,0.0
Blackburn Rovers,Wolverhampton Wanderers,1,34.9,Touch,Matthew JARVIS,Wolverhampton Wanderers,,39.25,-15.43,B,132,False,False,0.0
Blackburn Rovers,Wolverhampton Wanderers,1,36.0,Foul,Matthew JARVIS,Wolverhampton Wanderers,Michel SALGADO,47.57,-13.93,U,-1,False,False,0.0
Blackburn Rovers,Wolverhampton Wanderers,1,97.8,Penalty Shot,Kevin DOYLE,Wolverhampton Wanderers,,41.11,-0.18,B,133,False,False,0.7791972537997636
Blackburn Rovers,Wolverhampton Wanderers,1,98.2,Goalkeeper Save,Paul ROBINSON,Blackburn Rovers,,51.71,0.85,B,133,False,False,0.0
Blackburn Rovers,Wolverhampton Wanderers,1,101.2,Cross,Steven FLETCHER,Wolverhampton Wanderers,,49.62,19.03,B,133,False,True,0.0
Blackburn Rovers,Wolverhampton Wanderers,1,103.1,Goalkeeper Punch,Paul ROBINSON,Blackburn Rovers,,49.74,-1.31,A,134,True,False,0.0
Blackburn Rovers,Wolverhampton Wanderers,1,103.6,Clearance,Michel SALGADO,Blackburn Rovers,,46.8,-4.3,A,134,False,True,0.0
Blackburn Rovers,Wolverhampton Wanderers,1,104.9,Shot,Stephen WARD,Wolverhampton Wanderers,,37.69,-1.97,B,135,True,False,0.1655942686392229
Blackburn Rovers,Wolverhampton Wanderers,1,105.6,Goal,Stephen WARD,Wolverhampton Wanderers,,53.0,2.0,U,-1,False,False,0.0
Blackburn Rovers,Wolverhampton Wanderers,1,161.7,Substitution,Richard STEARMAN,Wolverhampton Wanderers,Kevin FOLEY,,,U,-1,False,False,0.0
Blackburn Rovers,Wolverhampton Wanderers,1,167.6,Kick Off,Mauro FORMICA,Blackburn Rovers,,-0.11,0.85,A,136,False,False,0.0
Blackburn Rovers,Wolverhampton Wanderers,1,168.2,Pass,David HOILETT,Blackburn Rovers,,-0.64,-0.64,A,136,False,False,0.0
Blackburn Rovers,Wolverhampton Wanderers,1,170.8,Touch,Steven N'ZONZI,Blackburn Rovers,,20.42,2.23,A,136,False,False,0.0
Blackburn Rovers,Wolverhampton Wanderers,1,172.1,Pass,Steven N'ZONZI,Blackburn Rovers,,20.11,-0.26,A,136,False,False,0.0
Blackburn Rovers,Wolverhampton Wanderers,1,173.1,Pass,David DUNN,Blackburn Rovers,,-2.98,8.07,A,136,False,False,0.0
Blackburn Rovers,Wolverhampton Wanderers,1,175.1,Header,Jason ROBERTS,Blackburn Rovers,,-30.57,10.61,A,136,False,True,0.0
Blackburn Rovers,Wolverhampton Wanderers,1,177.3,Touch,Stephen WARD,Wolverhampton Wanderers,,-33.7,-5.82,B,137,True,False,0.0
Blackburn Rovers,Wolverhampton Wanderers,1,178.7,Clearance,Stephen WARD,Wolverhampton Wanderers,,-32.08,-13.61,B,137,False,False,0.0
Blackburn Rovers,Wolverhampton Wanderers,1,181.8,Header,Steven N'ZONZI,Blackburn Rovers,,18.54,-21.46,B,137,False,False,0.0
Blackburn Rovers,Wolverhampton Wanderers,1,183.0,Header,Matthew JARVIS,Wolverhampton Wanderers,,5.66,-22.47,B,137,False,False,0.0
Blackburn Rovers,Wolverhampton Wanderers,1,184.3,Touch,Kevin DOYLE,Wolverhampton Wanderers,,7.8,-28.93,B,137,False,False,0.0
Blackburn Rovers,Wolverhampton Wanderers,1,184.8,Touch,Kevin DOYLE,Wolverhampton Wanderers,,7.85,-28.97,B,137,False,False,0.0
Blackburn Rovers,Wolverhampton Wanderers,1,186.1,Touch,Kevin DOYLE,Wolverhampton Wanderers,,7.63,-29.02,B,137,False,False,0.0
Blackburn Rovers,Wolverhampton Wanderers,1,186.8,Pass,Kevin DOYLE,Wolverhampton Wanderers,,8.39,-29.32,B,137,False,False,0.0
Blackburn Rovers,Wolverhampton Wanderers,1,188.2,Pass,Jamie O'HARA,Wolverhampton Wanderers,,17.42,-22.02,B,137,False,True,0.0
Blackburn Rovers,Wolverhampton Wanderers,1,190.7,Pass,Michel SALGADO,Blackburn Rovers,,33.76,-21.53,A,138,True,False,0.0
Blackburn Rovers,Wolverhampton Wanderers,1,192.8,Clearance,Paul ROBINSON,Blackburn Rovers,,47.53,-4.79,A,138,False,True,0.0
Blackburn Rovers,Wolverhampton Wanderers,1,196.5,Header,Christophe BERRA,Wolverhampton Wanderers,,-3.52,-18.75,B,139,True,False,0.0
Blackburn Rovers,Wolverhampton Wanderers,1,198.8,Touch,Matthew JARVIS,Wolverhampton Wanderers,,20.85,-29.29,B,139,False,False,0.0
Blackburn Rovers,Wolverhampton Wanderers,1,200.0,Touch,Matthew JARVIS,Wolverhampton Wanderers,,20.91,-29.91,B,139,False,False,0.0
Blackburn Rovers,Wolverhampton Wanderers,1,201.0,Pass,Matthew JARVIS,Wolverhampton Wanderers,,19.75,-30.59,B,139,False,False,0.0
Blackburn Rovers,Wolverhampton Wanderers,1,202.8,Pass,Kevin DOYLE,Wolverhampton Wanderers,,18.7,-22.85,B,139,False,True,0.0
Blackburn Rovers,Wolverhampton Wanderers,1,205.1,Pass,Grant HANLEY,Blackburn Rovers,,22.72,-4.42,A,140,True,False,0.0
Blackburn Rovers,Wolverhampton Wanderers,1,205.6,Pass,Morten GAMST PEDERSEN,Blackburn Rovers,,20.0,-7.31,A,140,False,False,0.0
Blackburn Rovers,Wolverhampton Wanderers,1,207.4,Touch,Ruben ROCHINA,Blackburn Rovers,,12.0,5.5,A,140,False,False,0.0
Blackburn Rovers,Wolverhampton Wanderers,1,208.3,Touch,Ruben ROCHINA,Blackburn Rovers,,6.7,5.36,A,140,False,False,0.0
Blackburn Rovers,Wolverhampton Wanderers,1,208.9,Touch,Ruben ROCHINA,Blackburn Rovers,,3.39,5.4,A,140,False,False,0.0
Blackburn Rovers,Wolverhampton Wanderers,1,209.4,Touch,Ruben ROCHINA,Blackburn Rovers,,0.13,4.85,A,140,False,False,0.0
Blackburn Rovers,Wolverhampton Wanderers,1,209.8,Touch,Ruben ROCHINA,Blackburn Rovers,,-2.09,4.17,A,140,False,False,0.0
Blackburn Rovers,Wolverhampton Wanderers,1,210.9,Touch,Ruben ROCHINA,Blackburn Rovers,,-7.23,1.94,A,140,False,False,0.0
Blackburn Rovers,Wolverhampton Wanderers,1,211.4,Pass,Ruben ROCHINA,Blackburn Rovers,,-8.51,0.55,A,140,False,False,0.0
Blackburn Rovers,Wolverhampton Wanderers,1,212.0,Touch,David HOILETT,Blackburn Rovers,,-13.11,-5.59,A,140,False,False,0.0
Blackburn Rovers,Wolverhampton Wanderers,1,212.7,Touch,David HOILETT,Blackburn Rovers,,-14.1,-4.96,A,140,False,False,0.0
Blackburn Rovers,Wolverhampton Wanderers,1,213.1,Touch,David HOILETT,Blackburn Rovers,,-15.25,-4.72,A,140,False,False,0.0
Blackburn Rovers,Wolverhampton Wanderers,1,213.6,Touch,David HOILETT,Blackburn Rovers,,-17.15,-5.25,A,140,False,False,0.0
Blackburn Rovers,Wolverhampton Wanderers,1,214.1,Touch,David HOILETT,Blackburn Rovers,,-18.75,-6.04,A,140,False,False,0.0
Blackburn Rovers,Wolverhampton Wanderers,1,214.5,Touch,David HOILETT,Blackburn Rovers,,-19.07,-7.15,A,140,False,False,0.0
Blackburn Rovers,Wolverhampton Wanderers,1,215.1,Pass,David HOILETT,Blackburn Rovers,,-18.73,-9.01,A,140,False,False,0.0
Blackburn Rovers,Wolverhampton Wanderers,1,216.3,Pass,David DUNN,Blackburn Rovers,,-11.32,-8.0,A,140,False,False,0.0
Blackburn Rovers,Wolverhampton Wanderers,1,218.7,Touch,Martin OLSSON,Blackburn Rovers,,-34.39,20.71,A,140,False,False,0.0
Blackburn Rovers,Wolverhampton Wanderers,1,219.8,Touch,Martin OLSSON,Blackburn Rovers,,-35.96,18.52,A,140,False,True,0.0
Blackburn Rovers,Wolverhampton Wanderers,1,219.9,Block,Kevin FOLEY,Wolverhampton Wanderers,,-37.21,18.57,B,141,True,False,0.0
Blackburn Rovers,Wolverhampton Wanderers,1,221.3,Touch,Kevin FOLEY,Wolverhampton Wanderers,,-35.77,23.1,B,141,False,False,0.0
Blackburn Rovers,Wolverhampton Wanderers,1,222.7,Pass,Kevin FOLEY,Wolverhampton Wanderers,,-32.78,30.32,B,141,False,False,0.0
Blackburn Rovers,Wolverhampton Wanderers,1,224.8,Foul,Steven FLETCHER,Wolverhampton Wanderers,Grant HANLEY,2.06,24.83,U,-1,False,False,0.0
Blackburn Rovers,Wolverhampton Wanderers,1,256.2,Direct Free Kick Pass,Kevin FOLEY,Wolverhampton Wanderers,,1.74,30.86,B,142,False,True,0.0
Blackburn Rovers,Wolverhampton Wanderers,1,260.5,Touch,Martin OLSSON,Blackburn Rovers,,46.56,29.83,A,143,True,False,0.0
Blackburn Rovers,Wolverhampton Wanderers,1,261.4,Touch,Martin OLSSON,Blackburn Rovers,,48.75,29.69,A,143,False,True,0.0
Blackburn Rovers,Wolverhampton Wanderers,1,262.6,Touch,Stephen HUNT,Wolverhampton Wanderers,,42.33,28.64,B,144,True,False,0.0
Blackburn Rovers,Wolverhampton Wanderers,1,263.8,Cross,Stephen HUNT,Wolverhampton Wanderers,,45.4,30.32,B,144,False,False,0.0
Blackburn Rovers,Wolverhampton Wanderers,1,263.9,Block,Martin OLSSON,Blackburn Rovers,,46.14,27.5,B,144,False,False,0.0
Blackburn Rovers,Wolverhampton Wanderers,1,264.3,Ball Out Of Play,,,,55.0,32.0,U,-1,False,False,0.0
Blackburn Rovers,Wolverhampton Wanderers,1,285.6,Corner Cross,Stephen HUNT,Wolverhampton Wanderers,,52.55,32.82,B,145,False,False,0.0
Blackburn Rovers,Wolverhampton Wanderers,1,286.8,Clearance,David DUNN,Blackburn Rovers,,48.93,7.34,B,145,False,False,0.0
Blackburn Rovers,Wolverhampton Wanderers,1,289.3,Ball Out Of Play,,,,38.0,35.0,U,-1,False,False,0.0
Blackburn Rovers,Wolverhampton Wanderers,1,301.5,Throw In,Kevin FOLEY,Wolverhampton Wanderers,,28.46,34.0,B,146,False,False,0.0
Blackburn Rovers,Wolverhampton Wanderers,1,303.1,Pass,Jamie O'HARA,Wolverhampton Wanderers,,26.57,23.06,B,146,False,False,0.0
Blackburn Rovers,Wolverhampton Wanderers,1,304.6,Pass,Kevin FOLEY,Wolverhampton Wanderers,,27.99,31.96,B,146,False,False,0.0
Blackburn Rovers,Wolverhampton Wanderers,1,305.2,Touch,Jamie O'HARA,Wolverhampton Wanderers,,22.45,30.0,B,146,False,False,0.0
Blackburn Rovers,Wolverhampton Wanderers,1,305.8,Touch,Jamie O'HARA,Wolverhampton Wanderers,,21.94,30.7,B,146,False,False,0.0
Blackburn Rovers,Wolverhampton Wanderers,1,306.3,Pass,Jamie O'HARA,Wolverhampton Wanderers,,21.56,31.2,B,146,False,False,0.0
Blackburn Rovers,Wolverhampton Wanderers,1,306.8,Tackle,Kevin FOLEY,Wolverhampton Wanderers,David HOILETT,24.84,32.7,B,146,False,False,0.0
Blackburn Rovers,Wolverhampton Wanderers,1,306.9,Ball Out Of Play,,,,28.0,35.0,U,-1,False,False,0.0
Blackburn Rovers,Wolverhampton Wanderers,1,312.8,Throw In,Kevin FOLEY,Wolverhampton Wanderers,,25.23,34.0,B,147,False,False,0.0
Blackburn Rovers,Wolverhampton Wanderers,1,313.8,Touch,Stephen HUNT,Wolverhampton Wanderers,,34.36,31.08,B,147,False,False,0.0
Blackburn Rovers,Wolverhampton Wanderers,1,314.3,Touch,Stephen HUNT,Wolverhampton Wanderers,,33.5,31.64,B,147,False,False,0.0
Blackburn Rovers,Wolverhampton Wanderers,1,315.1,Pass,Stephen HUNT,Wolverhampton Wanderers,,32.26,32.38,B,147,False,False,0.0
Blackburn Rovers,Wolverhampton Wanderers,1,315.9,Pass,Jamie O'HARA,Wolverhampton Wanderers,,30.02,22.95,B,147,False,False,0.0
Blackburn Rovers,Wolverhampton Wanderers,1,316.6,Tackle,Matthew JARVIS,Wolverhampton Wanderers,Morten GAMST PEDERSEN,37.54,23.43,B,147,False,False,0.0
Blackburn Rovers,Wolverhampton Wanderers,1,318.2,Cross,Kevin FOLEY,Wolverhampton Wanderers,,27.02,25.89,B,147,False,False,0.0
Blackburn Rovers,Wolverhampton Wanderers,1,319.8,Touch,Steven FLETCHER,Wolverhampton Wanderers,,44.23,-3.86,B,147,False,False,0.0
Blackburn Rovers,Wolverhampton Wanderers,1,320.9,Clearance,Steven N'ZONZI,Blackburn Rovers,,45.19,-0.82,B,147,False,False,0.0
Blackburn Rovers,Wolverhampton Wanderers,1,323.3,Header,Stephen WARD,Wolverhampton Wanderers,,10.01,-5.21,B,147,False,False,0.0
Blackburn Rovers,Wolverhampton Wanderers,1,325.6,Pass,Kevin DOYLE,Wolverhampton Wanderers,,23.08,-10.44,B,147,False,False,0.0
Blackburn Rovers,Wolverhampton Wanderers,1,327.1,Pass,Stephen WARD,Wolverhampton Wanderers,,14.93,-15.04,B,147,False,False,0.0
Blackburn Rovers,Wolverhampton Wanderers,1,328.1,Touch,Matthew JARVIS,Wolverhampton Wanderers,,28.93,-21.18,B,147,False,False,0.0
Blackburn Rovers,Wolverhampton Wanderers,1,329.0,Touch,Matthew JARVIS,Wolverhampton Wanderers,,24.82,-24.05,B,147,False,False,0.0
Blackburn Rovers,Wolverhampton Wanderers,1,329.5,Touch,Matthew JARVIS,Wolverhampton Wanderers,,24.18,-24.5,B,147,False,False,0.0
Blackburn Rovers,Wolverhampton Wanderers,1,330.3,Touch,Matthew JARVIS,Wolverhampton Wanderers,,23.74,-25.01,B,147,False,False,0.0
Blackburn Rovers,Wolverhampton Wanderers,1,330.7,Touch,Matthew JARVIS,Wolverhampton Wanderers,,23.4,-25.27,B,147,False,False,0.0
Blackburn Rovers,Wolverhampton Wanderers,1,331.3,Touch,Matthew JARVIS,Wolverhampton Wanderers,,20.64,-26.56,B,147,False,False,0.0
Blackburn Rovers,Wolverhampton Wanderers,1,332.3,Touch,Matthew JARVIS,Wolverhampton Wanderers,,17.96,-26.86,B,147,False,False,0.0
Blackburn Rovers,Wolverhampton Wanderers,1,332.6,Tackle,Matthew JARVIS,Wolverhampton Wanderers,Ruben ROCHINA,17.45,-26.19,B,147,False,False,0.0
Blackburn Rovers,Wolverhampton Wanderers,1,334.1,Pass,Karl HENRY,Wolverhampton Wanderers,,9.38,-24.08,B,147,False,False,0.0
Blackburn Rovers,Wolverhampton Wanderers,1,334.9,Touch,Kevin DOYLE,Wolverhampton Wanderers,,17.25,-32.34,B,147,False,False,0.0
Blackburn Rovers,Wolverhampton Wanderers,1,335.5,Pass,Kevin DOYLE,Wolverhampton Wanderers,,16.93,-32.34,B,147,False,False,0.0
Blackburn Rovers,Wolverhampton Wanderers,1,336.5,Tackle,David DUNN,Blackburn Rovers,Matthew JARVIS,21.35,-21.49,B,147,False,False,0.0
Blackburn Rovers,Wolverhampton Wanderers,1,338.5,Tackle,Jason ROBERTS,Blackburn Rovers,Christophe BERRA,0.81,-18.59,B,147,False,True,0.0
Blackburn Rovers,Wolverhampton Wanderers,1,339.5,Touch,Jason ROBERTS,Blackburn Rovers,,4.71,-18.37,A,148,True,False,0.0
Blackburn Rovers,Wolverhampton Wanderers,1,340.6,Pass,Jason ROBERTS,Blackburn Rovers,,7.35,-20.75,A,148,False,False,0.0
Blackburn Rovers,Wolverhampton Wanderers,1,341.4,Touch,David DUNN,Blackburn Rovers,,14.84,-18.93,A,148,False,False,0.0
Blackburn Rovers,Wolverhampton Wanderers,1,342.4,Touch,David DUNN,Blackburn Rovers,,10.33,-18.5,A,148,False,False,0.0
Blackburn Rovers,Wolverhampton Wanderers,1,343.4,Pass,David DUNN,Blackburn Rovers,,4.56,-16.84,A,148,False,False,0.0
Blackburn Rovers,Wolverhampton Wanderers,1,345.9,Touch,Mauro FORMICA,Blackburn Rovers,,-26.59,-13.51,A,148,False,False,0.0
Blackburn Rovers,Wolverhampton Wanderers,1,347.2,Touch,Mauro FORMICA,Blackburn Rovers,,-37.48,-13.55,A,148,False,False,0.0
Blackburn Rovers,Wolverhampton Wanderers,1,347.3,Block,Roger JOHNSON,Wolverhampton Wanderers,,-36.65,-13.56,A,148,False,False,0.0
Blackburn Rovers,Wolverhampton Wanderers,1,348.2,Ball Out Of Play,,,,-55.0,-17.0,U,-1,False,False,0.0
Blackburn Rovers,Wolverhampton Wanderers,1,374.8,Corner Cross,Morten GAMST PEDERSEN,Blackburn Rovers,,-52.42,-32.77,A,149,False,True,0.0
Blackburn Rovers,Wolverhampton Wanderers,1,376.6,Ball Out Of Play,,,,-55.0,9.0,U,-1,False,False,0.0
Blackburn Rovers,Wolverhampton Wanderers,1,409.1,Goal Kick,Wayne HENNESSEY,Wolverhampton Wanderers,,-49.85,-5.87,B,150,False,True,0.0
Blackburn Rovers,Wolverhampton Wanderers,1,414.8,Header,Michel SALGADO,Blackburn Rovers,,27.49,-22.21,A,151,True,False,0.0
Blackburn Rovers,Wolverhampton Wanderers,1,417.4,Touch,David HOILETT,Blackburn Rovers,,8.0,-25.05,A,151,False,False,0.0
Blackburn Rovers,Wolverhampton Wanderers,1,417.8,Pass,David HOILETT,Blackburn Rovers,,7.81,-25.31,A,151,False,False,0.0
Blackburn Rovers,Wolverhampton Wanderers,1,418.7,Pass,Morten GAMST PEDERSEN,Blackburn Rovers,,13.84,-27.25,A,151,False,False,0.0
Blackburn Rovers,Wolverhampton Wanderers,1,419.6,Foul,Mauro FORMICA,Blackburn Rovers,Karl HENRY,3.43,-12.93,U,-1,False,False,0.0
Blackburn Rovers,Wolverhampton Wanderers,1,426.4,Direct Free Kick Pass,Morten GAMST PEDERSEN,Blackburn Rovers,,7.43,-19.67,A,152,False,False,0.0
Blackburn Rovers,Wolverhampton Wanderers,1,429.1,Touch,David HOILETT,Blackburn Rovers,,-10.89,-25.51,A,152,False,False,0.0
Blackburn Rovers,Wolverhampton Wanderers,1,429.7,Touch,David HOILETT,Blackburn Rovers,,-13.48,-25.68,A,152,False,False,0.0
Blackburn Rovers,Wolverhampton Wanderers,1,430.5,Touch,David HOILETT,Blackburn Rovers,,-17.96,-24.08,A,152,False,False,0.0
Blackburn Rovers,Wolverhampton Wanderers,1,430.9,Touch,David HOILETT,Blackburn Rovers,,-20.09,-23.48,A,152,False,False,0.0
Blackburn Rovers,Wolverhampton Wanderers,1,431.3,Touch,David HOILETT,Blackburn Rovers,,-22.59,-23.28,A,152,False,False,0.0
Blackburn Rovers,Wolverhampton Wanderers,1,432.1,Touch,David HOILETT,Blackburn Rovers,,-28.22,-24.78,A,152,False,False,0.0
Blackburn Rovers,Wolverhampton Wanderers,1,433.2,Touch,David HOILETT,Blackburn Rovers,,-37.03,-24.78,A,152,False,False,0.0
Blackburn Rovers,Wolverhampton Wanderers,1,434.8,Tackle,David HOILETT,Blackburn Rovers,Stephen WARD,-47.46,-22.99,A,152,False,False,0.0
Blackburn Rovers,Wolverhampton Wanderers,1,435.1,Ball Out Of Play,,,,-55.0,-19.0,U,-1,False,False,0.0
Blackburn Rovers,Wolverhampton Wanderers,1,449.5,Corner Pass,David DUNN,Blackburn Rovers,,-52.48,-33.04,A,153,False,False,0.0
Blackburn Rovers,Wolverhampton Wanderers,1,450.8,Pass,David HOILETT,Blackburn Rovers,,-51.32,-23.84,A,153,False,False,0.0
Blackburn Rovers,Wolverhampton Wanderers,1,451.5,Touch,David DUNN,Blackburn Rovers,,-46.39,-28.43,A,153,False,False,0.0
Blackburn Rovers,Wolverhampton Wanderers,1,452.1,Touch,David DUNN,Blackburn Rovers,,-43.98,-24.62,A,153,False,False,0.0
Blackburn Rovers,Wolverhampton Wanderers,1,452.6,Touch,David DUNN,Blackburn Rovers,,-42.99,-21.32,A,153,False,False,0.0
Blackburn Rovers,Wolverhampton Wanderers,1,453.5,Touch,David DUNN,Blackburn Rovers,,-42.14,-16.91,A,153,False,False,0.0
Blackburn Rovers,Wolverhampton Wanderers,1,454.7,Dribble,David DUNN,Blackburn Rovers,,-39.46307692307381,-11.177692307685623,A,153,False,False,0.0
Blackburn Rovers,Wolverhampton Wanderers,1,454.8,Shot,David DUNN,Blackburn Rovers,,-39.24,-10.7,A,153,False,False,0.0635046465480069
Blackburn Rovers,Wolverhampton Wanderers,1,454.9,Block,Kevin DOYLE,Wolverhampton Wanderers,,-42.99,-6.89,A,153,False,False,0.0
Blackburn Rovers,Wolverhampton Wanderers,1,458.2,Ball Out Of Play,,,,-54.0,22.0,U,-1,False,False,0.0
Blackburn Rovers,Wolverhampton Wanderers,1,474.9,Corner Cross,Morten GAMST PEDERSEN,Blackburn Rovers,,-51.89,32.4,A,154,False,False,0.0
Blackburn Rovers,Wolverhampton Wanderers,1,476.9,Header,Steven N'ZONZI,Blackburn Rovers,,-47.35,3.48,A,154,False,False,0.0
Blackburn Rovers,Wolverhampton Wanderers,1,478.0,Touch,Jamie O'HARA,Wolverhampton Wanderers,,-38.99,-5.73,A,154,False,False,0.0
Blackburn Rovers,Wolverhampton Wanderers,1,478.3,Tackle,Jamie O'HARA,Wolverhampton Wanderers,David HOILETT,-39.12,-6.1,A,154,False,False,0.0
Blackburn Rovers,Wolverhampton Wanderers,1,479.2,Shot,David HOILETT,Blackburn Rovers,,-42.07,-5.03,A,154,False,False,0.1910518720585623
Blackburn Rovers,Wolverhampton Wanderers,1,479.3,Block,Christophe BERRA,Wolverhampton Wanderers,,-44.21,-3.9,A,154,False,False,0.0
Blackburn Rovers,Wolverhampton Wanderers,1,480.1,Ball Out Of Play,,,,-54.0,-7.0,U,-1,False,False,0.0
Blackburn Rovers,Wolverhampton Wanderers,1,497.2,Corner Cross,David DUNN,Blackburn Rovers,,-52.27,-32.88,A,155,False,False,0.0
Blackburn Rovers,Wolverhampton Wanderers,1,498.9,Header Shot,Mauro FORMICA,Blackburn Rovers,,-44.03,4.53,A,155,False,True,0.0780782937556804
Blackburn Rovers,Wolverhampton Wanderers,1,499.3,Ball Out Of Play,,,,-56.0,0.0,U,-1,False,False,0.0
Blackburn Rovers,Wolverhampton Wanderers,1,533.1,Goal Kick,Wayne HENNESSEY,Wolverhampton Wanderers,,-49.39,4.56,B,156,False,False,0.0
Blackburn Rovers,Wolverhampton Wanderers,1,537.4,Header,Martin OLSSON,Blackburn Rovers,,21.77,21.15,B,156,False,False,0.0
Blackburn Rovers,Wolverhampton Wanderers,1,539.2,Tackle,David DUNN,Blackburn Rovers,Steven FLETCHER,19.4,13.57,B,156,False,False,0.0
Blackburn Rovers,Wolverhampton Wanderers,1,541.6,Header,Kevin FOLEY,Wolverhampton Wanderers,,9.41,25.91,B,156,False,False,0.0
Blackburn Rovers,Wolverhampton Wanderers,1,542.6,Pass,Steven FLETCHER,Wolverhampton Wanderers,,19.92,18.2,B,156,False,False,0.0
Blackburn Rovers,Wolverhampton Wanderers,1,543.4,Pass,Jamie O'HARA,Wolverhampton Wanderers,,14.7,16.62,B,156,False,False,0.0
Blackburn Rovers,Wolverhampton Wanderers,1,544.0,Touch,Steven FLETCHER,Wolverhampton Wanderers,,22.35,19.88,B,156,False,False,0.0
Blackburn Rovers,Wolverhampton Wanderers,1,544.7,Pass,Steven FLETCHER,Wolverhampton Wanderers,,24.42,20.0,B,156,False,False,0.0
Blackburn Rovers,Wolverhampton Wanderers,1,545.9,Touch,Stephen HUNT,Wolverhampton Wanderers,,29.6,29.74,B,156,False,False,0.0
Blackburn Rovers,Wolverhampton Wanderers,1,546.4,Touch,Stephen HUNT,Wolverhampton Wanderers,,30.78,28.72,B,156,False,False,0.0
Blackburn Rovers,Wolverhampton Wanderers,1,546.9,Pass,Stephen HUNT,Wolverhampton Wanderers,,31.98,26.92,B,156,False,False,0.0
Blackburn Rovers,Wolverhampton Wanderers,1,548.0,Cross,Kevin FOLEY,Wolverhampton Wanderers,,39.68,27.67,B,156,False,False,0.0
Blackburn Rovers,Wolverhampton Wanderers,1,548.1,Block,Martin OLSSON,Blackburn Rovers,,41.0,24.27,B,156,False,False,0.0
Blackburn Rovers,Wolverhampton Wanderers,1,548.6,Ball Out Of Play,,,,45.0,35.0,U,-1,False,False,0.0
Blackburn Rovers,Wolverhampton Wanderers,1,555.0,Throw In,Kevin FOLEY,Wolverhampton Wanderers,,44.78,34.0,B,157,False,False,0.0
Blackburn Rovers,Wolverhampton Wanderers,1,556.0,Touch,Stephen HUNT,Wolverhampton Wanderers,,48.8,26.44,B,157,False,False,0.0
Blackburn Rovers,Wolverhampton Wanderers,1,556.5,Touch,Stephen HUNT,Wolverhampton Wanderers,,49.38,27.33,B,157,False,False,0.0
Blackburn Rovers,Wolverhampton Wanderers,1,557.4,Pass,Stephen HUNT,Wolverhampton Wanderers,,49.96,28.08,B,157,False,False,0.0
Blackburn Rovers,Wolverhampton Wanderers,1,558.0,Touch,Kevin FOLEY,Wolverhampton Wanderers,,50.4,31.92,B,157,False,False,0.0
Blackburn Rovers,Wolverhampton Wanderers,1,558.9,Touch,Ruben ROCHINA,Blackburn Rovers,,50.13,30.56,B,157,False,False,0.0
Blackburn Rovers,Wolverhampton Wanderers,1,559.2,Ball Out Of Play,,,,48.0,35.0,U,-1,False,False,0.0
Blackburn Rovers,Wolverhampton Wanderers,1,567.4,Throw In,Kevin FOLEY,Wolverhampton Wanderers,,43.06,33.39,B,158,False,False,0.0
Blackburn Rovers,Wolverhampton Wanderers,1,568.4,Touch,Stephen HUNT,Wolverhampton Wanderers,,49.35,26.03,B,158,False,False,0.0
Blackburn Rovers,Wolverhampton Wanderers,1,569.4,Touch,Stephen HUNT,Wolverhampton Wanderers,,49.89,28.52,B,158,False,False,0.0
Blackburn Rovers,Wolverhampton Wanderers,1,570.1,Cross,Stephen HUNT,Wolverhampton Wanderers,,50.52,29.57,B,158,False,False,0.0
Blackburn Rovers,Wolverhampton Wanderers,1,570.2,Block,Martin OLSSON,Blackburn Rovers,,50.48,28.6,B,158,False,False,0.0
Blackburn Rovers,Wolverhampton Wanderers,1,570.3,Ball Out Of Play,,,,56.0,23.0,U,-1,False,False,0.0
Blackburn Rovers,Wolverhampton Wanderers,1,589.7,Corner Pass,Stephen HUNT,Wolverhampton Wanderers,,52.35,32.92,B,159,False,False,0.0
Blackburn Rovers,Wolverhampton Wanderers,1,591.3,Pass,Jamie O'HARA,Wolverhampton Wanderers,,43.69,22.17,B,159,False,False,0.0
Blackburn Rovers,Wolverhampton Wanderers,1,592.4,Cross,Stephen HUNT,Wolverhampton Wanderers,,43.59,31.52,B,159,False,True,0.0
Blackburn Rovers,Wolverhampton Wanderers,1,594.6,Header,Steven N'ZONZI,Blackburn Rovers,,43.09,-7.12,A,160,True,False,0.0
Blackburn Rovers,Wolverhampton Wanderers,1,595.8,Clearance,Morten GAMST PEDERSEN,Blackburn Rovers,,45.73,-2.37,A,160,False,False,0.0
Blackburn Rovers,Wolverhampton Wanderers,1,599.4,Pass,Mauro FORMICA,Blackburn Rovers,,17.81,-15.01,A,160,False,False,0.0
Blackburn Rovers,Wolverhampton Wanderers,1,601.8,Touch,Ruben ROCHINA,Blackburn Rovers,,11.29,2.43,A,160,False,False,0.0
Blackburn Rovers,Wolverhampton Wanderers,1,603.1,Touch,Ruben ROCHINA,Blackburn Rovers,,7.03,6.79,A,160,False,False,0.0
Blackburn Rovers,Wolverhampton Wanderers,1,603.8,Touch,Ruben ROCHINA,Blackburn Rovers,,1.42,8.22,A,160,False,False,0.0
Blackburn Rovers,Wolverhampton Wanderers,1,605.3,Touch,Ruben ROCHINA,Blackburn Rovers,,-8.63,8.38,A,160,False,False,0.0
Blackburn Rovers,Wolverhampton Wanderers,1,606.1,Touch,Ruben ROCHINA,Blackburn Rovers,,-13.27,9.09,A,160,False,False,0.0
Blackburn Rovers,Wolverhampton Wanderers,1,606.9,Touch,Ruben ROCHINA,Blackburn Rovers,,-17.01,10.84,A,160,False,True,0.0
Blackburn Rovers,Wolverhampton Wanderers,1,608.7,Tackle,Ruben ROCHINA,Blackburn Rovers,Jamie O'HARA,-20.7,8.16,B,161,True,False,0.0
Blackburn Rovers,Wolverhampton Wanderers,1,610.5,Pass,Kevin FOLEY,Wolverhampton Wanderers,,-34.72,8.64,B,161,False,False,0.0
Blackburn Rovers,Wolverhampton Wanderers,1,613.1,Clearance,Wayne HENNESSEY,Wolverhampton Wanderers,,-48.74,5.7,B,161,False,False,0.0
Blackburn Rovers,Wolverhampton Wanderers,1,614.9,Touch,Kevin DOYLE,Wolverhampton Wanderers,,-2.75,0.29,B,161,False,False,0.0
Blackburn Rovers,Wolverhampton Wanderers,1,617.2,Touch,Kevin DOYLE,Wolverhampton Wanderers,,9.09,5.4,B,161,False,False,0.0
Blackburn Rovers,Wolverhampton Wanderers,1,617.7,Touch,Kevin DOYLE,Wolverhampton Wanderers,,11.88,5.28,B,161,False,False,0.0
Blackburn Rovers,Wolverhampton Wanderers,1,619.1,Pass,Kevin DOYLE,Wolverhampton Wanderers,,18.85,0.58,B,161,False,False,0.0
Blackburn Rovers,Wolverhampton Wanderers,1,620.4,Touch,Steven FLETCHER,Wolverhampton Wanderers,,35.34,-14.99,B,161,False,False,0.0
Blackburn Rovers,Wolverhampton Wanderers,1,621.0,Touch,Steven FLETCHER,Wolverhampton Wanderers,,36.7,-14.86,B,161,False,False,0.0
Blackburn Rovers,Wolverhampton Wanderers,1,621.6,Touch,Steven FLETCHER,Wolverhampton Wanderers,,37.49,-13.98,B,161,False,False,0.0
Blackburn Rovers,Wolverhampton Wanderers,1,622.5,Touch,Steven FLETCHER,Wolverhampton Wanderers,,39.41,-11.19,B,161,False,False,0.0
Blackburn Rovers,Wolverhampton Wanderers,1,623.0,Touch,Steven FLETCHER,Wolverhampton Wanderers,,39.59,-9.35,B,161,False,False,0.0
Blackburn Rovers,Wolverhampton Wanderers,1,623.2,Tackle,Steven FLETCHER,Wolverhampton Wanderers,Michel SALGADO,39.4,-8.58,B,161,False,False,0.0
Blackburn Rovers,Wolverhampton Wanderers,1,623.4,Touch,Steven FLETCHER,Wolverhampton Wanderers,,39.09,-7.82,B,161,False,False,0.0
Blackburn Rovers,Wolverhampton Wanderers,1,624.4,Pass,Steven FLETCHER,Wolverhampton Wanderers,,36.91,-4.54,B,161,False,False,0.0
Blackburn Rovers,Wolverhampton Wanderers,1,626.6,Pass,Jamie O'HARA,Wolverhampton Wanderers,,27.44,-10.81,B,161,False,False,0.0
Blackburn Rovers,Wolverhampton Wanderers,1,627.9,Touch,Matthew JARVIS,Wolverhampton Wanderers,,14.67,-6.65,B,161,False,False,0.0
Blackburn Rovers,Wolverhampton Wanderers,1,628.6,Touch,Matthew JARVIS,Wolverhampton Wanderers,,16.48,-8.27,B,161,False,False,0.0
Blackburn Rovers,Wolverhampton Wanderers,1,629.1,Pass,Matthew JARVIS,Wolverhampton Wanderers,,18.36,-10.25,B,161,False,False,0.0
Blackburn Rovers,Wolverhampton Wanderers,1,630.4,Touch,Jamie O'HARA,Wolverhampton Wanderers,,22.72,-24.21,B,161,False,False,0.0
Blackburn Rovers,Wolverhampton Wanderers,1,632.5,Touch,Jamie O'HARA,Wolverhampton Wanderers,,22.37,-28.48,B,161,False,False,0.0
Blackburn Rovers,Wolverhampton Wanderers,1,632.9,Touch,Jamie O'HARA,Wolverhampton Wanderers,,22.25,-29.12,B,161,False,False,0.0
Blackburn Rovers,Wolverhampton Wanderers,1,633.6,Pass,Jamie O'HARA,Wolverhampton Wanderers,,20.82,-29.77,B,161,False,False,0.0
Blackburn Rovers,Wolverhampton Wanderers,1,635.1,Pass,Stephen WARD,Wolverhampton Wanderers,,4.32,-24.87,B,161,False,False,0.0
Blackburn Rovers,Wolverhampton Wanderers,1,636.0,Touch,Karl HENRY,Wolverhampton Wanderers,,5.6,-14.36,B,161,False,False,0.0
Blackburn Rovers,Wolverhampton Wanderers,1,637.2,Pass,Karl HENRY,Wolverhampton Wanderers,,5.13,-13.31,B,161,False,False,0.0
Blackburn Rovers,Wolverhampton Wanderers,1,640.7,Touch,Kevin FOLEY,Wolverhampton Wanderers,,7.16,30.01,B,161,False,False,0.0
Blackburn Rovers,Wolverhampton Wanderers,1,641.6,Pass,Kevin FOLEY,Wolverhampton Wanderers,,9.59,30.35,B,161,False,False,0.0
Blackburn Rovers,Wolverhampton Wanderers,1,643.0,Tackle,Steven FLETCHER,Wolverhampton Wanderers,Martin OLSSON,23.88,30.46,B,161,False,False,0.0
Blackburn Rovers,Wolverhampton Wanderers,1,643.3,Touch,Martin OLSSON,Blackburn Rovers,,24.36,30.03,B,161,False,False,0.0
Blackburn Rovers,Wolverhampton Wanderers,1,643.6,Ball Out Of Play,,,,32.0,35.0,U,-1,False,False,0.0
Blackburn Rovers,Wolverhampton Wanderers,1,651.9,Throw In,Kevin FOLEY,Wolverhampton Wanderers,,22.94,33.99,B,162,False,False,0.0
Blackburn Rovers,Wolverhampton Wanderers,1,653.0,Pass,Steven FLETCHER,Wolverhampton Wanderers,,29.88,27.41,B,162,False,False,0.0
Blackburn Rovers,Wolverhampton Wanderers,1,654.5,Pass,Kevin FOLEY,Wolverhampton Wanderers,,19.67,31.01,B,162,False,False,0.0
Blackburn Rovers,Wolverhampton Wanderers,1,655.2,Pass,Stephen HUNT,Wolverhampton Wanderers,,32.61,31.53,B,162,False,False,0.0
Blackburn Rovers,Wolverhampton Wanderers,1,656.1,Touch,Steven FLETCHER,Wolverhampton Wanderers,,28.57,23.22,B,162,False,False,0.0
Blackburn Rovers,Wolverhampton Wanderers,1,657.2,Pass,Steven FLETCHER,Wolverhampton Wanderers,,32.04,23.16,B,162,False,False,0.0
Blackburn Rovers,Wolverhampton Wanderers,1,658.4,Touch,Stephen HUNT,Wolverhampton Wanderers,,35.27,29.36,B,162,False,False,0.0
Blackburn Rovers,Wolverhampton Wanderers,1,658.9,Touch,Stephen HUNT,Wolverhampton Wanderers,,36.97,29.38,B,162,False,False,0.0
Blackburn Rovers,Wolverhampton Wanderers,1,659.9,Touch,Stephen HUNT,Wolverhampton Wanderers,,40.66,29.44,B,162,False,False,0.0
Blackburn Rovers,Wolverhampton Wanderers,1,660.8,Touch,Stephen HUNT,Wolverhampton Wanderers,,44.81,30.84,B,162,False,True,0.0
Blackburn Rovers,Wolverhampton Wanderers,1,662.0,Tackle,Stephen HUNT,Wolverhampton Wanderers,Ruben ROCHINA,50.13,30.39,B,162,True,False,0.0
Blackburn Rovers,Wolverhampton Wanderers,1,662.9,Foul,Ruben ROCHINA,Blackburn Rovers,Stephen HUNT,51.41,30.51,U,-1,False,False,0.0
Blackburn Rovers,Wolverhampton Wanderers,1,679.7,Direct Free Kick Pass,Paul ROBINSON,Blackburn Rovers,,50.77,31.14,A,163,False,False,0.0
Blackburn Rovers,Wolverhampton Wanderers,1,683.9,Header,Roger JOHNSON,Wolverhampton Wanderers,,-15.36,24.24,A,163,False,False,0.0
Blackburn Rovers,Wolverhampton Wanderers,1,687.0,Ball Out Of Play,,,,1.0,35.0,U,-1,False,False,0.0
Blackburn Rovers,Wolverhampton Wanderers,1,692.0,Throw In,Morten GAMST PEDERSEN,Blackburn Rovers,,-6.42,34.0,A,164,False,False,0.0
Blackburn Rovers,Wolverhampton Wanderers,1,693.7,Touch,Jason ROBERTS,Blackburn Rovers,,-24.79,13.88,A,164,False,False,0.0
Blackburn Rovers,Wolverhampton Wanderers,1,695.7,Pass,Jason ROBERTS,Blackburn Rovers,,-22.42,7.03,A,164,False,False,0.0
Blackburn Rovers,Wolverhampton Wanderers,1,697.4,Touch,Michel SALGADO,Blackburn Rovers,,-21.98,-12.18,A,164,False,False,0.0
Blackburn Rovers,Wolverhampton Wanderers,1,698.4,Cross,Michel SALGADO,Blackburn Rovers,,-26.4,-13.14,A,164,False,True,0.0
Blackburn Rovers,Wolverhampton Wanderers,1,701.8,Ball Out Of Play,,,,-55.0,15.0,U,-1,False,False,0.0
Blackburn Rovers,Wolverhampton Wanderers,1,729.4,Goal Kick,Wayne HENNESSEY,Wolverhampton Wanderers,,-49.09,4.65,B,165,False,False,0.0
Blackburn Rovers,Wolverhampton Wanderers,1,733.6,Header,Steven N'ZONZI,Blackburn Rovers,,20.85,9.5,B,165,False,False,0.0
Blackburn Rovers,Wolverhampton Wanderers,1,736.8,Header,Matthew JARVIS,Wolverhampton Wanderers,,17.07,-8.47,B,165,False,True,0.0
Blackburn Rovers,Wolverhampton Wanderers,1,741.1,Touch,Steven N'ZONZI,Blackburn Rovers,,34.13,-27.94,A,166,True,False,0.0
Blackburn Rovers,Wolverhampton Wanderers,1,742.4,Pass,Steven N'ZONZI,Blackburn Rovers,,33.05,-29.91,A,166,False,False,0.0
Blackburn Rovers,Wolverhampton Wanderers,1,745.4,Header,Christophe BERRA,Wolverhampton Wanderers,,-13.33,-7.97,A,166,False,False,0.0
Blackburn Rovers,Wolverhampton Wanderers,1,746.2,Touch,Morten GAMST PEDERSEN,Blackburn Rovers,,-5.04,-4.92,A,166,False,True,0.0
Blackburn Rovers,Wolverhampton Wanderers,1,747.4,Header,Stephen HUNT,Wolverhampton Wanderers,,-6.75,-6.53,B,167,True,False,0.0
Blackburn Rovers,Wolverhampton Wanderers,1,748.3,Pass,Jamie O'HARA,Wolverhampton Wanderers,,-1.07,-6.78,B,167,False,True,0.0
Blackburn Rovers,Wolverhampton Wanderers,1,751.4,Touch,Grant HANLEY,Blackburn Rovers,,30.7,-1.92,A,168,True,False,0.0
Blackburn Rovers,Wolverhampton Wanderers,1,756.8,Clearance,Grant HANLEY,Blackburn Rovers,,49.95,-26.69,A,168,False,False,0.0
Blackburn Rovers,Wolverhampton Wanderers,1,756.9,Block,Steven FLETCHER,Wolverhampton Wanderers,,48.17,-26.57,A,168,False,False,0.0
Blackburn Rovers,Wolverhampton Wanderers,1,757.3,Ball Out Of Play,,,,44.0,-35.0,U,-1,False,False,0.0
Blackburn Rovers,Wolverhampton Wanderers,1,772.2,Throw In,Michel SALGADO,Blackburn Rovers,,37.03,-34.0,A,169,False,False,0.0
Blackburn Rovers,Wolverhampton Wanderers,1,775.5,Touch,David HOILETT,Blackburn Rovers,,8.44,-26.18,A,169,False,False,0.0
Blackburn Rovers,Wolverhampton Wanderers,1,776.2,Touch,Christophe BERRA,Wolverhampton Wanderers,,4.76,-25.05,A,169,False,False,0.0
Blackburn Rovers,Wolverhampton Wanderers,1,776.9,Touch,David HOILETT,Blackburn Rovers,,5.74,-24.73,A,169,False,False,0.0
Blackburn Rovers,Wolverhampton Wanderers,1,777.1,Touch,Christophe BERRA,Wolverhampton Wanderers,,3.51,-25.7,A,169,False,False,0.0
Blackburn Rovers,Wolverhampton Wanderers,1,777.9,Touch,David HOILETT,Blackburn Rovers,,1.81,-27.52,A,169,False,False,0.0
Blackburn Rovers,Wolverhampton Wanderers,1,779.4,Touch,David HOILETT,Blackburn Rovers,,-4.11,-30.23,A,169,False,False,0.0
Blackburn Rovers,Wolverhampton Wanderers,1,780.0,Touch,David HOILETT,Blackburn Rovers,,-6.76,-28.79,A,169,False,False,0.0
Blackburn Rovers,Wolverhampton Wanderers,1,781.3,Touch,David HOILETT,Blackburn Rovers,,-12.63,-21.44,A,169,False,False,0.0
Blackburn Rovers,Wolverhampton Wanderers,1,782.0,Pass,David HOILETT,Blackburn Rovers,,-16.06,-17.96,A,169,False,True,0.0
Blackburn Rovers,Wolverhampton Wanderers,1,782.7,Block,Roger JOHNSON,Wolverhampton Wanderers,,-22.09,-15.45,B,170,True,False,0.0
Blackburn Rovers,Wolverhampton Wanderers,1,783.4,Touch,Christophe BERRA,Wolverhampton Wanderers,,-19.01,-19.95,B,170,False,False,0.0
Blackburn Rovers,Wolverhampton Wanderers,1,784.3,Touch,Christophe BERRA,Wolverhampton Wanderers,,-20.74,-21.23,B,170,False,False,0.0
Blackburn Rovers,Wolverhampton Wanderers,1,787.1,Pass,Christophe BERRA,Wolverhampton Wanderers,,-14.42,-28.85,B,170,False,False,0.0
Blackburn Rovers,Wolverhampton Wanderers,1,790.2,Touch,Steven FLETCHER,Wolverhampton Wanderers,,24.69,-29.36,B,170,False,False,0.0
Blackburn Rovers,Wolverhampton Wanderers,1,792.2,Touch,Steven FLETCHER,Wolverhampton Wanderers,,27.94,-24.6,B,170,False,False,0.0
Blackburn Rovers,Wolverhampton Wanderers,1,792.7,Pass,Steven FLETCHER,Wolverhampton Wanderers,,26.98,-23.08,B,170,False,False,0.0
Blackburn Rovers,Wolverhampton Wanderers,1,794.3,Touch,Kevin DOYLE,Wolverhampton Wanderers,,23.67,-11.93,B,170,False,False,0.0
Blackburn Rovers,Wolverhampton Wanderers,1,795.3,Pass,Kevin DOYLE,Wolverhampton Wanderers,,25.19,-10.39,B,170,False,False,0.0
Blackburn Rovers,Wolverhampton Wanderers,1,795.9,Touch,Steven FLETCHER,Wolverhampton Wanderers,,20.59,-16.35,B,170,False,False,0.0
Blackburn Rovers,Wolverhampton Wanderers,1,796.6,Pass,Steven FLETCHER,Wolverhampton Wanderers,,20.96,-16.43,B,170,False,False,0.0
Blackburn Rovers,Wolverhampton Wanderers,1,797.9,Touch,Matthew JARVIS,Wolverhampton Wanderers,,34.56,-28.91,B,170,False,False,0.0
Blackburn Rovers,Wolverhampton Wanderers,1,798.3,Touch,Matthew JARVIS,Wolverhampton Wanderers,,35.26,-29.22,B,170,False,False,0.0
Blackburn Rovers,Wolverhampton Wanderers,1,798.8,Touch,Matthew JARVIS,Wolverhampton Wanderers,,36.4,-28.87,B,170,False,False,0.0
Blackburn Rovers,Wolverhampton Wanderers,1,799.3,Touch,Matthew JARVIS,Wolverhampton Wanderers,,37.93,-27.15,B,170,False,False,0.0
Blackburn Rovers,Wolverhampton Wanderers,1,799.6,Touch,Matthew JARVIS,Wolverhampton Wanderers,,38.69,-26.26,B,170,False,False,0.0
Blackburn Rovers,Wolverhampton Wanderers,1,799.9,Touch,Matthew JARVIS,Wolverhampton Wanderers,,39.26,-25.53,B,170,False,False,0.0
Blackburn Rovers,Wolverhampton Wanderers,1,800.3,Touch,Matthew JARVIS,Wolverhampton Wanderers,,39.82,-23.89,B,170,False,False,0.0
Blackburn Rovers,Wolverhampton Wanderers,1,801.5,Touch,Matthew JARVIS,Wolverhampton Wanderers,,38.24,-16.16,B,170,False,False,0.0
Blackburn Rovers,Wolverhampton Wanderers,1,802.6,Tackle,Matthew JARVIS,Wolverhampton Wanderers,Morten GAMST PEDERSEN,34.08,-11.74,B,170,False,False,0.0
Blackburn Rovers,Wolverhampton Wanderers,1,803.2,Touch,Stephen HUNT,Wolverhampton Wanderers,,27.8,-7.83,B,170,False,False,0.0
Blackburn Rovers,Wolverhampton Wanderers,1,803.6,Pass,Stephen HUNT,Wolverhampton Wanderers,,28.15,-7.77,B,170,False,False,0.0
Blackburn Rovers,Wolverhampton Wanderers,1,804.4,Touch,Jamie O'HARA,Wolverhampton Wanderers,,29.2,1.35,B,170,False,False,0.0
Blackburn Rovers,Wolverhampton Wanderers,1,804.8,Pass,Jamie O'HARA,Wolverhampton Wanderers,,30.32,0.91,B,170,False,False,0.0
Blackburn Rovers,Wolverhampton Wanderers,1,805.4,Touch,Matthew JARVIS,Wolverhampton Wanderers,,34.47,-1.49,B,170,False,False,0.0
Blackburn Rovers,Wolverhampton Wanderers,1,806.7,Touch,Matthew JARVIS,Wolverhampton Wanderers,,35.77,5.0,B,170,False,False,0.0
Blackburn Rovers,Wolverhampton Wanderers,1,807.2,Touch,Matthew JARVIS,Wolverhampton Wanderers,,35.71,6.0,B,170,False,False,0.0
Blackburn Rovers,Wolverhampton Wanderers,1,807.5,Touch,Matthew JARVIS,Wolverhampton Wanderers,,35.48,6.38,B,170,False,False,0.0
Blackburn Rovers,Wolverhampton Wanderers,1,808.6,Pass,Matthew JARVIS,Wolverhampton Wanderers,,34.04,6.72,B,170,False,False,0.0
Blackburn Rovers,Wolverhampton Wanderers,1,809.8,Touch,Kevin FOLEY,Wolverhampton Wanderers,,25.98,18.89,B,170,False,False,0.0
Blackburn Rovers,Wolverhampton Wanderers,1,811.2,Cross,Kevin FOLEY,Wolverhampton Wanderers,,34.31,19.24,B,170,False,True,0.0
Blackburn Rovers,Wolverhampton Wanderers,1,812.1,Touch,Steven N'ZONZI,Blackburn Rovers,,42.67,3.37,A,171,True,False,0.0
Blackburn Rovers,Wolverhampton Wanderers,1,813.7,Clearance,Steven N'ZONZI,Blackburn Rovers,,42.34,9.57,A,171,False,True,0.0
Blackburn Rovers,Wolverhampton Wanderers,1,815.7,Touch,Karl HENRY,Wolverhampton Wanderers,,10.3,19.66,B,172,True,False,0.0
Blackburn Rovers,Wolverhampton Wanderers,1,818.2,Pass,Karl HENRY,Wolverhampton Wanderers,,9.68,24.92,B,172,False,False,0.0
Blackburn Rovers,Wolverhampton Wanderers,1,818.9,Pass,Kevin FOLEY,Wolverhampton Wanderers,,16.2,28.68,B,172,False,False,0.0
Blackburn Rovers,Wolverhampton Wanderers,1,820.5,Pass,Karl HENRY,Wolverhampton Wanderers,,10.57,28.99,B,172,False,False,0.0
Blackburn Rovers,Wolverhampton Wanderers,1,822.9,Touch,Matthew JARVIS,Wolverhampton Wanderers,,40.24,24.52,B,172,False,False,0.0
Blackburn Rovers,Wolverhampton Wanderers,1,824.3,Touch,Matthew JARVIS,Wolverhampton Wanderers,,46.03,29.24,B,172,False,False,0.0
Blackburn Rovers,Wolverhampton Wanderers,1,825.6,Touch,Matthew JARVIS,Wolverhampton Wanderers,,45.93,30.72,B,172,False,False,0.0
Blackburn Rovers,Wolverhampton Wanderers,1,826.1,Touch,Matthew JARVIS,Wolverhampton Wanderers,,46.16,30.75,B,172,False,True,0.0
Blackburn Rovers,Wolverhampton Wanderers,1,827.2,Tackle,Matthew JARVIS,Wolverhampton Wanderers,Steven N'ZONZI,47.01,31.15,A,173,True,False,0.0
Blackburn Rovers,Wolverhampton Wanderers,1,828.3,Pass,Steven N'ZONZI,Blackburn Rovers,,47.16,31.38,A,173,False,False,0.0
Blackburn Rovers,Wolverhampton Wanderers,1,830.2,Touch,Ruben ROCHINA,Blackburn Rovers,,41.18,26.49,A,173,False,False,0.0
Blackburn Rovers,Wolverhampton Wanderers,1,831.2,Touch,Ruben ROCHINA,Blackburn Rovers,,36.96,24.11,A,173,False,False,0.0
Blackburn Rovers,Wolverhampton Wanderers,1,832.4,Touch,Ruben ROCHINA,Blackburn Rovers,,31.16,22.39,A,173,False,False,0.0
Blackburn Rovers,Wolverhampton Wanderers,1,833.0,Pass,Ruben ROCHINA,Blackburn Rovers,,28.57,21.58,A,173,False,False,0.0
Blackburn Rovers,Wolverhampton Wanderers,1,833.9,Touch,David DUNN,Blackburn Rovers,,26.34,8.73,A,173,False,False,0.0
Blackburn Rovers,Wolverhampton Wanderers,1,834.3,Pass,David DUNN,Blackburn Rovers,,26.48,8.95,A,173,False,False,0.0
Blackburn Rovers,Wolverhampton Wanderers,1,835.1,Touch,Ruben ROCHINA,Blackburn Rovers,,19.7,16.08,A,173,False,False,0.0
Blackburn Rovers,Wolverhampton Wanderers,1,836.2,Touch,Ruben ROCHINA,Blackburn Rovers,,16.25,11.38,A,173,False,False,0.0
Blackburn Rovers,Wolverhampton Wanderers,1,837.8,Touch,Ruben ROCHINA,Blackburn Rovers,,9.59,10.39,A,173,False,False,0.0
Blackburn Rovers,Wolverhampton Wanderers,1,838.3,Pass,Ruben ROCHINA,Blackburn Rovers,,7.1,11.18,A,173,False,False,0.0
Blackburn Rovers,Wolverhampton Wanderers,1,838.5,Block,Stephen WARD,Wolverhampton Wanderers,,2.13,12.61,A,173,False,False,0.0
Blackburn Rovers,Wolverhampton Wanderers,1,839.6,Touch,Morten GAMST PEDERSEN,Blackburn Rovers,,11.4,15.68,A,173,False,False,0.0
Blackburn Rovers,Wolverhampton Wanderers,1,840.2,Touch,Morten GAMST PEDERSEN,Blackburn Rovers,,10.54,15.31,A,173,False,False,0.0
Blackburn Rovers,Wolverhampton Wanderers,1,841.0,Pass,Morten GAMST PEDERSEN,Blackburn Rovers,,10.66,15.49,A,173,False,False,0.0
Blackburn Rovers,Wolverhampton Wanderers,1,842.2,Touch,Michel SALGADO,Blackburn Rovers,,14.01,-5.3,A,173,False,False,0.0
Blackburn Rovers,Wolverhampton Wanderers,1,843.5,Touch,Michel SALGADO,Blackburn Rovers,,10.84,0.15,A,173,False,False,0.0
Blackburn Rovers,Wolverhampton Wanderers,1,845.1,Pass,Michel SALGADO,Blackburn Rovers,,7.49,5.38,A,173,False,False,0.0
Blackburn Rovers,Wolverhampton Wanderers,1,847.2,Touch,Martin OLSSON,Blackburn Rovers,,-2.85,29.82,A,173,False,False,0.0
Blackburn Rovers,Wolverhampton Wanderers,1,847.9,Pass,Martin OLSSON,Blackburn Rovers,,-3.92,30.02,A,173,False,False,0.0
Blackburn Rovers,Wolverhampton Wanderers,1,848.8,Touch,Morten GAMST PEDERSEN,Blackburn Rovers,,-1.23,25.02,A,173,False,False,0.0
Blackburn Rovers,Wolverhampton Wanderers,1,850.4,Pass,Morten GAMST PEDERSEN,Blackburn Rovers,,-3.04,25.93,A,173,False,True,0.0
Blackburn Rovers,Wolverhampton Wanderers,1,853.5,Header,Stephen WARD,Wolverhampton Wanderers,,-32.76,-17.36,B,174,True,False,0.0
Blackburn Rovers,Wolverhampton Wanderers,1,855.9,Touch,Wayne HENNESSEY,Wolverhampton Wanderers,,-50.86,-11.25,B,174,False,False,0.0
Blackburn Rovers,Wolverhampton Wanderers,1,857.7,Touch,Wayne HENNESSEY,Wolverhampton Wanderers,,-50.5,-10.78,B,174,False,False,0.0
Blackburn Rovers,Wolverhampton Wanderers,1,859.4,Goalkeeper Pick Up,Wayne HENNESSEY,Wolverhampton Wanderers,,-46.73,-8.33,B,174,False,False,0.0
Blackburn Rovers,Wolverhampton Wanderers,1,864.6,Touch,Wayne HENNESSEY,Wolverhampton Wanderers,,-38.31,3.07,B,174,False,False,0.0
Blackburn Rovers,Wolverhampton Wanderers,1,867.8,Pass,Wayne HENNESSEY,Wolverhampton Wanderers,,-38.0,3.18,B,174,False,False,0.0
Blackburn Rovers,Wolverhampton Wanderers,1,871.4,Header,Steven FLETCHER,Wolverhampton Wanderers,,19.61,-0.49,B,174,False,False,0.0
Blackburn Rovers,Wolverhampton Wanderers,1,872.1,Clearance,Grant HANLEY,Blackburn Rovers,,29.67,-2.51,B,174,False,False,0.0
Blackburn Rovers,Wolverhampton Wanderers,1,874.4,Header,Jamie O'HARA,Wolverhampton Wanderers,,10.28,3.7,B,174,False,False,0.0
Blackburn Rovers,Wolverhampton Wanderers,1,877.1,Header,Martin OLSSON,Blackburn Rovers,,17.54,22.43,B,174,False,False,0.0
Blackburn Rovers,Wolverhampton Wanderers,1,878.1,Touch,Stephen HUNT,Wolverhampton Wanderers,,17.18,23.21,B,174,False,False,0.0
Blackburn Rovers,Wolverhampton Wanderers,1,879.3,Touch,Stephen HUNT,Wolverhampton Wanderers,,15.39,20.85,B,174,False,False,0.0
Blackburn Rovers,Wolverhampton Wanderers,1,879.5,Block,Morten GAMST PEDERSEN,Blackburn Rovers,,14.82,18.98,B,174,False,False,0.0
Blackburn Rovers,Wolverhampton Wanderers,1,880.9,Pass,Jamie O'HARA,Wolverhampton Wanderers,,9.51,20.07,B,174,False,False,0.0
Blackburn Rovers,Wolverhampton Wanderers,1,881.9,Touch,Kevin FOLEY,Wolverhampton Wanderers,,6.23,30.17,B,174,False,False,0.0
Blackburn Rovers,Wolverhampton Wanderers,1,882.7,Pass,Kevin FOLEY,Wolverhampton Wanderers,,6.14,30.18,B,174,False,False,0.0
Blackburn Rovers,Wolverhampton Wanderers,1,883.3,Touch,Jamie O'HARA,Wolverhampton Wanderers,,3.15,24.35,B,174,False,False,0.0
Blackburn Rovers,Wolverhampton Wanderers,1,883.9,Tackle,Jamie O'HARA,Wolverhampton Wanderers,Mauro FORMICA,3.62,25.1,B,174,False,False,0.0
Blackburn Rovers,Wolverhampton Wanderers,1,885.5,Touch,Mauro FORMICA,Blackburn Rovers,,0.57,31.36,B,174,False,False,0.0
Blackburn Rovers,Wolverhampton Wanderers,1,885.6,Ball Out Of Play,,,,6.0,35.0,U,-1,False,False,0.0
Blackburn Rovers,Wolverhampton Wanderers,1,901.1,Yellow Card,Jason ROBERTS,Blackburn Rovers,,6.09,13.68,U,-1,False,False,0.0
Blackburn Rovers,Wolverhampton Wanderers,1,910.4,Throw In,Kevin FOLEY,Wolverhampton Wanderers,,3.36,34.0,B,175,False,False,0.0
Blackburn Rovers,Wolverhampton Wanderers,1,911.9,Pass,Jamie O'HARA,Wolverhampton Wanderers,,8.95,25.97,B,175,False,False,0.0
Blackburn Rovers,Wolverhampton Wanderers,1,912.9,Pass,Kevin FOLEY,Wolverhampton Wanderers,,2.77,31.43,B,175,False,False,0.0
Blackburn Rovers,Wolverhampton Wanderers,1,915.6,Touch,Kevin DOYLE,Wolverhampton Wanderers,,36.44,25.83,B,175,False,True,0.0
Blackburn Rovers,Wolverhampton Wanderers,1,916.5,Touch,Martin OLSSON,Blackburn Rovers,,34.62,27.35,A,176,True,False,0.0
Blackburn Rovers,Wolverhampton Wanderers,1,917.2,Pass,Martin OLSSON,Blackburn Rovers,,35.17,26.3,A,176,False,False,0.0
Blackburn Rovers,Wolverhampton Wanderers,1,918.7,Touch,Ruben ROCHINA,Blackburn Rovers,,30.08,28.28,A,176,False,False,0.0
Blackburn Rovers,Wolverhampton Wanderers,1,920.3,Dribble,Ruben ROCHINA,Blackburn Rovers,,31.369411764705536,31.13176470588159,A,176,False,False,0.0
Blackburn Rovers,Wolverhampton Wanderers,1,920.4,Pass,Ruben ROCHINA,Blackburn Rovers,,31.45,31.31,A,176,False,False,0.0
Blackburn Rovers,Wolverhampton Wanderers,1,920.5,Block,Kevin DOYLE,Wolverhampton Wanderers,,27.92,29.87,A,176,False,False,0.0
Blackburn Rovers,Wolverhampton Wanderers,1,920.9,Foul,Ruben ROCHINA,Blackburn Rovers,Kevin DOYLE,30.57,31.34,U,-1,False,False,0.0
Blackburn Rovers,Wolverhampton Wanderers,1,953.7,Direct Free Kick Pass,Paul ROBINSON,Blackburn Rovers,,27.56,27.54,A,177,False,False,0.0
Blackburn Rovers,Wolverhampton Wanderers,1,958.0,Header,Roger JOHNSON,Wolverhampton Wanderers,,-33.82,18.83,A,177,False,False,0.0
Blackburn Rovers,Wolverhampton Wanderers,1,959.1,Touch,Ruben ROCHINA,Blackburn Rovers,,-22.74,20.01,A,177,False,False,0.0
Blackburn Rovers,Wolverhampton Wanderers,1,960.4,Touch,Ruben ROCHINA,Blackburn Rovers,,-21.16,22.91,A,177,False,False,0.0
Blackburn Rovers,Wolverhampton Wanderers,1,961.2,Pass,Ruben ROCHINA,Blackburn Rovers,,-20.13,24.9,A,177,False,False,0.0
Blackburn Rovers,Wolverhampton Wanderers,1,961.6,Touch,Martin OLSSON,Blackburn Rovers,,-15.93,25.92,A,177,False,False,0.0
Blackburn Rovers,Wolverhampton Wanderers,1,962.3,Touch,Martin OLSSON,Blackburn Rovers,,-15.31,28.83,A,177,False,False,0.0
Blackburn Rovers,Wolverhampton Wanderers,1,963.1,Tackle,Martin OLSSON,Blackburn Rovers,Steven FLETCHER,-16.7,31.38,A,177,False,False,0.0
Blackburn Rovers,Wolverhampton Wanderers,1,963.3,Ball Out Of Play,,,,-22.0,35.0,U,-1,False,False,0.0
Blackburn Rovers,Wolverhampton Wanderers,1,970.6,Throw In,Martin OLSSON,Blackburn Rovers,,-22.86,34.0,A,178,False,False,0.0
Blackburn Rovers,Wolverhampton Wanderers,1,972.2,Touch,David DUNN,Blackburn Rovers,,-12.94,26.91,A,178,False,False,0.0
Blackburn Rovers,Wolverhampton Wanderers,1,973.1,Touch,David DUNN,Blackburn Rovers,,-11.55,29.39,A,178,False,False,0.0
Blackburn Rovers,Wolverhampton Wanderers,1,974.5,Pass,David DUNN,Blackburn Rovers,,-10.64,32.23,A,178,False,False,0.0
Blackburn Rovers,Wolverhampton Wanderers,1,975.7,Pass,Ruben ROCHINA,Blackburn Rovers,,-14.33,21.69,A,178,False,False,0.0
Blackburn Rovers,Wolverhampton Wanderers,1,976.8,Tackle,Morten GAMST PEDERSEN,Blackburn Rovers,Kevin FOLEY,-22.65,24.8,A,178,False,False,0.0
Blackburn Rovers,Wolverhampton Wanderers,1,979.0,Pass,Ruben ROCHINA,Blackburn Rovers,,-16.2,21.05,A,178,False,False,0.0
Blackburn Rovers,Wolverhampton Wanderers,1,979.8,Touch,Martin OLSSON,Blackburn Rovers,,-20.38,30.46,A,178,False,False,0.0
Blackburn Rovers,Wolverhampton Wanderers,1,980.9,Touch,Martin OLSSON,Blackburn Rovers,,-23.97,30.76,A,178,False,False,0.0
Blackburn Rovers,Wolverhampton Wanderers,1,981.9,Touch,Martin OLSSON,Blackburn Rovers,,-29.69,30.83,A,178,False,False,0.0
Blackburn Rovers,Wolverhampton Wanderers,1,982.2,Touch,Martin OLSSON,Blackburn Rovers,,-31.72,30.79,A,178,False,True,0.0
Blackburn Rovers,Wolverhampton Wanderers,1,982.4,Block,Kevin FOLEY,Wolverhampton Wanderers,,-37.46,31.15,B,179,True,False,0.0
Blackburn Rovers,Wolverhampton Wanderers,1,985.3,Touch,Stephen HUNT,Wolverhampton Wanderers,,-46.86,19.52,B,179,False,False,0.0
Blackburn Rovers,Wolverhampton Wanderers,1,985.8,Touch,Stephen HUNT,Wolverhampton Wanderers,,-48.84,19.15,B,179,False,False,0.0
Blackburn Rovers,Wolverhampton Wanderers,1,986.2,Touch,Stephen HUNT,Wolverhampton Wanderers,,-49.79,19.91,B,179,False,False,0.0
Blackburn Rovers,Wolverhampton Wanderers,1,988.2,Clearance,Stephen HUNT,Wolverhampton Wanderers,,-51.37,25.92,B,179,False,True,0.0
Blackburn Rovers,Wolverhampton Wanderers,1,990.0,Pass,Ruben ROCHINA,Blackburn Rovers,,-23.13,28.49,A,180,True,False,0.0
Blackburn Rovers,Wolverhampton Wanderers,1,990.8,Touch,Morten GAMST PEDERSEN,Blackburn Rovers,,-30.37,30.79,A,180,False,False,0.0
Blackburn Rovers,Wolverhampton Wanderers,1,991.9,Touch,Morten GAMST PEDERSEN,Blackburn Rovers,,-29.81,28.86,A,180,False,False,0.0
Blackburn Rovers,Wolverhampton Wanderers,1,992.7,Pass,Morten GAMST PEDERSEN,Blackburn Rovers,,-28.82,27.33,A,180,False,False,0.0
Blackburn Rovers,Wolverhampton Wanderers,1,993.4,Touch,David DUNN,Blackburn Rovers,,-23.0,21.49,A,180,False,False,0.0
Blackburn Rovers,Wolverhampton Wanderers,1,993.9,Pass,David DUNN,Blackburn Rovers,,-24.62,19.98,A,180,False,False,0.0
Blackburn Rovers,Wolverhampton Wanderers,1,994.7,Touch,Jason ROBERTS,Blackburn Rovers,,-35.89,14.92,A,180,False,False,0.0
Blackburn Rovers,Wolverhampton Wanderers,1,995.2,Touch,Jason ROBERTS,Blackburn Rovers,,-35.1,16.12,A,180,False,False,0.0
Blackburn Rovers,Wolverhampton Wanderers,1,995.7,Pass,Jason ROBERTS,Blackburn Rovers,,-34.86,17.12,A,180,False,False,0.0
Blackburn Rovers,Wolverhampton Wanderers,1,1000.1,Cross,Ruben ROCHINA,Blackburn Rovers,,-47.46,29.52,A,180,False,True,0.0
Blackburn Rovers,Wolverhampton Wanderers,1,1001.3,Header,Jamie O'HARA,Wolverhampton Wanderers,,-48.46,4.59,B,181,True,False,0.0
Blackburn Rovers,Wolverhampton Wanderers,1,1004.0,Pass,Kevin DOYLE,Wolverhampton Wanderers,,-21.8,-3.12,B,181,False,False,0.0
Blackburn Rovers,Wolverhampton Wanderers,1,1007.0,Pass,Stephen WARD,Wolverhampton Wanderers,,-24.44,-17.79,B,181,False,False,0.0
Blackburn Rovers,Wolverhampton Wanderers,1,1013.0,Handball,Steven N'ZONZI,Blackburn Rovers,,25.55,-15.19,U,-1,False,False,0.0
Blackburn Rovers,Wolverhampton Wanderers,1,1071.9,Direct Free Kick Pass,Jamie O'HARA,Wolverhampton Wanderers,,25.4,-10.1,B,182,False,False,0.0
Blackburn Rovers,Wolverhampton Wanderers,1,1073.9,Header,Roger JOHNSON,Wolverhampton Wanderers,,42.78,14.08,B,182,False,False,0.0
Blackburn Rovers,Wolverhampton Wanderers,1,1076.1,Cross,Roger JOHNSON,Wolverhampton Wanderers,,50.38,17.6,B,182,False,False,0.0
Blackburn Rovers,Wolverhampton Wanderers,1,1077.4,Header,Morten GAMST PEDERSEN,Blackburn Rovers,,47.23,-0.41,B,182,False,False,0.0
Blackburn Rovers,Wolverhampton Wanderers,1,1077.5,Header Shot,Steven FLETCHER,Wolverhampton Wanderers,,46.22,-3.14,B,182,False,True,0.1683608238702853
Blackburn Rovers,Wolverhampton Wanderers,1,1080.4,Ball Out Of Play,,,,55.0,-23.0,U,-1,False,False,0.0
Blackburn Rovers,Wolverhampton Wanderers,1,1100.3,Goal Kick,Paul ROBINSON,Blackburn Rovers,,48.85,-6.76,A,183,False,False,0.0
Blackburn Rovers,Wolverhampton Wanderers,1,1104.0,Header,Kevin FOLEY,Wolverhampton Wanderers,,-18.04,11.55,A,183,False,False,0.0
Blackburn Rovers,Wolverhampton Wanderers,1,1105.5,Touch,David DUNN,Blackburn Rovers,,-12.26,9.08,A,183,False,False,0.0
Blackburn Rovers,Wolverhampton Wanderers,1,1107.3,Touch,David DUNN,Blackburn Rovers,,-19.8,17.39,A,183,False,False,0.0
Blackburn Rovers,Wolverhampton Wanderers,1,1108.7,Touch,David DUNN,Blackburn Rovers,,-23.24,23.31,A,183,False,False,0.0
Blackburn Rovers,Wolverhampton Wanderers,1,1110.1,Touch,David DUNN,Blackburn Rovers,,-25.15,27.11,A,183,False,False,0.0
Blackburn Rovers,Wolverhampton Wanderers,1,1111.1,Pass,David DUNN,Blackburn Rovers,,-25.15,27.33,A,183,False,False,0.0
Blackburn Rovers,Wolverhampton Wanderers,1,1112.3,Touch,Mauro FORMICA,Blackburn Rovers,,-34.1,8.28,A,183,False,False,0.0
Blackburn Rovers,Wolverhampton Wanderers,1,1113.2,Touch,Mauro FORMICA,Blackburn Rovers,,-31.53,6.35,A,183,False,False,0.0
Blackburn Rovers,Wolverhampton Wanderers,1,1114.1,Dribble,Mauro FORMICA,Blackburn Rovers,,-30.64800000000036,2.4440000000015787,A,183,False,False,0.0
Blackburn Rovers,Wolverhampton Wanderers,1,1114.2,Shot,Mauro FORMICA,Blackburn Rovers,,-30.55,2.01,A,183,False,False,0.0661505666248542
Blackburn Rovers,Wolverhampton Wanderers,1,1114.4,Block,Christophe BERRA,Wolverhampton Wanderers,,-36.63,1.43,A,183,False,False,0.0
Blackburn Rovers,Wolverhampton Wanderers,1,1117.3,Touch,Michel SALGADO,Blackburn Rovers,,-27.72,-19.02,A,183,False,False,0.0
Blackburn Rovers,Wolverhampton Wanderers,1,1118.3,Cross,Michel SALGADO,Blackburn Rovers,,-29.43,-19.78,A,183,False,True,0.0
Blackburn Rovers,Wolverhampton Wanderers,1,1124.0,Ball Out Of Play,,,,-41.0,35.0,U,-1,False,False,0.0
Blackburn Rovers,Wolverhampton Wanderers,1,1139.2,Throw In,Kevin FOLEY,Wolverhampton Wanderers,,-37.52,34.0,B,184,False,False,0.0
Blackburn Rovers,Wolverhampton Wanderers,1,1141.9,Header,Steven FLETCHER,Wolverhampton Wanderers,,-11.89,32.47,B,184,False,False,0.0
Blackburn Rovers,Wolverhampton Wanderers,1,1143.6,Pass,Karl HENRY,Wolverhampton Wanderers,,-22.39,30.87,B,184,False,True,0.0
Blackburn Rovers,Wolverhampton Wanderers,1,1147.1,Touch,Steven N'ZONZI,Blackburn Rovers,,22.55,19.34,A,185,True,False,0.0
Blackburn Rovers,Wolverhampton Wanderers,1,1148.6,Touch,Steven N'ZONZI,Blackburn Rovers,,25.17,15.55,A,185,False,False,0.0
Blackburn Rovers,Wolverhampton Wanderers,1,1149.3,Touch,Steven N'ZONZI,Blackburn Rovers,,24.42,16.62,A,185,False,False,0.0
Blackburn Rovers,Wolverhampton Wanderers,1,1149.7,Touch,Steven N'ZONZI,Blackburn Rovers,,24.13,17.64,A,185,False,False,0.0
Blackburn Rovers,Wolverhampton Wanderers,1,1150.2,Pass,Steven N'ZONZI,Blackburn Rovers,,23.21,18.1,A,185,False,False,0.0
Blackburn Rovers,Wolverhampton Wanderers,1,1151.0,Touch,Morten GAMST PEDERSEN,Blackburn Rovers,,12.57,12.86,A,185,False,False,0.0
Blackburn Rovers,Wolverhampton Wanderers,1,1151.7,Pass,Morten GAMST PEDERSEN,Blackburn Rovers,,14.04,12.75,A,185,False,False,0.0
Blackburn Rovers,Wolverhampton Wanderers,1,1152.6,Touch,Michel SALGADO,Blackburn Rovers,,19.61,0.79,A,185,False,False,0.0
Blackburn Rovers,Wolverhampton Wanderers,1,1153.5,Pass,Michel SALGADO,Blackburn Rovers,,17.38,0.5,A,185,False,False,0.0
Blackburn Rovers,Wolverhampton Wanderers,1,1156.3,Touch,David HOILETT,Blackburn Rovers,,-2.42,-28.44,A,185,False,False,0.0
Blackburn Rovers,Wolverhampton Wanderers,1,1157.4,Touch,David HOILETT,Blackburn Rovers,,-3.82,-29.16,A,185,False,False,0.0
Blackburn Rovers,Wolverhampton Wanderers,1,1157.8,Touch,David HOILETT,Blackburn Rovers,,-6.59,-28.24,A,185,False,False,0.0
Blackburn Rovers,Wolverhampton Wanderers,1,1159.0,Touch,David HOILETT,Blackburn Rovers,,-12.36,-26.84,A,185,False,False,0.0
Blackburn Rovers,Wolverhampton Wanderers,1,1159.6,Touch,David HOILETT,Blackburn Rovers,,-16.79,-26.03,A,185,False,False,0.0
Blackburn Rovers,Wolverhampton Wanderers,1,1160.1,Touch,David HOILETT,Blackburn Rovers,,-20.23,-25.28,A,185,False,False,0.0
Blackburn Rovers,Wolverhampton Wanderers,1,1160.5,Touch,David HOILETT,Blackburn Rovers,,-22.29,-24.55,A,185,False,False,0.0
Blackburn Rovers,Wolverhampton Wanderers,1,1160.9,Touch,David HOILETT,Blackburn Rovers,,-24.82,-23.73,A,185,False,False,0.0
Blackburn Rovers,Wolverhampton Wanderers,1,1161.3,Touch,David HOILETT,Blackburn Rovers,,-27.73,-23.51,A,185,False,False,0.0
Blackburn Rovers,Wolverhampton Wanderers,1,1162.1,Touch,David HOILETT,Blackburn Rovers,,-31.95,-23.1,A,185,False,False,0.0
Blackburn Rovers,Wolverhampton Wanderers,1,1162.5,Touch,David HOILETT,Blackburn Rovers,,-34.78,-23.02,A,185,False,False,0.0
Blackburn Rovers,Wolverhampton Wanderers,1,1163.3,Touch,David HOILETT,Blackburn Rovers,,-40.14,-22.42,A,185,False,False,0.0
Blackburn Rovers,Wolverhampton Wanderers,1,1163.7,Touch,David HOILETT,Blackburn Rovers,,-43.07,-21.83,A,185,False,False,0.0
Blackburn Rovers,Wolverhampton Wanderers,1,1164.5,Touch,David HOILETT,Blackburn Rovers,,-47.58,-21.23,A,185,False,False,0.0
Blackburn Rovers,Wolverhampton Wanderers,1,1165.6,Touch,David HOILETT,Blackburn Rovers,,-49.49,-19.87,A,185,False,False,0.0
Blackburn Rovers,Wolverhampton Wanderers,1,1166.5,Dribble,David HOILETT,Blackburn Rovers,,-48.14000000000055,-20.07699999999992,A,185,False,False,0.0
Blackburn Rovers,Wolverhampton Wanderers,1,1166.6,Pass,David HOILETT,Blackburn Rovers,,-47.99,-20.1,A,185,False,False,0.0
Blackburn Rovers,Wolverhampton Wanderers,1,1168.0,Touch,Michel SALGADO,Blackburn Rovers,,-34.71,-21.75,A,185,False,False,0.0
Blackburn Rovers,Wolverhampton Wanderers,1,1168.6,Pass,Michel SALGADO,Blackburn Rovers,,-34.88,-22.06,A,185,False,False,0.0
Blackburn Rovers,Wolverhampton Wanderers,1,1169.9,Touch,David HOILETT,Blackburn Rovers,,-44.33,-25.15,A,185,False,False,0.0
Blackburn Rovers,Wolverhampton Wanderers,1,1170.4,Touch,David HOILETT,Blackburn Rovers,,-44.82,-24.24,A,185,False,False,0.0
Blackburn Rovers,Wolverhampton Wanderers,1,1170.8,Touch,David HOILETT,Blackburn Rovers,,-45.31,-22.33,A,185,False,False,0.0
Blackburn Rovers,Wolverhampton Wanderers,1,1171.9,Touch,David HOILETT,Blackburn Rovers,,-46.61,-17.98,A,185,False,False,0.0
Blackburn Rovers,Wolverhampton Wanderers,1,1172.4,Touch,David HOILETT,Blackburn Rovers,,-46.52,-17.19,A,185,False,False,0.0
Blackburn Rovers,Wolverhampton Wanderers,1,1173.8,Tackle,David HOILETT,Blackburn Rovers,Stephen WARD,-49.96,-16.23,A,185,False,False,0.0
Blackburn Rovers,Wolverhampton Wanderers,1,1174.1,Ball Out Of Play,,,,-55.0,-16.0,U,-1,False,False,0.0
Blackburn Rovers,Wolverhampton Wanderers,1,1192.7,Corner Cross,David DUNN,Blackburn Rovers,,-52.49,-32.99,A,186,False,False,0.0
Blackburn Rovers,Wolverhampton Wanderers,1,1194.6,Header,Christophe BERRA,Wolverhampton Wanderers,,-45.09,4.03,A,186,False,False,0.0
Blackburn Rovers,Wolverhampton Wanderers,1,1196.2,Header Shot,Steven N'ZONZI,Blackburn Rovers,,-45.87,-3.86,A,186,False,False,0.1375730850582533
Blackburn Rovers,Wolverhampton Wanderers,1,1196.6,Shot,Jason ROBERTS,Blackburn Rovers,,-49.48,-0.52,A,186,False,True,0.5718587363616966
Blackburn Rovers,Wolverhampton Wanderers,1,1197.6,Ball Out Of Play,,,,-56.0,-6.0,U,-1,False,False,0.0
Blackburn Rovers,Wolverhampton Wanderers,1,1250.2,Goal Kick,Wayne HENNESSEY,Wolverhampton Wanderers,,-48.88,6.73,B,187,False,False,0.0
Blackburn Rovers,Wolverhampton Wanderers,1,1254.2,Tackle,Kevin DOYLE,Wolverhampton Wanderers,Steven N'ZONZI,21.88,7.45,B,187,False,False,0.0
Blackburn Rovers,Wolverhampton Wanderers,1,1254.9,Pass,David DUNN,Blackburn Rovers,,18.47,7.12,B,187,False,False,0.0
Blackburn Rovers,Wolverhampton Wanderers,1,1256.9,Touch,Kevin FOLEY,Wolverhampton Wanderers,,4.92,13.96,B,187,False,False,0.0
Blackburn Rovers,Wolverhampton Wanderers,1,1257.2,Touch,Kevin FOLEY,Wolverhampton Wanderers,,4.37,13.47,B,187,False,False,0.0
Blackburn Rovers,Wolverhampton Wanderers,1,1257.7,Touch,Kevin FOLEY,Wolverhampton Wanderers,,3.81,12.37,B,187,False,False,0.0
Blackburn Rovers,Wolverhampton Wanderers,1,1258.3,Pass,Kevin FOLEY,Wolverhampton Wanderers,,4.46,11.37,B,187,False,False,0.0
Blackburn Rovers,Wolverhampton Wanderers,1,1259.0,Touch,Stephen HUNT,Wolverhampton Wanderers,,10.83,16.03,B,187,False,False,0.0
Blackburn Rovers,Wolverhampton Wanderers,1,1259.9,Touch,Stephen HUNT,Wolverhampton Wanderers,,10.59,20.23,B,187,False,False,0.0
Blackburn Rovers,Wolverhampton Wanderers,1,1261.0,Pass,Stephen HUNT,Wolverhampton Wanderers,,13.22,24.88,B,187,False,False,0.0
Blackburn Rovers,Wolverhampton Wanderers,1,1262.2,Pass,Steven FLETCHER,Wolverhampton Wanderers,,22.3,21.49,B,187,False,True,0.0
Blackburn Rovers,Wolverhampton Wanderers,1,1263.8,Ball Out Of Play,,,,29.0,35.0,U,-1,False,False,0.0
Blackburn Rovers,Wolverhampton Wanderers,1,1275.1,Throw In,Martin OLSSON,Blackburn Rovers,,25.3,34.0,A,188,False,False,0.0
Blackburn Rovers,Wolverhampton Wanderers,1,1276.0,Pass,Morten GAMST PEDERSEN,Blackburn Rovers,,29.4,26.92,A,188,False,True,0.0
Blackburn Rovers,Wolverhampton Wanderers,1,1277.3,Ball Out Of Play,,,,0.0,35.0,U,-1,False,False,0.0
Blackburn Rovers,Wolverhampton Wanderers,1,1294.1,Throw In,Kevin FOLEY,Wolverhampton Wanderers,,12.87,34.0,B,189,False,False,0.0
Blackburn Rovers,Wolverhampton Wanderers,1,1295.0,Pass,Jamie O'HARA,Wolverhampton Wanderers,,15.42,25.33,B,189,False,False,0.0
Blackburn Rovers,Wolverhampton Wanderers,1,1295.8,Pass,Kevin FOLEY,Wolverhampton Wanderers,,10.39,32.22,B,189,False,False,0.0
Blackburn Rovers,Wolverhampton Wanderers,1,1299.9,Header,David HOILETT,Blackburn Rovers,,5.83,6.71,B,189,False,False,0.0
Blackburn Rovers,Wolverhampton Wanderers,1,1301.0,Touch,Karl HENRY,Wolverhampton Wanderers,,-4.53,4.6,B,189,False,False,0.0
Blackburn Rovers,Wolverhampton Wanderers,1,1301.4,Pass,Karl HENRY,Wolverhampton Wanderers,,-6.05,3.91,B,189,False,False,0.0
Blackburn Rovers,Wolverhampton Wanderers,1,1302.0,Pass,Christophe BERRA,Wolverhampton Wanderers,,-10.6,4.99,B,189,False,True,0.0
Blackburn Rovers,Wolverhampton Wanderers,1,1305.0,Header,Martin OLSSON,Blackburn Rovers,,29.76,26.93,A,190,True,False,0.0
Blackburn Rovers,Wolverhampton Wanderers,1,1307.5,Touch,Ruben ROCHINA,Blackburn Rovers,,9.9,30.71,A,190,False,False,0.0
Blackburn Rovers,Wolverhampton Wanderers,1,1308.2,Pass,Ruben ROCHINA,Blackburn Rovers,,12.32,30.13,A,190,False,False,0.0
Blackburn Rovers,Wolverhampton Wanderers,1,1309.0,Pass,David DUNN,Blackburn Rovers,,18.68,22.96,A,190,False,True,0.0
Blackburn Rovers,Wolverhampton Wanderers,1,1313.2,Header,Roger JOHNSON,Wolverhampton Wanderers,,-31.06,21.98,B,191,True,False,0.0
Blackburn Rovers,Wolverhampton Wanderers,1,1314.9,Touch,Wayne HENNESSEY,Wolverhampton Wanderers,,-42.88,12.03,B,191,False,False,0.0
Blackburn Rovers,Wolverhampton Wanderers,1,1317.4,Goalkeeper Pick Up,Wayne HENNESSEY,Wolverhampton Wanderers,,-43.79,11.52,B,191,False,False,0.0
Blackburn Rovers,Wolverhampton Wanderers,1,1325.4,Goalkeeper Kick,Wayne HENNESSEY,Wolverhampton Wanderers,,-37.7,10.14,B,191,False,True,0.0
Blackburn Rovers,Wolverhampton Wanderers,1,1328.9,Pass,Michel SALGADO,Blackburn Rovers,,23.21,-15.53,A,192,True,False,0.0
Blackburn Rovers,Wolverhampton Wanderers,1,1330.6,Pass,Morten GAMST PEDERSEN,Blackburn Rovers,,18.21,-10.29,A,192,False,False,0.0
Blackburn Rovers,Wolverhampton Wanderers,1,1331.9,Touch,Steven N'ZONZI,Blackburn Rovers,,32.66,-7.68,A,192,False,False,0.0
Blackburn Rovers,Wolverhampton Wanderers,1,1332.6,Pass,Steven N'ZONZI,Blackburn Rovers,,32.29,-7.54,A,192,False,False,0.0
Blackburn Rovers,Wolverhampton Wanderers,1,1333.6,Touch,David DUNN,Blackburn Rovers,,19.88,-2.59,A,192,False,False,0.0
Blackburn Rovers,Wolverhampton Wanderers,1,1334.1,Touch,David DUNN,Blackburn Rovers,,19.36,-3.56,A,192,False,False,0.0
Blackburn Rovers,Wolverhampton Wanderers,1,1335.0,Pass,David DUNN,Blackburn Rovers,,16.18,-4.52,A,192,False,False,0.0
Blackburn Rovers,Wolverhampton Wanderers,1,1336.2,Touch,David HOILETT,Blackburn Rovers,,-4.53,11.94,A,192,False,False,0.0
Blackburn Rovers,Wolverhampton Wanderers,1,1336.8,Touch,David HOILETT,Blackburn Rovers,,-3.58,11.37,A,192,False,False,0.0
Blackburn Rovers,Wolverhampton Wanderers,1,1337.3,Pass,David HOILETT,Blackburn Rovers,,-3.68,11.28,A,192,False,False,0.0
Blackburn Rovers,Wolverhampton Wanderers,1,1339.0,Touch,Martin OLSSON,Blackburn Rovers,,11.3,19.36,A,192,False,False,0.0
Blackburn Rovers,Wolverhampton Wanderers,1,1339.9,Touch,Martin OLSSON,Blackburn Rovers,,7.78,19.81,A,192,False,False,0.0
Blackburn Rovers,Wolverhampton Wanderers,1,1340.8,Pass,Martin OLSSON,Blackburn Rovers,,6.8,21.12,A,192,False,False,0.0
Blackburn Rovers,Wolverhampton Wanderers,1,1341.8,Touch,David DUNN,Blackburn Rovers,,12.44,14.38,A,192,False,False,0.0
Blackburn Rovers,Wolverhampton Wanderers,1,1343.2,Pass,David DUNN,Blackburn Rovers,,11.19,21.74,A,192,False,False,0.0
Blackburn Rovers,Wolverhampton Wanderers,1,1345.8,Clearance,Roger JOHNSON,Wolverhampton Wanderers,,-27.09,23.35,A,192,False,False,0.0
Blackburn Rovers,Wolverhampton Wanderers,1,1346.7,Ball Out Of Play,,,,-26.0,35.0,U,-1,False,False,0.0
Blackburn Rovers,Wolverhampton Wanderers,1,1352.6,Throw In,Martin OLSSON,Blackburn Rovers,,-22.28,34.0,A,193,False,False,0.0
Blackburn Rovers,Wolverhampton Wanderers,1,1354.0,Touch,Morten GAMST PEDERSEN,Blackburn Rovers,,-20.1,26.91,A,193,False,False,0.0
Blackburn Rovers,Wolverhampton Wanderers,1,1354.8,Pass,Morten GAMST PEDERSEN,Blackburn Rovers,,-21.34,26.77,A,193,False,False,0.0
Blackburn Rovers,Wolverhampton Wanderers,1,1356.0,Touch,Jason ROBERTS,Blackburn Rovers,,-35.3,17.41,A,193,False,False,0.0
Blackburn Rovers,Wolverhampton Wanderers,1,1356.6,Touch,Jason ROBERTS,Blackburn Rovers,,-33.19,19.07,A,193,False,False,0.0
Blackburn Rovers,Wolverhampton Wanderers,1,1357.4,Pass,Jason ROBERTS,Blackburn Rovers,,-31.72,21.78,A,193,False,False,0.0
Blackburn Rovers,Wolverhampton Wanderers,1,1359.8,Touch,Martin OLSSON,Blackburn Rovers,,-28.15,32.62,A,193,False,False,0.0
Blackburn Rovers,Wolverhampton Wanderers,1,1360.3,Touch,Martin OLSSON,Blackburn Rovers,,-27.89,32.81,A,193,False,False,0.0
Blackburn Rovers,Wolverhampton Wanderers,1,1361.4,Pass,Martin OLSSON,Blackburn Rovers,,-25.62,31.01,A,193,False,False,0.0
Blackburn Rovers,Wolverhampton Wanderers,1,1362.1,Touch,Morten GAMST PEDERSEN,Blackburn Rovers,,-22.29,27.75,A,193,False,False,0.0
Blackburn Rovers,Wolverhampton Wanderers,1,1363.4,Cross,Morten GAMST PEDERSEN,Blackburn Rovers,,-23.33,27.97,A,193,False,True,0.0
Blackburn Rovers,Wolverhampton Wanderers,1,1365.2,Goalkeeper Catch,Wayne HENNESSEY,Wolverhampton Wanderers,,-47.64,-2.85,B,194,True,False,0.0
Blackburn Rovers,Wolverhampton Wanderers,1,1367.6,Goalkeeper Throw,Wayne HENNESSEY,Wolverhampton Wanderers,,-40.38,-8.26,B,194,False,False,0.0
Blackburn Rovers,Wolverhampton Wanderers,1,1369.3,Touch,Kevin DOYLE,Wolverhampton Wanderers,,-11.11,-18.66,B,194,False,False,0.0
Blackburn Rovers,Wolverhampton Wanderers,1,1370.4,Pass,Kevin DOYLE,Wolverhampton Wanderers,,-12.24,-18.27,B,194,False,False,0.0
Blackburn Rovers,Wolverhampton Wanderers,1,1371.8,Pass,Jamie O'HARA,Wolverhampton Wanderers,,-20.59,-16.38,B,194,False,False,0.0
Blackburn Rovers,Wolverhampton Wanderers,1,1373.1,Pass,Matthew JARVIS,Wolverhampton Wanderers,,-17.04,-31.08,B,194,False,False,0.0
Blackburn Rovers,Wolverhampton Wanderers,1,1374.7,Pass,Stephen WARD,Wolverhampton Wanderers,,-25.58,-29.79,B,194,False,False,0.0
Blackburn Rovers,Wolverhampton Wanderers,1,1377.0,Touch,Wayne HENNESSEY,Wolverhampton Wanderers,,-49.39,-9.72,B,194,False,False,0.0
Blackburn Rovers,Wolverhampton Wanderers,1,1378.8,Clearance,Wayne HENNESSEY,Wolverhampton Wanderers,,-47.68,-12.42,B,194,False,False,0.0
Blackburn Rovers,Wolverhampton Wanderers,1,1382.0,Header,Grant HANLEY,Blackburn Rovers,,6.94,-0.68,B,194,False,False,0.0
Blackburn Rovers,Wolverhampton Wanderers,1,1383.9,Touch,Stephen HUNT,Wolverhampton Wanderers,,5.11,-6.19,B,194,False,False,0.0
Blackburn Rovers,Wolverhampton Wanderers,1,1384.6,Touch,Stephen HUNT,Wolverhampton Wanderers,,8.25,-9.87,B,194,False,False,0.0
Blackburn Rovers,Wolverhampton Wanderers,1,1385.7,Pass,Stephen HUNT,Wolverhampton Wanderers,,12.01,-14.75,B,194,False,False,0.0
Blackburn Rovers,Wolverhampton Wanderers,1,1387.2,Clearance,Steven N'ZONZI,Blackburn Rovers,,28.4,-24.04,B,194,False,False,0.0
Blackburn Rovers,Wolverhampton Wanderers,1,1388.6,Ball Out Of Play,,,,5.0,-35.0,U,-1,False,False,0.0
Blackburn Rovers,Wolverhampton Wanderers,1,1399.6,Throw In,Stephen WARD,Wolverhampton Wanderers,,2.28,-33.85,B,195,False,False,0.0
Blackburn Rovers,Wolverhampton Wanderers,1,1401.6,Touch,Christophe BERRA,Wolverhampton Wanderers,,-13.2,-23.62,B,195,False,False,0.0
Blackburn Rovers,Wolverhampton Wanderers,1,1402.5,Pass,Christophe BERRA,Wolverhampton Wanderers,,-13.61,-23.52,B,195,False,False,0.0
Blackburn Rovers,Wolverhampton Wanderers,1,1403.6,Pass,Karl HENRY,Wolverhampton Wanderers,,-5.99,-12.72,B,195,False,False,0.0
Blackburn Rovers,Wolverhampton Wanderers,1,1405.0,Touch,Christophe BERRA,Wolverhampton Wanderers,,-19.19,-24.32,B,195,False,False,0.0
Blackburn Rovers,Wolverhampton Wanderers,1,1405.9,Pass,Christophe BERRA,Wolverhampton Wanderers,,-21.65,-23.04,B,195,False,False,0.0
Blackburn Rovers,Wolverhampton Wanderers,1,1407.9,Touch,Wayne HENNESSEY,Wolverhampton Wanderers,,-38.35,-9.11,B,195,False,False,0.0
Blackburn Rovers,Wolverhampton Wanderers,1,1409.8,Pass,Wayne HENNESSEY,Wolverhampton Wanderers,,-35.1,-5.91,B,195,False,False,0.0
Blackburn Rovers,Wolverhampton Wanderers,1,1414.0,Header,Steven FLETCHER,Wolverhampton Wanderers,,29.92,9.6,B,195,False,True,0.0
Blackburn Rovers,Wolverhampton Wanderers,1,1418.3,Ball Out Of Play,,,,52.0,34.0,U,-1,False,False,0.0
Blackburn Rovers,Wolverhampton Wanderers,1,1442.0,Throw In,Martin OLSSON,Blackburn Rovers,,47.57,33.99,A,196,False,True,0.0
Blackburn Rovers,Wolverhampton Wanderers,1,1445.2,Header,Roger JOHNSON,Wolverhampton Wanderers,,19.93,28.51,B,197,True,False,0.0
Blackburn Rovers,Wolverhampton Wanderers,1,1446.3,Pass,Jamie O'HARA,Wolverhampton Wanderers,,22.79,25.84,B,197,False,False,0.0
Blackburn Rovers,Wolverhampton Wanderers,1,1447.6,Pass,Steven FLETCHER,Wolverhampton Wanderers,,30.68,24.75,B,197,False,False,0.0
Blackburn Rovers,Wolverhampton Wanderers,1,1448.7,Touch,Stephen HUNT,Wolverhampton Wanderers,,29.61,30.29,B,197,False,False,0.0
Blackburn Rovers,Wolverhampton Wanderers,1,1449.3,Touch,Stephen HUNT,Wolverhampton Wanderers,,32.31,29.87,B,197,False,False,0.0
Blackburn Rovers,Wolverhampton Wanderers,1,1449.7,Touch,Stephen HUNT,Wolverhampton Wanderers,,33.89,28.94,B,197,False,False,0.0
Blackburn Rovers,Wolverhampton Wanderers,1,1450.1,Touch,Stephen HUNT,Wolverhampton Wanderers,,35.59,28.1,B,197,False,True,0.0
Blackburn Rovers,Wolverhampton Wanderers,1,1451.5,Touch,Martin OLSSON,Blackburn Rovers,,44.02,27.85,A,198,True,False,0.0
Blackburn Rovers,Wolverhampton Wanderers,1,1452.4,Clearance,Martin OLSSON,Blackburn Rovers,,48.17,28.72,A,198,False,True,0.0
Blackburn Rovers,Wolverhampton Wanderers,1,1453.0,Ball Out Of Play,,,,45.0,35.0,U,-1,False,False,0.0
Blackburn Rovers,Wolverhampton Wanderers,1,1465.5,Throw In,Kevin FOLEY,Wolverhampton Wanderers,,37.64,33.88,B,199,False,False,0.0
Blackburn Rovers,Wolverhampton Wanderers,1,1466.3,Tackle,Morten GAMST PEDERSEN,Blackburn Rovers,Jamie O'HARA,34.39,28.42,B,199,False,False,0.0
Blackburn Rovers,Wolverhampton Wanderers,1,1467.9,Touch,Jamie O'HARA,Wolverhampton Wanderers,,29.32,32.61,B,199,False,False,0.0
Blackburn Rovers,Wolverhampton Wanderers,1,1469.0,Pass,Jamie O'HARA,Wolverhampton Wanderers,,24.1,32.18,B,199,False,True,0.0
Blackburn Rovers,Wolverhampton Wanderers,1,1474.3,Clearance,Michel SALGADO,Blackburn Rovers,,43.83,-24.47,A,200,True,False,0.0
Blackburn Rovers,Wolverhampton Wanderers,1,1476.5,Header,Mauro FORMICA,Blackburn Rovers,,11.43,-3.72,A,200,False,False,0.0
Blackburn Rovers,Wolverhampton Wanderers,1,1478.4,Header,Christophe BERRA,Wolverhampton Wanderers,,-0.4,5.68,A,200,False,False,0.0
Blackburn Rovers,Wolverhampton Wanderers,1,1480.2,Header,Morten GAMST PEDERSEN,Blackburn Rovers,,9.59,7.54,A,200,False,True,0.0
Blackburn Rovers,Wolverhampton Wanderers,1,1481.4,Header,Roger JOHNSON,Wolverhampton Wanderers,,-3.64,9.9,B,201,True,False,0.0
Blackburn Rovers,Wolverhampton Wanderers,1,1482.5,Pass,Jamie O'HARA,Wolverhampton Wanderers,,3.92,10.36,B,201,False,False,0.0
Blackburn Rovers,Wolverhampton Wanderers,1,1483.6,Touch,Kevin FOLEY,Wolverhampton Wanderers,,-6.53,17.9,B,201,False,False,0.0
Blackburn Rovers,Wolverhampton Wanderers,1,1484.6,Pass,Kevin FOLEY,Wolverhampton Wanderers,,-10.04,17.36,B,201,False,False,0.0
Blackburn Rovers,Wolverhampton Wanderers,1,1488.4,Pass,Wayne HENNESSEY,Wolverhampton Wanderers,,-39.96,9.01,B,201,False,False,0.0
Blackburn Rovers,Wolverhampton Wanderers,1,1492.6,Header,Martin OLSSON,Blackburn Rovers,,15.99,23.35,B,201,False,False,0.0
Blackburn Rovers,Wolverhampton Wanderers,1,1494.0,Touch,Kevin FOLEY,Wolverhampton Wanderers,,8.3,24.57,B,201,False,False,0.0
Blackburn Rovers,Wolverhampton Wanderers,1,1495.0,Touch,Kevin FOLEY,Wolverhampton Wanderers,,13.08,27.12,B,201,False,False,0.0
Blackburn Rovers,Wolverhampton Wanderers,1,1495.5,Touch,Kevin FOLEY,Wolverhampton Wanderers,,15.41,28.7,B,201,False,False,0.0
Blackburn Rovers,Wolverhampton Wanderers,1,1496.6,Pass,Kevin FOLEY,Wolverhampton Wanderers,,20.21,30.84,B,201,False,False,0.0
Blackburn Rovers,Wolverhampton Wanderers,1,1497.4,Touch,Kevin DOYLE,Wolverhampton Wanderers,,27.88,19.51,B,201,False,False,0.0
Blackburn Rovers,Wolverhampton Wanderers,1,1498.0,Touch,Kevin DOYLE,Wolverhampton Wanderers,,28.55,20.93,B,201,False,False,0.0
Blackburn Rovers,Wolverhampton Wanderers,1,1499.3,Pass,Kevin DOYLE,Wolverhampton Wanderers,,28.24,24.02,B,201,False,False,0.0
Blackburn Rovers,Wolverhampton Wanderers,1,1500.5,Touch,Stephen HUNT,Wolverhampton Wanderers,,19.91,29.57,B,201,False,False,0.0
Blackburn Rovers,Wolverhampton Wanderers,1,1502.1,Touch,Stephen HUNT,Wolverhampton Wanderers,,18.91,28.98,B,201,False,False,0.0
Blackburn Rovers,Wolverhampton Wanderers,1,1503.8,Pass,Stephen HUNT,Wolverhampton Wanderers,,21.13,28.03,B,201,False,False,0.0
Blackburn Rovers,Wolverhampton Wanderers,1,1506.7,Cross,Kevin DOYLE,Wolverhampton Wanderers,,47.84,20.82,B,201,False,False,0.0
Blackburn Rovers,Wolverhampton Wanderers,1,1512.4,Touch,Matthew JARVIS,Wolverhampton Wanderers,,45.02,-27.94,B,201,False,False,0.0
Blackburn Rovers,Wolverhampton Wanderers,1,1513.2,Pass,Matthew JARVIS,Wolverhampton Wanderers,,44.18,-29.42,B,201,False,False,0.0
Blackburn Rovers,Wolverhampton Wanderers,1,1515.7,Touch,Stephen WARD,Wolverhampton Wanderers,,24.18,-26.17,B,201,False,False,0.0
Blackburn Rovers,Wolverhampton Wanderers,1,1516.3,Pass,Stephen WARD,Wolverhampton Wanderers,,24.09,-26.16,B,201,False,False,0.0
Blackburn Rovers,Wolverhampton Wanderers,1,1517.1,Pass,Jamie O'HARA,Wolverhampton Wanderers,,25.79,-17.55,B,201,False,False,0.0
Blackburn Rovers,Wolverhampton Wanderers,1,1519.0,Pass,Stephen WARD,Wolverhampton Wanderers,,22.57,-28.25,B,201,False,False,0.0
Blackburn Rovers,Wolverhampton Wanderers,1,1521.2,Touch,Matthew JARVIS,Wolverhampton Wanderers,,44.64,-24.01,B,201,False,False,0.0
Blackburn Rovers,Wolverhampton Wanderers,1,1522.2,Cross,Matthew JARVIS,Wolverhampton Wanderers,,47.26,-23.38,B,201,False,False,0.0
Blackburn Rovers,Wolverhampton Wanderers,1,1522.3,Block,David HOILETT,Blackburn Rovers,,47.98,-18.7,B,201,False,False,0.0
Blackburn Rovers,Wolverhampton Wanderers,1,1523.0,Ball Out Of Play,,,,54.0,-15.0,U,-1,False,False,0.0
Blackburn Rovers,Wolverhampton Wanderers,1,1548.6,Corner Cross,Matthew JARVIS,Wolverhampton Wanderers,,52.34,-32.2,B,202,False,False,0.0
Blackburn Rovers,Wolverhampton Wanderers,1,1550.2,Header Shot,Stephen WARD,Wolverhampton Wanderers,,43.68,-0.42,B,202,False,True,0.1485163966285305
Blackburn Rovers,Wolverhampton Wanderers,1,1551.4,Ball Out Of Play,,,,54.0,6.0,U,-1,False,False,0.0
Blackburn Rovers,Wolverhampton Wanderers,1,1573.7,Substitution,Morten GAMST PEDERSEN,Blackburn Rovers,David GOODWILLIE,0.29,31.4,U,-1,False,False,0.0
Blackburn Rovers,Wolverhampton Wanderers,1,1585.1,Goal Kick,Paul ROBINSON,Blackburn Rovers,,49.27,-6.46,A,203,False,False,0.0
Blackburn Rovers,Wolverhampton Wanderers,1,1588.8,Header,Christophe BERRA,Wolverhampton Wanderers,,-11.14,-13.84,A,203,False,False,0.0
Blackburn Rovers,Wolverhampton Wanderers,1,1590.7,Ball Out Of Play,,,,-17.0,-35.0,U,-1,False,False,0.0
Blackburn Rovers,Wolverhampton Wanderers,1,1598.8,Throw In,Michel SALGADO,Blackburn Rovers,,-17.58,-34.0,A,204,False,False,0.0
Blackburn Rovers,Wolverhampton Wanderers,1,1600.0,Touch,David GOODWILLIE,Blackburn Rovers,,-27.82,-27.12,A,204,False,False,0.0
Blackburn Rovers,Wolverhampton Wanderers,1,1600.4,Pass,David GOODWILLIE,Blackburn Rovers,,-26.92,-27.4,A,204,False,False,0.0
Blackburn Rovers,Wolverhampton Wanderers,1,1602.1,Pass,Michel SALGADO,Blackburn Rovers,,-19.3,-29.34,A,204,False,False,0.0
Blackburn Rovers,Wolverhampton Wanderers,1,1603.0,Touch,David HOILETT,Blackburn Rovers,,-27.09,-17.08,A,204,False,False,0.0
Blackburn Rovers,Wolverhampton Wanderers,1,1603.5,Touch,David HOILETT,Blackburn Rovers,,-26.54,-17.12,A,204,False,False,0.0
Blackburn Rovers,Wolverhampton Wanderers,1,1604.0,Pass,David HOILETT,Blackburn Rovers,,-25.72,-17.47,A,204,False,False,0.0
Blackburn Rovers,Wolverhampton Wanderers,1,1604.8,Touch,Michel SALGADO,Blackburn Rovers,,-20.32,-21.99,A,204,False,False,0.0
Blackburn Rovers,Wolverhampton Wanderers,1,1605.7,Pass,Michel SALGADO,Blackburn Rovers,,-20.13,-22.13,A,204,False,False,0.0
Blackburn Rovers,Wolverhampton Wanderers,1,1606.4,Touch,David GOODWILLIE,Blackburn Rovers,,-25.36,-29.59,A,204,False,False,0.0
Blackburn Rovers,Wolverhampton Wanderers,1,1607.6,Pass,David GOODWILLIE,Blackburn Rovers,,-26.49,-30.01,A,204,False,False,0.0
Blackburn Rovers,Wolverhampton Wanderers,1,1608.5,Touch,David HOILETT,Blackburn Rovers,,-35.03,-29.0,A,204,False,False,0.0
Blackburn Rovers,Wolverhampton Wanderers,1,1608.9,Touch,David HOILETT,Blackburn Rovers,,-35.11,-29.82,A,204,False,False,0.0
Blackburn Rovers,Wolverhampton Wanderers,1,1609.6,Touch,David HOILETT,Blackburn Rovers,,-33.76,-30.01,A,204,False,False,0.0
Blackburn Rovers,Wolverhampton Wanderers,1,1610.2,Touch,David HOILETT,Blackburn Rovers,,-32.48,-29.77,A,204,False,False,0.0
Blackburn Rovers,Wolverhampton Wanderers,1,1610.7,Touch,David HOILETT,Blackburn Rovers,,-31.83,-29.51,A,204,False,False,0.0
Blackburn Rovers,Wolverhampton Wanderers,1,1611.1,Touch,David HOILETT,Blackburn Rovers,,-31.47,-28.75,A,204,False,False,0.0
Blackburn Rovers,Wolverhampton Wanderers,1,1611.5,Touch,David HOILETT,Blackburn Rovers,,-31.5,-26.7,A,204,False,False,0.0
Blackburn Rovers,Wolverhampton Wanderers,1,1612.5,Pass,David HOILETT,Blackburn Rovers,,-32.8,-19.51,A,204,False,False,0.0
Blackburn Rovers,Wolverhampton Wanderers,1,1613.3,Touch,David DUNN,Blackburn Rovers,,-24.26,-12.27,A,204,False,False,0.0
Blackburn Rovers,Wolverhampton Wanderers,1,1613.8,Touch,David DUNN,Blackburn Rovers,,-24.73,-13.08,A,204,False,False,0.0
Blackburn Rovers,Wolverhampton Wanderers,1,1614.7,Cross,David DUNN,Blackburn Rovers,,-27.42,-16.37,A,204,False,False,0.0
Blackburn Rovers,Wolverhampton Wanderers,1,1616.1,Header,Roger JOHNSON,Wolverhampton Wanderers,,-41.85,0.42,A,204,False,False,0.0
Blackburn Rovers,Wolverhampton Wanderers,1,1616.8,Touch,David HOILETT,Blackburn Rovers,,-35.76,2.38,A,204,False,False,0.0
Blackburn Rovers,Wolverhampton Wanderers,1,1617.9,Clearance,Kevin FOLEY,Wolverhampton Wanderers,,-40.84,7.34,A,204,False,False,0.0
Blackburn Rovers,Wolverhampton Wanderers,1,1619.7,Ball Out Of Play,,,,-26.0,35.0,U,-1,False,False,0.0
Blackburn Rovers,Wolverhampton Wanderers,1,1627.1,Throw In,Martin OLSSON,Blackburn Rovers,,-25.96,33.98,A,205,False,False,0.0
Blackburn Rovers,Wolverhampton Wanderers,1,1628.4,Pass,David GOODWILLIE,Blackburn Rovers,,-31.85,19.88,A,205,False,True,0.0
Blackburn Rovers,Wolverhampton Wanderers,1,1629.3,Touch,Kevin FOLEY,Wolverhampton Wanderers,,-37.36,22.76,B,206,True,False,0.0
Blackburn Rovers,Wolverhampton Wanderers,1,1629.6,Touch,Kevin FOLEY,Wolverhampton Wanderers,,-37.48,21.94,B,206,False,False,0.0
Blackburn Rovers,Wolverhampton Wanderers,1,1630.4,Pass,Kevin FOLEY,Wolverhampton Wanderers,,-35.93,20.94,B,206,False,False,0.0
Blackburn Rovers,Wolverhampton Wanderers,1,1631.5,Pass,Jamie O'HARA,Wolverhampton Wanderers,,-26.91,21.33,B,206,False,False,0.0
Blackburn Rovers,Wolverhampton Wanderers,1,1632.3,Pass,Kevin FOLEY,Wolverhampton Wanderers,,-34.38,26.36,B,206,False,False,0.0
Blackburn Rovers,Wolverhampton Wanderers,1,1634.1,Touch,Steven FLETCHER,Wolverhampton Wanderers,,-5.33,19.97,B,206,False,False,0.0
Blackburn Rovers,Wolverhampton Wanderers,1,1634.8,Pass,Steven FLETCHER,Wolverhampton Wanderers,,-6.66,20.51,B,206,False,True,0.0
Blackburn Rovers,Wolverhampton Wanderers,1,1636.1,Ball Out Of Play,,,,-11.0,35.0,U,-1,False,False,0.0
Blackburn Rovers,Wolverhampton Wanderers,1,1641.2,Throw In,Martin OLSSON,Blackburn Rovers,,-10.89,34.0,A,207,False,False,0.0
Blackburn Rovers,Wolverhampton Wanderers,1,1642.1,Touch,Mauro FORMICA,Blackburn Rovers,,-16.34,28.69,A,207,False,False,0.0
Blackburn Rovers,Wolverhampton Wanderers,1,1642.8,Touch,Mauro FORMICA,Blackburn Rovers,,-16.87,28.69,A,207,False,False,0.0
Blackburn Rovers,Wolverhampton Wanderers,1,1643.8,Pass,Mauro FORMICA,Blackburn Rovers,,-20.49,28.28,A,207,False,False,0.0
Blackburn Rovers,Wolverhampton Wanderers,1,1644.8,Pass,David GOODWILLIE,Blackburn Rovers,,-23.85,20.06,A,207,False,False,0.0
Blackburn Rovers,Wolverhampton Wanderers,1,1645.5,Touch,Ruben ROCHINA,Blackburn Rovers,,-16.64,20.11,A,207,False,False,0.0
Blackburn Rovers,Wolverhampton Wanderers,1,1646.5,Touch,Ruben ROCHINA,Blackburn Rovers,,-17.15,20.13,A,207,False,False,0.0
Blackburn Rovers,Wolverhampton Wanderers,1,1647.3,Touch,Ruben ROCHINA,Blackburn Rovers,,-18.03,19.15,A,207,False,False,0.0
Blackburn Rovers,Wolverhampton Wanderers,1,1647.9,Touch,Ruben ROCHINA,Blackburn Rovers,,-19.55,17.48,A,207,False,False,0.0
Blackburn Rovers,Wolverhampton Wanderers,1,1648.8,Pass,Ruben ROCHINA,Blackburn Rovers,,-22.02,15.48,A,207,False,False,0.0
Blackburn Rovers,Wolverhampton Wanderers,1,1652.4,Touch,Michel SALGADO,Blackburn Rovers,,-27.3,-30.2,A,207,False,False,0.0
Blackburn Rovers,Wolverhampton Wanderers,1,1654.0,Cross,Michel SALGADO,Blackburn Rovers,,-30.4,-29.74,A,207,False,False,0.0
Blackburn Rovers,Wolverhampton Wanderers,1,1655.4,Header,Roger JOHNSON,Wolverhampton Wanderers,,-42.58,-1.56,A,207,False,False,0.0
Blackburn Rovers,Wolverhampton Wanderers,1,1657.3,Touch,Martin OLSSON,Blackburn Rovers,,-27.53,13.18,A,207,False,False,0.0
Blackburn Rovers,Wolverhampton Wanderers,1,1658.2,Pass,Martin OLSSON,Blackburn Rovers,,-29.08,11.58,A,207,False,False,0.0
Blackburn Rovers,Wolverhampton Wanderers,1,1658.9,Touch,David GOODWILLIE,Blackburn Rovers,,-41.14,-2.42,A,207,False,False,0.0
Blackburn Rovers,Wolverhampton Wanderers,1,1660.2,Shot,Mauro FORMICA,Blackburn Rovers,,-38.07,3.57,A,207,False,False,0.1418230536195977
Blackburn Rovers,Wolverhampton Wanderers,1,1660.3,Block,Stephen HUNT,Wolverhampton Wanderers,,-39.28,2.81,A,207,False,False,0.0
Blackburn Rovers,Wolverhampton Wanderers,1,1661.7,Shot,David DUNN,Blackburn Rovers,,-26.79,-2.99,A,207,False,True,0.0344803267818249
Blackburn Rovers,Wolverhampton Wanderers,1,1662.5,Ball Out Of Play,,,,-55.0,-1.0,U,-1,False,False,0.0
Blackburn Rovers,Wolverhampton Wanderers,1,1692.6,Goal Kick,Wayne HENNESSEY,Wolverhampton Wanderers,,-48.97,6.19,B,208,False,True,0.0
Blackburn Rovers,Wolverhampton Wanderers,1,1696.6,Tackle,Kevin DOYLE,Wolverhampton Wanderers,Steven N'ZONZI,18.23,7.59,A,209,True,False,0.0
Blackburn Rovers,Wolverhampton Wanderers,1,1697.4,Pass,David DUNN,Blackburn Rovers,,15.36,6.65,A,209,False,False,0.0
Blackburn Rovers,Wolverhampton Wanderers,1,1698.9,Touch,Michel SALGADO,Blackburn Rovers,,22.89,-3.11,A,209,False,False,0.0
Blackburn Rovers,Wolverhampton Wanderers,1,1700.0,Touch,Michel SALGADO,Blackburn Rovers,,19.88,-5.15,A,209,False,False,0.0
Blackburn Rovers,Wolverhampton Wanderers,1,1701.6,Pass,Michel SALGADO,Blackburn Rovers,,13.74,-10.42,A,209,False,False,0.0
Blackburn Rovers,Wolverhampton Wanderers,1,1703.4,Pass,David HOILETT,Blackburn Rovers,,0.34,-28.73,A,209,False,False,0.0
Blackburn Rovers,Wolverhampton Wanderers,1,1704.7,Touch,Michel SALGADO,Blackburn Rovers,,5.69,-23.22,A,209,False,False,0.0
Blackburn Rovers,Wolverhampton Wanderers,1,1705.6,Touch,Michel SALGADO,Blackburn Rovers,,3.65,-24.02,A,209,False,False,0.0
Blackburn Rovers,Wolverhampton Wanderers,1,1706.3,Pass,Michel SALGADO,Blackburn Rovers,,2.47,-23.98,A,209,False,False,0.0
Blackburn Rovers,Wolverhampton Wanderers,1,1707.4,Touch,David DUNN,Blackburn Rovers,,6.51,-14.11,A,209,False,False,0.0
Blackburn Rovers,Wolverhampton Wanderers,1,1707.9,Pass,David DUNN,Blackburn Rovers,,6.37,-13.38,A,209,False,False,0.0
Blackburn Rovers,Wolverhampton Wanderers,1,1709.0,Pass,Ruben ROCHINA,Blackburn Rovers,,2.12,-2.39,A,209,False,False,0.0
Blackburn Rovers,Wolverhampton Wanderers,1,1710.1,Touch,David DUNN,Blackburn Rovers,,-2.24,-10.12,A,209,False,False,0.0
Blackburn Rovers,Wolverhampton Wanderers,1,1711.0,Pass,David DUNN,Blackburn Rovers,,-6.2,-8.39,A,209,False,True,0.0
Blackburn Rovers,Wolverhampton Wanderers,1,1713.1,Pass,Kevin FOLEY,Wolverhampton Wanderers,,-32.99,13.49,B,210,True,False,0.0
Blackburn Rovers,Wolverhampton Wanderers,1,1715.0,Clearance,Wayne HENNESSEY,Wolverhampton Wanderers,,-50.21,5.1,B,210,False,True,0.0
Blackburn Rovers,Wolverhampton Wanderers,1,1718.9,Tackle,Steven FLETCHER,Wolverhampton Wanderers,Grant HANLEY,1.81,20.89,A,211,True,False,0.0
Blackburn Rovers,Wolverhampton Wanderers,1,1721.2,Touch,Martin OLSSON,Blackburn Rovers,,0.36,18.69,A,211,False,False,0.0
Blackburn Rovers,Wolverhampton Wanderers,1,1721.7,Pass,Martin OLSSON,Blackburn Rovers,,-0.3,18.25,A,211,False,False,0.0
Blackburn Rovers,Wolverhampton Wanderers,1,1722.6,Pass,Ruben ROCHINA,Blackburn Rovers,,-12.43,19.55,A,211,False,False,0.0
Blackburn Rovers,Wolverhampton Wanderers,1,1725.0,Pass,Michel SALGADO,Blackburn Rovers,,2.88,-5.7,A,211,False,False,0.0
Blackburn Rovers,Wolverhampton Wanderers,1,1726.5,Touch,David DUNN,Blackburn Rovers,,0.26,2.21,A,211,False,False,0.0
Blackburn Rovers,Wolverhampton Wanderers,1,1727.7,Pass,David DUNN,Blackburn Rovers,,-0.45,-1.75,A,211,False,False,0.0
Blackburn Rovers,Wolverhampton Wanderers,1,1728.9,Tackle,David GOODWILLIE,Blackburn Rovers,Christophe BERRA,-17.0,-9.53,A,211,False,False,0.0
Blackburn Rovers,Wolverhampton Wanderers,1,1731.4,Ball Out Of Play,,,,6.0,-35.0,U,-1,False,False,0.0
Blackburn Rovers,Wolverhampton Wanderers,1,1737.4,Throw In,Michel SALGADO,Blackburn Rovers,,3.64,-33.88,A,212,False,False,0.0
Blackburn Rovers,Wolverhampton Wanderers,1,1740.0,Touch,Steven N'ZONZI,Blackburn Rovers,,13.51,-16.57,A,212,False,False,0.0
Blackburn Rovers,Wolverhampton Wanderers,1,1740.8,Pass,Steven N'ZONZI,Blackburn Rovers,,14.21,-15.09,A,212,False,False,0.0
Blackburn Rovers,Wolverhampton Wanderers,1,1742.0,Pass,Ruben ROCHINA,Blackburn Rovers,,6.4,-3.26,A,212,False,False,0.0
Blackburn Rovers,Wolverhampton Wanderers,1,1743.3,Touch,Grant HANLEY,Blackburn Rovers,,23.33,4.86,A,212,False,False,0.0
Blackburn Rovers,Wolverhampton Wanderers,1,1744.6,Touch,Grant HANLEY,Blackburn Rovers,,22.68,5.52,A,212,False,False,0.0
Blackburn Rovers,Wolverhampton Wanderers,1,1746.0,Pass,Grant HANLEY,Blackburn Rovers,,19.93,4.2,A,212,False,False,0.0
Blackburn Rovers,Wolverhampton Wanderers,1,1749.1,Header,Roger JOHNSON,Wolverhampton Wanderers,,-25.29,7.79,A,212,False,False,0.0
Blackburn Rovers,Wolverhampton Wanderers,1,1750.4,Header,David GOODWILLIE,Blackburn Rovers,,-31.04,3.67,A,212,False,False,0.0
Blackburn Rovers,Wolverhampton Wanderers,1,1751.1,Touch,Mauro FORMICA,Blackburn Rovers,,-24.56,6.61,A,212,False,False,0.0
Blackburn Rovers,Wolverhampton Wanderers,1,1752.0,Pass,Mauro FORMICA,Blackburn Rovers,,-26.39,3.18,A,212,False,False,0.0
Blackburn Rovers,Wolverhampton Wanderers,1,1754.5,Pass,David DUNN,Blackburn Rovers,,-12.88,-7.57,A,212,False,False,0.0
Blackburn Rovers,Wolverhampton Wanderers,1,1755.9,Touch,David HOILETT,Blackburn Rovers,,-26.17,-28.12,A,212,False,False,0.0
Blackburn Rovers,Wolverhampton Wanderers,1,1756.4,Touch,David HOILETT,Blackburn Rovers,,-28.09,-27.23,A,212,False,False,0.0
Blackburn Rovers,Wolverhampton Wanderers,1,1757.1,Touch,David HOILETT,Blackburn Rovers,,-29.58,-26.81,A,212,False,False,0.0
Blackburn Rovers,Wolverhampton Wanderers,1,1757.8,Touch,David HOILETT,Blackburn Rovers,,-31.55,-25.75,A,212,False,False,0.0
Blackburn Rovers,Wolverhampton Wanderers,1,1758.8,Touch,David HOILETT,Blackburn Rovers,,-35.88,-22.75,A,212,False,False,0.0
Blackburn Rovers,Wolverhampton Wanderers,1,1759.5,Touch,David HOILETT,Blackburn Rovers,,-38.9,-20.09,A,212,False,False,0.0
Blackburn Rovers,Wolverhampton Wanderers,1,1760.8,Touch,David HOILETT,Blackburn Rovers,,-38.83,-15.86,A,212,False,False,0.0
Blackburn Rovers,Wolverhampton Wanderers,1,1761.1,Dribble,David HOILETT,Blackburn Rovers,,-38.065,-14.6375,A,212,False,False,0.0
Blackburn Rovers,Wolverhampton Wanderers,1,1761.2,Pass,David HOILETT,Blackburn Rovers,,-37.81,-14.23,A,212,False,False,0.0
Blackburn Rovers,Wolverhampton Wanderers,1,1762.8,Shot,Ruben ROCHINA,Blackburn Rovers,,-30.61,2.6,A,212,False,True,0.0614347877433059
Blackburn Rovers,Wolverhampton Wanderers,1,1763.7,Ball Out Of Play,,,,-54.0,5.0,U,-1,False,False,0.0
Blackburn Rovers,Wolverhampton Wanderers,1,1802.2,Substitution,Matthew JARVIS,Wolverhampton Wanderers,George ELOKOBI,0.73,30.98,U,-1,False,False,0.0
Blackburn Rovers,Wolverhampton Wanderers,1,1816.0,Goal Kick,Wayne HENNESSEY,Wolverhampton Wanderers,,-48.5,4.02,B,213,False,False,0.0
Blackburn Rovers,Wolverhampton Wanderers,1,1820.2,Header,Kevin DOYLE,Wolverhampton Wanderers,,20.65,12.16,B,213,False,False,0.0
Blackburn Rovers,Wolverhampton Wanderers,1,1821.4,Header,Martin OLSSON,Blackburn Rovers,,31.09,15.91,B,213,False,False,0.0
Blackburn Rovers,Wolverhampton Wanderers,1,1822.4,Tackle,Martin OLSSON,Blackburn Rovers,Steven FLETCHER,31.89,9.96,B,213,False,True,0.0
Blackburn Rovers,Wolverhampton Wanderers,1,1822.9,Touch,Martin OLSSON,Blackburn Rovers,,32.52,6.99,A,214,True,False,0.0
Blackburn Rovers,Wolverhampton Wanderers,1,1824.3,Touch,David DUNN,Blackburn Rovers,,27.11,2.24,A,214,False,False,0.0
Blackburn Rovers,Wolverhampton Wanderers,1,1825.5,Touch,David DUNN,Blackburn Rovers,,27.16,-3.11,A,214,False,False,0.0
Blackburn Rovers,Wolverhampton Wanderers,1,1826.4,Touch,David DUNN,Blackburn Rovers,,26.65,-5.08,A,214,False,False,0.0
Blackburn Rovers,Wolverhampton Wanderers,1,1827.6,Touch,David DUNN,Blackburn Rovers,,22.13,-2.2,A,214,False,False,0.0
Blackburn Rovers,Wolverhampton Wanderers,1,1828.4,Pass,David DUNN,Blackburn Rovers,,18.18,0.04,A,214,False,False,0.0
Blackburn Rovers,Wolverhampton Wanderers,1,1829.4,Touch,David GOODWILLIE,Blackburn Rovers,,-2.22,-3.79,A,214,False,False,0.0
Blackburn Rovers,Wolverhampton Wanderers,1,1830.4,Touch,David GOODWILLIE,Blackburn Rovers,,0.06,-6.75,A,214,False,False,0.0
Blackburn Rovers,Wolverhampton Wanderers,1,1832.2,Touch,David GOODWILLIE,Blackburn Rovers,,-0.33,-12.17,A,214,False,False,0.0
Blackburn Rovers,Wolverhampton Wanderers,1,1833.2,Pass,David GOODWILLIE,Blackburn Rovers,,-2.4,-16.98,A,214,False,False,0.0
Blackburn Rovers,Wolverhampton Wanderers,1,1834.3,Touch,David HOILETT,Blackburn Rovers,,-11.65,-31.07,A,214,False,False,0.0
Blackburn Rovers,Wolverhampton Wanderers,1,1835.2,Touch,David HOILETT,Blackburn Rovers,,-11.4,-31.03,A,214,False,False,0.0
Blackburn Rovers,Wolverhampton Wanderers,1,1835.7,Touch,David HOILETT,Blackburn Rovers,,-12.62,-30.09,A,214,False,False,0.0
Blackburn Rovers,Wolverhampton Wanderers,1,1837.0,Touch,David HOILETT,Blackburn Rovers,,-16.82,-25.97,A,214,False,False,0.0
Blackburn Rovers,Wolverhampton Wanderers,1,1838.2,Touch,David HOILETT,Blackburn Rovers,,-20.41,-20.1,A,214,False,False,0.0
Blackburn Rovers,Wolverhampton Wanderers,1,1838.7,Pass,David HOILETT,Blackburn Rovers,,-22.4,-17.16,A,214,False,True,0.0
Blackburn Rovers,Wolverhampton Wanderers,1,1842.0,Ball Out Of Play,,,,-54.0,-14.0,U,-1,False,False,0.0
Blackburn Rovers,Wolverhampton Wanderers,1,1864.3,Goal Kick,Wayne HENNESSEY,Wolverhampton Wanderers,,-47.71,-5.36,B,215,False,True,0.0
Blackburn Rovers,Wolverhampton Wanderers,1,1868.2,Header,Steven N'ZONZI,Blackburn Rovers,,18.35,-20.59,A,216,True,False,0.0
Blackburn Rovers,Wolverhampton Wanderers,1,1870.7,Touch,Mauro FORMICA,Blackburn Rovers,,10.98,-4.59,A,216,False,False,0.0
Blackburn Rovers,Wolverhampton Wanderers,1,1871.3,Touch,Mauro FORMICA,Blackburn Rovers,,14.1,-5.23,A,216,False,False,0.0
Blackburn Rovers,Wolverhampton Wanderers,1,1872.4,Pass,Mauro FORMICA,Blackburn Rovers,,19.62,-4.39,A,216,False,False,0.0
Blackburn Rovers,Wolverhampton Wanderers,1,1874.2,Touch,Martin OLSSON,Blackburn Rovers,,16.43,14.63,A,216,False,False,0.0
Blackburn Rovers,Wolverhampton Wanderers,1,1876.1,Touch,Martin OLSSON,Blackburn Rovers,,3.42,21.3,A,216,False,False,0.0
Blackburn Rovers,Wolverhampton Wanderers,1,1876.7,Touch,Martin OLSSON,Blackburn Rovers,,1.56,23.4,A,216,False,False,0.0
Blackburn Rovers,Wolverhampton Wanderers,1,1877.7,Touch,Martin OLSSON,Blackburn Rovers,,2.81,25.57,A,216,False,False,0.0
Blackburn Rovers,Wolverhampton Wanderers,1,1878.2,Pass,Martin OLSSON,Blackburn Rovers,,3.28,25.91,A,216,False,False,0.0
Blackburn Rovers,Wolverhampton Wanderers,1,1879.2,Touch,Ruben ROCHINA,Blackburn Rovers,,3.95,18.9,A,216,False,False,0.0
Blackburn Rovers,Wolverhampton Wanderers,1,1879.7,Touch,Ruben ROCHINA,Blackburn Rovers,,3.17,19.65,A,216,False,False,0.0
Blackburn Rovers,Wolverhampton Wanderers,1,1880.2,Touch,Ruben ROCHINA,Blackburn Rovers,,3.72,19.24,A,216,False,False,0.0
Blackburn Rovers,Wolverhampton Wanderers,1,1881.0,Pass,Ruben ROCHINA,Blackburn Rovers,,6.26,17.0,A,216,False,False,0.0
Blackburn Rovers,Wolverhampton Wanderers,1,1882.7,Touch,Grant HANLEY,Blackburn Rovers,,23.62,10.04,A,216,False,False,0.0
Blackburn Rovers,Wolverhampton Wanderers,1,1883.3,Touch,Grant HANLEY,Blackburn Rovers,,23.57,9.32,A,216,False,False,0.0
Blackburn Rovers,Wolverhampton Wanderers,1,1885.1,Touch,Grant HANLEY,Blackburn Rovers,,19.99,5.54,A,216,False,False,0.0
Blackburn Rovers,Wolverhampton Wanderers,1,1887.1,Pass,Grant HANLEY,Blackburn Rovers,,13.49,2.63,A,216,False,True,0.0
Blackburn Rovers,Wolverhampton Wanderers,1,1889.3,Header,Christophe BERRA,Wolverhampton Wanderers,,-25.68,6.06,B,217,True,False,0.0
Blackburn Rovers,Wolverhampton Wanderers,1,1891.5,Clearance,Roger JOHNSON,Wolverhampton Wanderers,,-28.97,11.15,B,217,False,True,0.0
Blackburn Rovers,Wolverhampton Wanderers,1,1894.7,Ball Out Of Play,,,,-21.0,35.0,U,-1,False,False,0.0
Blackburn Rovers,Wolverhampton Wanderers,1,1900.8,Throw In,Martin OLSSON,Blackburn Rovers,,-14.71,34.0,A,218,False,False,0.0
Blackburn Rovers,Wolverhampton Wanderers,1,1901.7,Touch,Ruben ROCHINA,Blackburn Rovers,,-10.47,27.53,A,218,False,False,0.0
Blackburn Rovers,Wolverhampton Wanderers,1,1902.7,Touch,Ruben ROCHINA,Blackburn Rovers,,-11.66,27.67,A,218,False,False,0.0
Blackburn Rovers,Wolverhampton Wanderers,1,1903.8,Pass,Ruben ROCHINA,Blackburn Rovers,,-13.93,25.11,A,218,False,False,0.0
Blackburn Rovers,Wolverhampton Wanderers,1,1908.1,Clearance,George ELOKOBI,Wolverhampton Wanderers,,-41.65,-23.28,A,218,False,False,0.0
Blackburn Rovers,Wolverhampton Wanderers,1,1908.2,Block,Michel SALGADO,Blackburn Rovers,,-40.01,-24.0,A,218,False,False,0.0
Blackburn Rovers,Wolverhampton Wanderers,1,1909.9,Touch,Michel SALGADO,Blackburn Rovers,,-43.65,-30.36,A,218,False,False,0.0
Blackburn Rovers,Wolverhampton Wanderers,1,1910.5,Touch,Michel SALGADO,Blackburn Rovers,,-43.59,-31.89,A,218,False,False,0.0
Blackburn Rovers,Wolverhampton Wanderers,1,1911.2,Clearance,George ELOKOBI,Wolverhampton Wanderers,,-44.54,-31.16,A,218,False,False,0.0
Blackburn Rovers,Wolverhampton Wanderers,1,1913.6,Pass,Michel SALGADO,Blackburn Rovers,,-38.45,-31.83,A,218,False,False,0.0
Blackburn Rovers,Wolverhampton Wanderers,1,1914.7,Touch,David GOODWILLIE,Blackburn Rovers,,-38.21,-17.57,A,218,False,False,0.0
Blackburn Rovers,Wolverhampton Wanderers,1,1915.3,Touch,David GOODWILLIE,Blackburn Rovers,,-38.86,-19.24,A,218,False,False,0.0
Blackburn Rovers,Wolverhampton Wanderers,1,1916.1,Touch,David GOODWILLIE,Blackburn Rovers,,-40.89,-18.33,A,218,False,False,0.0
Blackburn Rovers,Wolverhampton Wanderers,1,1916.7,Touch,David GOODWILLIE,Blackburn Rovers,,-42.29,-17.18,A,218,False,False,0.0
Blackburn Rovers,Wolverhampton Wanderers,1,1917.5,Touch,David GOODWILLIE,Blackburn Rovers,,-44.96,-16.23,A,218,False,False,0.0
Blackburn Rovers,Wolverhampton Wanderers,1,1918.0,Cross,David GOODWILLIE,Blackburn Rovers,,-46.95,-15.62,A,218,False,False,0.0
Blackburn Rovers,Wolverhampton Wanderers,1,1918.1,Block,Christophe BERRA,Wolverhampton Wanderers,,-48.61,-12.83,A,218,False,False,0.0
Blackburn Rovers,Wolverhampton Wanderers,1,1918.6,Ball Out Of Play,,,,-54.0,-8.0,U,-1,False,False,0.0
Blackburn Rovers,Wolverhampton Wanderers,1,1938.6,Corner Cross,David DUNN,Blackburn Rovers,,-52.49,-32.99,A,219,False,True,0.0
Blackburn Rovers,Wolverhampton Wanderers,1,1940.1,Foul,George ELOKOBI,Wolverhampton Wanderers,Grant HANLEY,-47.07,1.89,U,-1,False,False,0.0
Blackburn Rovers,Wolverhampton Wanderers,1,1973.8,Direct Free Kick Pass,Wayne HENNESSEY,Wolverhampton Wanderers,,-46.24,1.33,B,220,False,False,0.0
Blackburn Rovers,Wolverhampton Wanderers,1,1978.1,Header,Steven N'ZONZI,Blackburn Rovers,,28.37,4.09,B,220,False,False,0.0
Blackburn Rovers,Wolverhampton Wanderers,1,1980.5,Header,Jamie O'HARA,Wolverhampton Wanderers,,24.72,5.02,B,220,False,False,0.0
Blackburn Rovers,Wolverhampton Wanderers,1,1981.2,Touch,Kevin DOYLE,Wolverhampton Wanderers,,31.3,2.77,B,220,False,False,0.0
Blackburn Rovers,Wolverhampton Wanderers,1,1982.2,Pass,Kevin DOYLE,Wolverhampton Wanderers,,30.97,3.94,B,220,False,False,0.0
Blackburn Rovers,Wolverhampton Wanderers,1,1982.5,Touch,Stephen HUNT,Wolverhampton Wanderers,,29.17,10.35,B,220,False,True,0.0
Blackburn Rovers,Wolverhampton Wanderers,1,1983.5,Pass,Martin OLSSON,Blackburn Rovers,,34.77,11.3,A,221,True,False,0.0
Blackburn Rovers,Wolverhampton Wanderers,1,1985.3,Pass,Ruben ROCHINA,Blackburn Rovers,,28.76,21.65,A,221,False,False,0.0
Blackburn Rovers,Wolverhampton Wanderers,1,1985.6,Block,Stephen HUNT,Wolverhampton Wanderers,,29.55,21.09,A,221,False,False,0.0
Blackburn Rovers,Wolverhampton Wanderers,1,1987.0,Ball Out Of Play,,,,31.0,35.0,U,-1,False,False,0.0
Blackburn Rovers,Wolverhampton Wanderers,1,1994.7,Throw In,Martin OLSSON,Blackburn Rovers,,19.41,34.0,A,222,False,False,0.0
Blackburn Rovers,Wolverhampton Wanderers,1,1995.5,Pass,Ruben ROCHINA,Blackburn Rovers,,14.6,29.1,A,222,False,False,0.0
Blackburn Rovers,Wolverhampton Wanderers,1,1996.1,Pass,Martin OLSSON,Blackburn Rovers,,22.1,31.32,A,222,False,True,0.0
Blackburn Rovers,Wolverhampton Wanderers,1,1998.6,Header,Jamie O'HARA,Wolverhampton Wanderers,,0.98,15.1,B,223,True,False,0.0
Blackburn Rovers,Wolverhampton Wanderers,1,2000.2,Pass,Karl HENRY,Wolverhampton Wanderers,,6.57,19.69,B,223,False,False,0.0
Blackburn Rovers,Wolverhampton Wanderers,1,2001.1,Tackle,Steven FLETCHER,Wolverhampton Wanderers,Grant HANLEY,17.87,16.45,B,223,False,False,0.0
Blackburn Rovers,Wolverhampton Wanderers,1,2002.1,Pass,Karl HENRY,Wolverhampton Wanderers,,11.28,20.34,B,223,False,True,0.0
Blackburn Rovers,Wolverhampton Wanderers,1,2006.0,Touch,Martin OLSSON,Blackburn Rovers,,38.91,25.6,B,223,True,False,0.0
Blackburn Rovers,Wolverhampton Wanderers,1,2006.3,Foul,Martin OLSSON,Blackburn Rovers,Kevin DOYLE,39.41,26.2,U,-1,False,False,0.0
Blackburn Rovers,Wolverhampton Wanderers,1,2021.4,Direct Free Kick Pass,Paul ROBINSON,Blackburn Rovers,,38.38,30.67,A,224,False,False,0.0
Blackburn Rovers,Wolverhampton Wanderers,1,2025.1,Header,Roger JOHNSON,Wolverhampton Wanderers,,-22.53,15.9,A,224,False,False,0.0
Blackburn Rovers,Wolverhampton Wanderers,1,2030.3,Pass,David DUNN,Blackburn Rovers,,-7.75,2.14,A,224,False,True,0.0
Blackburn Rovers,Wolverhampton Wanderers,1,2031.7,Touch,Stephen WARD,Wolverhampton Wanderers,,-9.86,-7.93,B,225,True,False,0.0
Blackburn Rovers,Wolverhampton Wanderers,1,2032.7,Touch,Stephen WARD,Wolverhampton Wanderers,,-5.48,-10.04,B,225,False,False,0.0
Blackburn Rovers,Wolverhampton Wanderers,1,2033.9,Touch,Stephen WARD,Wolverhampton Wanderers,,2.31,-14.23,B,225,False,False,0.0
Blackburn Rovers,Wolverhampton Wanderers,1,2034.8,Touch,Stephen WARD,Wolverhampton Wanderers,,8.99,-15.24,B,225,False,False,0.0
Blackburn Rovers,Wolverhampton Wanderers,1,2035.5,Touch,Stephen WARD,Wolverhampton Wanderers,,14.65,-14.54,B,225,False,False,0.0
Blackburn Rovers,Wolverhampton Wanderers,1,2037.0,Pass,Stephen WARD,Wolverhampton Wanderers,,24.85,-12.06,B,225,False,False,0.0
Blackburn Rovers,Wolverhampton Wanderers,1,2038.2,Touch,Steven FLETCHER,Wolverhampton Wanderers,,39.08,-12.39,B,225,False,False,0.0
Blackburn Rovers,Wolverhampton Wanderers,1,2039.7,Touch,Steven FLETCHER,Wolverhampton Wanderers,,42.13,-17.05,B,225,False,False,0.0
Blackburn Rovers,Wolverhampton Wanderers,1,2041.0,Touch,Steven FLETCHER,Wolverhampton Wanderers,,46.54,-18.49,B,225,False,False,0.0
Blackburn Rovers,Wolverhampton Wanderers,1,2041.6,Cross,Steven FLETCHER,Wolverhampton Wanderers,,47.7,-18.67,B,225,False,False,0.0
Blackburn Rovers,Wolverhampton Wanderers,1,2041.7,Block,Grant HANLEY,Blackburn Rovers,,47.82,-16.01,B,225,False,False,0.0
Blackburn Rovers,Wolverhampton Wanderers,1,2042.3,Ball Out Of Play,,,,54.0,-22.0,U,-1,False,False,0.0
Blackburn Rovers,Wolverhampton Wanderers,1,2078.2,Corner Cross,Stephen HUNT,Wolverhampton Wanderers,,52.51,-32.74,B,226,False,False,0.0
Blackburn Rovers,Wolverhampton Wanderers,1,2079.7,Header,David GOODWILLIE,Blackburn Rovers,,46.89,-3.45,B,226,False,False,0.0
Blackburn Rovers,Wolverhampton Wanderers,1,2083.0,Touch,Karl HENRY,Wolverhampton Wanderers,,19.29,16.94,B,226,False,False,0.0
Blackburn Rovers,Wolverhampton Wanderers,1,2084.5,Touch,Karl HENRY,Wolverhampton Wanderers,,27.96,22.7,B,226,False,False,0.0
Blackburn Rovers,Wolverhampton Wanderers,1,2085.5,Touch,Karl HENRY,Wolverhampton Wanderers,,34.71,23.87,B,226,False,False,0.0
Blackburn Rovers,Wolverhampton Wanderers,1,2086.1,Touch,Karl HENRY,Wolverhampton Wanderers,,37.24,22.8,B,226,False,True,0.0
Blackburn Rovers,Wolverhampton Wanderers,1,2086.7,Tackle,Karl HENRY,Wolverhampton Wanderers,Mauro FORMICA,38.36,21.31,A,227,True,False,0.0
Blackburn Rovers,Wolverhampton Wanderers,1,2087.8,Touch,Mauro FORMICA,Blackburn Rovers,,41.18,22.21,A,227,False,False,0.0
Blackburn Rovers,Wolverhampton Wanderers,1,2089.8,Touch,Mauro FORMICA,Blackburn Rovers,,49.78,20.05,A,227,False,False,0.0
Blackburn Rovers,Wolverhampton Wanderers,1,2090.3,Touch,Mauro FORMICA,Blackburn Rovers,,50.28,20.25,A,227,False,False,0.0
Blackburn Rovers,Wolverhampton Wanderers,1,2092.0,Pass,Mauro FORMICA,Blackburn Rovers,,49.29,25.05,A,227,False,True,0.0
Blackburn Rovers,Wolverhampton Wanderers,1,2094.1,Ball Out Of Play,,,,30.0,35.0,U,-1,False,False,0.0
Blackburn Rovers,Wolverhampton Wanderers,1,2110.0,Throw In,Kevin FOLEY,Wolverhampton Wanderers,,25.36,34.0,B,228,False,False,0.0
Blackburn Rovers,Wolverhampton Wanderers,1,2111.7,Touch,Kevin DOYLE,Wolverhampton Wanderers,,36.62,30.37,B,228,False,False,0.0
Blackburn Rovers,Wolverhampton Wanderers,1,2113.0,Touch,Kevin DOYLE,Wolverhampton Wanderers,,34.66,31.59,B,228,False,False,0.0
Blackburn Rovers,Wolverhampton Wanderers,1,2115.0,Tackle,Martin OLSSON,Blackburn Rovers,Kevin DOYLE,36.71,31.78,B,228,False,False,0.0
Blackburn Rovers,Wolverhampton Wanderers,1,2115.1,Touch,Kevin DOYLE,Wolverhampton Wanderers,,34.68,32.17,B,228,False,True,0.0
Blackburn Rovers,Wolverhampton Wanderers,1,2115.3,Ball Out Of Play,,,,36.0,35.0,U,-1,False,False,0.0
Blackburn Rovers,Wolverhampton Wanderers,1,2121.8,Throw In,Martin OLSSON,Blackburn Rovers,,33.9,34.0,A,229,False,False,0.0
Blackburn Rovers,Wolverhampton Wanderers,1,2123.3,Pass,David DUNN,Blackburn Rovers,,28.25,21.87,A,229,False,False,0.0
Blackburn Rovers,Wolverhampton Wanderers,1,2124.2,Touch,Martin OLSSON,Blackburn Rovers,,30.38,32.2,A,229,False,False,0.0
Blackburn Rovers,Wolverhampton Wanderers,1,2125.5,Pass,Martin OLSSON,Blackburn Rovers,,23.8,31.38,A,229,False,True,0.0
Blackburn Rovers,Wolverhampton Wanderers,1,2129.9,Ball Out Of Play,,,,-26.0,35.0,U,-1,False,False,0.0
Blackburn Rovers,Wolverhampton Wanderers,1,2144.3,Throw In,Kevin FOLEY,Wolverhampton Wanderers,,-20.19,33.97,B,230,False,False,0.0
Blackburn Rovers,Wolverhampton Wanderers,1,2146.5,Header,Grant HANLEY,Blackburn Rovers,,7.32,30.11,B,230,False,False,0.0
Blackburn Rovers,Wolverhampton Wanderers,1,2148.4,Touch,Stephen HUNT,Wolverhampton Wanderers,,7.11,20.35,B,230,False,False,0.0
Blackburn Rovers,Wolverhampton Wanderers,1,2149.8,Pass,Stephen HUNT,Wolverhampton Wanderers,,9.0,12.43,B,230,False,False,0.0
Blackburn Rovers,Wolverhampton Wanderers,1,2151.9,Pass,Stephen WARD,Wolverhampton Wanderers,,5.89,-7.91,B,230,False,False,0.0
Blackburn Rovers,Wolverhampton Wanderers,1,2153.3,Pass,Stephen HUNT,Wolverhampton Wanderers,,16.38,-1.5,B,230,False,False,0.0
Blackburn Rovers,Wolverhampton Wanderers,1,2155.0,Touch,George ELOKOBI,Wolverhampton Wanderers,,-3.46,-19.95,B,230,False,False,0.0
Blackburn Rovers,Wolverhampton Wanderers,1,2156.1,Pass,George ELOKOBI,Wolverhampton Wanderers,,-3.97,-20.15,B,230,False,False,0.0
Blackburn Rovers,Wolverhampton Wanderers,1,2157.2,Touch,Jamie O'HARA,Wolverhampton Wanderers,,-2.03,-8.96,B,230,False,False,0.0
Blackburn Rovers,Wolverhampton Wanderers,1,2157.8,Touch,Jamie O'HARA,Wolverhampton Wanderers,,-2.44,-10.42,B,230,False,False,0.0
Blackburn Rovers,Wolverhampton Wanderers,1,2159.2,Pass,Jamie O'HARA,Wolverhampton Wanderers,,-1.97,-13.81,B,230,False,False,0.0
Blackburn Rovers,Wolverhampton Wanderers,1,2160.3,Touch,George ELOKOBI,Wolverhampton Wanderers,,-8.73,-25.02,B,230,False,False,0.0
Blackburn Rovers,Wolverhampton Wanderers,1,2161.7,Pass,George ELOKOBI,Wolverhampton Wanderers,,-7.92,-26.04,B,230,False,False,0.0
Blackburn Rovers,Wolverhampton Wanderers,1,2163.5,Pass,Stephen WARD,Wolverhampton Wanderers,,17.97,-28.9,B,230,False,False,0.0
Blackburn Rovers,Wolverhampton Wanderers,1,2164.3,Pass,Stephen HUNT,Wolverhampton Wanderers,,10.88,-29.06,B,230,False,False,0.0
Blackburn Rovers,Wolverhampton Wanderers,1,2165.1,Touch,Jamie O'HARA,Wolverhampton Wanderers,,14.83,-19.36,B,230,False,False,0.0
Blackburn Rovers,Wolverhampton Wanderers,1,2166.0,Tackle,Jamie O'HARA,Wolverhampton Wanderers,Michel SALGADO,16.48,-22.52,B,230,False,False,0.0
Blackburn Rovers,Wolverhampton Wanderers,1,2168.2,Pass,George ELOKOBI,Wolverhampton Wanderers,,5.69,-22.8,B,230,False,False,0.0
Blackburn Rovers,Wolverhampton Wanderers,1,2169.3,Touch,Karl HENRY,Wolverhampton Wanderers,,2.49,-8.73,B,230,False,False,0.0
Blackburn Rovers,Wolverhampton Wanderers,1,2169.8,Touch,Karl HENRY,Wolverhampton Wanderers,,2.95,-8.57,B,230,False,False,0.0
Blackburn Rovers,Wolverhampton Wanderers,1,2170.2,Touch,Karl HENRY,Wolverhampton Wanderers,,3.16,-8.53,B,230,False,False,0.0
Blackburn Rovers,Wolverhampton Wanderers,1,2171.0,Touch,Karl HENRY,Wolverhampton Wanderers,,4.22,-6.95,B,230,False,False,0.0
Blackburn Rovers,Wolverhampton Wanderers,1,2172.0,Pass,Karl HENRY,Wolverhampton Wanderers,,6.7,-2.28,B,230,False,False,0.0
Blackburn Rovers,Wolverhampton Wanderers,1,2173.8,Touch,Kevin FOLEY,Wolverhampton Wanderers,,14.07,15.72,B,230,False,False,0.0
Blackburn Rovers,Wolverhampton Wanderers,1,2174.4,Touch,Kevin FOLEY,Wolverhampton Wanderers,,17.12,15.29,B,230,False,False,0.0
Blackburn Rovers,Wolverhampton Wanderers,1,2175.1,Touch,Kevin FOLEY,Wolverhampton Wanderers,,20.9,14.06,B,230,False,False,0.0
Blackburn Rovers,Wolverhampton Wanderers,1,2176.2,Pass,Kevin FOLEY,Wolverhampton Wanderers,,27.7,11.19,B,230,False,False,0.0
Blackburn Rovers,Wolverhampton Wanderers,1,2178.2,Cross,Kevin DOYLE,Wolverhampton Wanderers,,43.09,21.73,B,230,False,False,0.0
Blackburn Rovers,Wolverhampton Wanderers,1,2178.4,Block,Martin OLSSON,Blackburn Rovers,,44.3,14.32,B,230,False,False,0.0
Blackburn Rovers,Wolverhampton Wanderers,1,2178.9,Ball Out Of Play,,,,55.0,15.0,U,-1,False,False,0.0
Blackburn Rovers,Wolverhampton Wanderers,1,2212.6,Corner Cross,Stephen HUNT,Wolverhampton Wanderers,,52.5,32.93,B,231,False,True,0.0
Blackburn Rovers,Wolverhampton Wanderers,1,2214.2,Header,Grant HANLEY,Blackburn Rovers,,47.08,-2.17,A,232,True,False,0.0
Blackburn Rovers,Wolverhampton Wanderers,1,2218.7,Clearance,Steven N'ZONZI,Blackburn Rovers,,47.96,-26.95,A,232,False,True,0.0
Blackburn Rovers,Wolverhampton Wanderers,1,2221.7,Header,Karl HENRY,Wolverhampton Wanderers,,3.28,-19.15,B,233,True,False,0.0
Blackburn Rovers,Wolverhampton Wanderers,1,2223.0,Pass,Jamie O'HARA,Wolverhampton Wanderers,,14.34,-20.69,B,233,False,False,0.0
Blackburn Rovers,Wolverhampton Wanderers,1,2226.2,Pass,Kevin FOLEY,Wolverhampton Wanderers,,-12.8,-4.59,B,233,False,False,0.0
Blackburn Rovers,Wolverhampton Wanderers,1,2231.1,Pass,Wayne HENNESSEY,Wolverhampton Wanderers,,-45.45,4.13,B,233,False,True,0.0
Blackburn Rovers,Wolverhampton Wanderers,1,2235.4,Header,Grant HANLEY,Blackburn Rovers,,23.38,1.84,A,234,True,False,0.0
Blackburn Rovers,Wolverhampton Wanderers,1,2237.6,Touch,Michel SALGADO,Blackburn Rovers,,22.49,-10.85,A,234,False,False,0.0
Blackburn Rovers,Wolverhampton Wanderers,1,2238.4,Pass,Michel SALGADO,Blackburn Rovers,,23.01,-10.87,A,234,False,False,0.0
Blackburn Rovers,Wolverhampton Wanderers,1,2239.8,Pass,Grant HANLEY,Blackburn Rovers,,27.06,3.78,A,234,False,False,0.0
Blackburn Rovers,Wolverhampton Wanderers,1,2241.3,Touch,Steven N'ZONZI,Blackburn Rovers,,31.28,-6.24,A,234,False,False,0.0
Blackburn Rovers,Wolverhampton Wanderers,1,2242.2,Pass,Steven N'ZONZI,Blackburn Rovers,,30.61,-5.84,A,234,False,False,0.0
Blackburn Rovers,Wolverhampton Wanderers,1,2243.1,Touch,David DUNN,Blackburn Rovers,,18.51,-1.22,A,234,False,False,0.0
Blackburn Rovers,Wolverhampton Wanderers,1,2243.6,Pass,David DUNN,Blackburn Rovers,,18.59,-2.64,A,234,False,False,0.0
Blackburn Rovers,Wolverhampton Wanderers,1,2244.5,Touch,Michel SALGADO,Blackburn Rovers,,16.46,-14.34,A,234,False,False,0.0
Blackburn Rovers,Wolverhampton Wanderers,1,2245.2,Touch,Michel SALGADO,Blackburn Rovers,,16.59,-13.76,A,234,False,False,0.0
Blackburn Rovers,Wolverhampton Wanderers,1,2245.8,Touch,Michel SALGADO,Blackburn Rovers,,16.57,-12.87,A,234,False,False,0.0
Blackburn Rovers,Wolverhampton Wanderers,1,2246.7,Pass,Michel SALGADO,Blackburn Rovers,,16.32,-11.47,A,234,False,False,0.0
Blackburn Rovers,Wolverhampton Wanderers,1,2248.6,Touch,Grant HANLEY,Blackburn Rovers,,22.14,11.13,A,234,False,False,0.0
Blackburn Rovers,Wolverhampton Wanderers,1,2251.0,Touch,Grant HANLEY,Blackburn Rovers,,16.38,12.68,A,234,False,False,0.0
Blackburn Rovers,Wolverhampton Wanderers,1,2252.3,Pass,Grant HANLEY,Blackburn Rovers,,13.92,10.03,A,234,False,False,0.0
Blackburn Rovers,Wolverhampton Wanderers,1,2253.4,Touch,David DUNN,Blackburn Rovers,,4.36,0.65,A,234,False,False,0.0
Blackburn Rovers,Wolverhampton Wanderers,1,2254.6,Pass,David DUNN,Blackburn Rovers,,4.13,6.88,A,234,False,False,0.0
Blackburn Rovers,Wolverhampton Wanderers,1,2256.2,Touch,Martin OLSSON,Blackburn Rovers,,-5.34,28.7,A,234,False,False,0.0
Blackburn Rovers,Wolverhampton Wanderers,1,2256.8,Foul,Martin OLSSON,Blackburn Rovers,Stephen HUNT,-4.78,27.93,U,-1,False,False,0.0
Blackburn Rovers,Wolverhampton Wanderers,1,2276.5,Direct Free Kick Pass,David DUNN,Blackburn Rovers,,-0.61,28.6,A,235,False,False,0.0
Blackburn Rovers,Wolverhampton Wanderers,1,2278.8,Pass,Jason ROBERTS,Blackburn Rovers,,-30.52,7.63,A,235,False,False,0.0
Blackburn Rovers,Wolverhampton Wanderers,1,2280.3,Touch,David GOODWILLIE,Blackburn Rovers,,-38.67,12.27,A,235,False,False,0.0
Blackburn Rovers,Wolverhampton Wanderers,1,2280.8,Dribble,David GOODWILLIE,Blackburn Rovers,,-39.01999999999979,11.811666666666945,A,235,False,False,0.0
Blackburn Rovers,Wolverhampton Wanderers,1,2280.9,Shot,David GOODWILLIE,Blackburn Rovers,,-39.09,11.72,A,235,False,True,0.0539623172097063
Blackburn Rovers,Wolverhampton Wanderers,1,2282.0,Ball Out Of Play,,,,-54.0,-6.0,U,-1,False,False,0.0
Blackburn Rovers,Wolverhampton Wanderers,1,2303.7,Substitution,Mauro FORMICA,Blackburn Rovers,Nick BLACKMAN,-1.61,32.29,U,-1,False,False,0.0
Blackburn Rovers,Wolverhampton Wanderers,1,2320.1,Goal Kick,Wayne HENNESSEY,Wolverhampton Wanderers,,-49.43,7.0,B,236,False,False,0.0
Blackburn Rovers,Wolverhampton Wanderers,1,2324.0,Header,Grant HANLEY,Blackburn Rovers,,21.78,10.79,B,236,False,False,0.0
Blackburn Rovers,Wolverhampton Wanderers,1,2325.9,Pass,Stephen WARD,Wolverhampton Wanderers,,6.87,3.2,B,236,False,False,0.0
Blackburn Rovers,Wolverhampton Wanderers,1,2327.0,Pass,Karl HENRY,Wolverhampton Wanderers,,4.63,8.8,B,236,False,False,0.0
Blackburn Rovers,Wolverhampton Wanderers,1,2327.6,Pass,Stephen WARD,Wolverhampton Wanderers,,5.19,4.05,B,236,False,False,0.0
Blackburn Rovers,Wolverhampton Wanderers,1,2328.9,Touch,Kevin FOLEY,Wolverhampton Wanderers,,-2.39,17.66,B,236,False,False,0.0
Blackburn Rovers,Wolverhampton Wanderers,1,2330.3,Pass,Kevin FOLEY,Wolverhampton Wanderers,,-0.37,13.79,B,236,False,True,0.0
Blackburn Rovers,Wolverhampton Wanderers,1,2334.0,Ball Out Of Play,,,,44.0,35.0,U,-1,False,False,0.0
Blackburn Rovers,Wolverhampton Wanderers,1,2342.6,Throw In,Martin OLSSON,Blackburn Rovers,,36.62,34.0,A,237,False,True,0.0
Blackburn Rovers,Wolverhampton Wanderers,1,2346.5,Header,Roger JOHNSON,Wolverhampton Wanderers,,0.29,25.79,B,238,True,False,0.0
Blackburn Rovers,Wolverhampton Wanderers,1,2348.3,Tackle,Jason ROBERTS,Blackburn Rovers,Kevin FOLEY,0.18,26.42,B,238,False,False,0.0
Blackburn Rovers,Wolverhampton Wanderers,1,2348.8,Touch,Stephen HUNT,Wolverhampton Wanderers,,1.15,25.39,B,238,False,False,0.0
Blackburn Rovers,Wolverhampton Wanderers,1,2349.9,Pass,Stephen HUNT,Wolverhampton Wanderers,,1.69,22.88,B,238,False,False,0.0
Blackburn Rovers,Wolverhampton Wanderers,1,2351.1,Pass,Steven FLETCHER,Wolverhampton Wanderers,,15.84,19.33,B,238,False,False,0.0
Blackburn Rovers,Wolverhampton Wanderers,1,2352.3,Touch,Stephen HUNT,Wolverhampton Wanderers,,12.57,24.72,B,238,False,False,0.0
Blackburn Rovers,Wolverhampton Wanderers,1,2353.6,Touch,Stephen HUNT,Wolverhampton Wanderers,,20.72,26.51,B,238,False,False,0.0
Blackburn Rovers,Wolverhampton Wanderers,1,2355.2,Touch,Stephen HUNT,Wolverhampton Wanderers,,31.67,26.38,B,238,False,False,0.0
Blackburn Rovers,Wolverhampton Wanderers,1,2355.6,Pass,Stephen HUNT,Wolverhampton Wanderers,,33.95,25.42,B,238,False,True,0.0
Blackburn Rovers,Wolverhampton Wanderers,1,2355.7,Offside,Kevin FOLEY,Wolverhampton Wanderers,,38.5,30.9,U,-1,False,False,0.0
Blackburn Rovers,Wolverhampton Wanderers,1,2368.1,Indirect Free Kick Pass,Paul ROBINSON,Blackburn Rovers,,45.86,28.3,A,239,False,False,0.0
Blackburn Rovers,Wolverhampton Wanderers,1,2371.7,Header,Christophe BERRA,Wolverhampton Wanderers,,-15.8,9.94,A,239,False,False,0.0
Blackburn Rovers,Wolverhampton Wanderers,1,2374.1,Touch,David DUNN,Blackburn Rovers,,4.49,16.11,A,239,False,False,0.0
Blackburn Rovers,Wolverhampton Wanderers,1,2374.7,Pass,David DUNN,Blackburn Rovers,,4.97,16.43,A,239,False,False,0.0
Blackburn Rovers,Wolverhampton Wanderers,1,2375.8,Touch,Martin OLSSON,Blackburn Rovers,,6.9,22.81,A,239,False,False,0.0
Blackburn Rovers,Wolverhampton Wanderers,1,2377.5,Pass,Martin OLSSON,Blackburn Rovers,,4.34,26.3,A,239,False,True,0.0
Blackburn Rovers,Wolverhampton Wanderers,1,2380.7,Touch,George ELOKOBI,Wolverhampton Wanderers,,-37.31,-10.59,B,240,True,False,0.0
Blackburn Rovers,Wolverhampton Wanderers,1,2382.8,Goalkeeper Pick Up,Wayne HENNESSEY,Wolverhampton Wanderers,,-47.88,-10.9,B,240,False,False,0.0
Blackburn Rovers,Wolverhampton Wanderers,1,2395.1,Goalkeeper Kick,Wayne HENNESSEY,Wolverhampton Wanderers,,-38.3,6.23,B,240,False,False,0.0
Blackburn Rovers,Wolverhampton Wanderers,1,2401.8,Touch,Stephen WARD,Wolverhampton Wanderers,,9.62,-29.81,B,240,False,True,0.0
Blackburn Rovers,Wolverhampton Wanderers,1,2402.3,Ball Out Of Play,,,,8.0,-34.0,U,-1,False,False,0.0
Blackburn Rovers,Wolverhampton Wanderers,1,2405.7,Throw In,Michel SALGADO,Blackburn Rovers,,6.37,-33.92,A,241,False,False,0.0
Blackburn Rovers,Wolverhampton Wanderers,1,2406.8,Touch,David GOODWILLIE,Blackburn Rovers,,-8.25,-23.3,A,241,False,False,0.0
Blackburn Rovers,Wolverhampton Wanderers,1,2407.3,Touch,David GOODWILLIE,Blackburn Rovers,,-7.92,-24.63,A,241,False,False,0.0
Blackburn Rovers,Wolverhampton Wanderers,1,2407.7,Touch,David GOODWILLIE,Blackburn Rovers,,-7.7,-25.7,A,241,False,False,0.0
Blackburn Rovers,Wolverhampton Wanderers,1,2408.3,Tackle,David GOODWILLIE,Blackburn Rovers,Jamie O'HARA,-7.6,-27.63,A,241,False,False,0.0
Blackburn Rovers,Wolverhampton Wanderers,1,2408.8,Touch,Christophe BERRA,Wolverhampton Wanderers,,-9.84,-27.8,A,241,False,False,0.0
Blackburn Rovers,Wolverhampton Wanderers,1,2409.7,Tackle,Christophe BERRA,Wolverhampton Wanderers,David GOODWILLIE,-11.38,-29.58,A,241,False,False,0.0
Blackburn Rovers,Wolverhampton Wanderers,1,2410.9,Touch,David GOODWILLIE,Blackburn Rovers,,-14.52,-30.65,A,241,False,True,0.0
Blackburn Rovers,Wolverhampton Wanderers,1,2413.0,Touch,George ELOKOBI,Wolverhampton Wanderers,,-27.54,-31.74,B,242,True,False,0.0
Blackburn Rovers,Wolverhampton Wanderers,1,2413.4,Touch,George ELOKOBI,Wolverhampton Wanderers,,-29.13,-31.33,B,242,False,False,0.0
Blackburn Rovers,Wolverhampton Wanderers,1,2414.8,Touch,George ELOKOBI,Wolverhampton Wanderers,,-36.44,-28.62,B,242,False,False,0.0
Blackburn Rovers,Wolverhampton Wanderers,1,2415.3,Touch,George ELOKOBI,Wolverhampton Wanderers,,-38.81,-27.4,B,242,False,True,0.0
Blackburn Rovers,Wolverhampton Wanderers,1,2415.4,Tackle,George ELOKOBI,Wolverhampton Wanderers,David GOODWILLIE,-39.26,-27.18,A,243,True,False,0.0
Blackburn Rovers,Wolverhampton Wanderers,1,2416.9,Cross,David GOODWILLIE,Blackburn Rovers,,-46.66,-25.68,A,243,False,False,0.0
Blackburn Rovers,Wolverhampton Wanderers,1,2417.0,Block,Christophe BERRA,Wolverhampton Wanderers,,-47.18,-22.62,A,243,False,False,0.0
Blackburn Rovers,Wolverhampton Wanderers,1,2417.8,Ball Out Of Play,,,,-55.0,-17.0,U,-1,False,False,0.0
Blackburn Rovers,Wolverhampton Wanderers,1,2436.4,Corner Cross,David DUNN,Blackburn Rovers,,-52.67,-33.08,A,244,False,False,0.0
Blackburn Rovers,Wolverhampton Wanderers,1,2437.5,Header,Kevin DOYLE,Wolverhampton Wanderers,,-48.36,-5.4,A,244,False,False,0.0
Blackburn Rovers,Wolverhampton Wanderers,1,2443.5,Pass,Michel SALGADO,Blackburn Rovers,,-11.14,-23.24,A,244,False,False,0.0
Blackburn Rovers,Wolverhampton Wanderers,1,2445.3,Pass,Ruben ROCHINA,Blackburn Rovers,,-7.95,-13.16,A,244,False,False,0.0
Blackburn Rovers,Wolverhampton Wanderers,1,2448.2,Pass,Martin OLSSON,Blackburn Rovers,,5.47,5.47,A,244,False,True,0.0
Blackburn Rovers,Wolverhampton Wanderers,1,2451.3,Goalkeeper Catch,Wayne HENNESSEY,Wolverhampton Wanderers,,-41.49,1.81,B,245,True,False,0.0
Blackburn Rovers,Wolverhampton Wanderers,1,2461.9,Goalkeeper Kick,Wayne HENNESSEY,Wolverhampton Wanderers,,-38.63,10.1,B,245,False,False,0.0
Blackburn Rovers,Wolverhampton Wanderers,1,2466.1,Header,Martin OLSSON,Blackburn Rovers,,22.31,19.68,B,245,False,False,0.0
Blackburn Rovers,Wolverhampton Wanderers,1,2467.4,Touch,Jamie O'HARA,Wolverhampton Wanderers,,17.02,16.07,B,245,False,False,0.0
Blackburn Rovers,Wolverhampton Wanderers,1,2468.2,Touch,Jamie O'HARA,Wolverhampton Wanderers,,21.17,16.24,B,245,False,False,0.0
Blackburn Rovers,Wolverhampton Wanderers,1,2468.8,Touch,Jamie O'HARA,Wolverhampton Wanderers,,24.87,15.72,B,245,False,False,0.0
Blackburn Rovers,Wolverhampton Wanderers,1,2469.3,Touch,Jamie O'HARA,Wolverhampton Wanderers,,27.21,14.79,B,245,False,False,0.0
Blackburn Rovers,Wolverhampton Wanderers,1,2470.0,Touch,Jamie O'HARA,Wolverhampton Wanderers,,28.97,12.37,B,245,False,False,0.0
Blackburn Rovers,Wolverhampton Wanderers,1,2470.5,Pass,Jamie O'HARA,Wolverhampton Wanderers,,29.31,9.81,B,245,False,False,0.0
Blackburn Rovers,Wolverhampton Wanderers,1,2471.4,Tackle,Michel SALGADO,Blackburn Rovers,Kevin DOYLE,27.4,-1.4,B,245,False,True,0.0
Blackburn Rovers,Wolverhampton Wanderers,1,2472.5,Touch,David DUNN,Blackburn Rovers,,21.64,-4.59,A,246,True,False,0.0
Blackburn Rovers,Wolverhampton Wanderers,1,2473.9,Pass,David DUNN,Blackburn Rovers,,21.5,-12.02,A,246,False,False,0.0
Blackburn Rovers,Wolverhampton Wanderers,1,2475.6,Touch,David HOILETT,Blackburn Rovers,,-0.29,-25.09,A,246,False,False,0.0
Blackburn Rovers,Wolverhampton Wanderers,1,2476.8,Touch,David HOILETT,Blackburn Rovers,,-2.38,-24.31,A,246,False,False,0.0
Blackburn Rovers,Wolverhampton Wanderers,1,2477.5,Touch,David HOILETT,Blackburn Rovers,,-3.35,-22.35,A,246,False,False,0.0
Blackburn Rovers,Wolverhampton Wanderers,1,2477.9,Touch,David HOILETT,Blackburn Rovers,,-3.84,-20.74,A,246,False,False,0.0
Blackburn Rovers,Wolverhampton Wanderers,1,2478.7,Touch,David HOILETT,Blackburn Rovers,,-4.57,-16.74,A,246,False,False,0.0
Blackburn Rovers,Wolverhampton Wanderers,1,2479.6,Pass,David HOILETT,Blackburn Rovers,,-5.13,-12.38,A,246,False,False,0.0
Blackburn Rovers,Wolverhampton Wanderers,1,2482.8,Touch,Nick BLACKMAN,Blackburn Rovers,,-6.67,26.34,A,246,False,False,0.0
Blackburn Rovers,Wolverhampton Wanderers,1,2484.5,Pass,Nick BLACKMAN,Blackburn Rovers,,-10.01,25.6,A,246,False,False,0.0
Blackburn Rovers,Wolverhampton Wanderers,1,2485.9,Touch,Ruben ROCHINA,Blackburn Rovers,,-9.91,13.67,A,246,False,False,0.0
Blackburn Rovers,Wolverhampton Wanderers,1,2486.4,Touch,Ruben ROCHINA,Blackburn Rovers,,-8.81,13.44,A,246,False,False,0.0
Blackburn Rovers,Wolverhampton Wanderers,1,2487.1,Pass,Ruben ROCHINA,Blackburn Rovers,,-8.2,12.09,A,246,False,False,0.0
Blackburn Rovers,Wolverhampton Wanderers,1,2488.1,Touch,David DUNN,Blackburn Rovers,,-7.33,5.04,A,246,False,False,0.0
Blackburn Rovers,Wolverhampton Wanderers,1,2488.6,Pass,David DUNN,Blackburn Rovers,,-8.07,5.75,A,246,False,False,0.0
Blackburn Rovers,Wolverhampton Wanderers,1,2489.6,Touch,David HOILETT,Blackburn Rovers,,-24.31,12.96,A,246,False,False,0.0
Blackburn Rovers,Wolverhampton Wanderers,1,2490.2,Touch,David HOILETT,Blackburn Rovers,,-24.05,12.35,A,246,False,False,0.0
Blackburn Rovers,Wolverhampton Wanderers,1,2490.6,Touch,David HOILETT,Blackburn Rovers,,-24.29,12.92,A,246,False,False,0.0
Blackburn Rovers,Wolverhampton Wanderers,1,2491.1,Pass,David HOILETT,Blackburn Rovers,,-24.7,14.08,A,246,False,False,0.0
Blackburn Rovers,Wolverhampton Wanderers,1,2492.9,Touch,Nick BLACKMAN,Blackburn Rovers,,-32.39,31.5,A,246,False,False,0.0
Blackburn Rovers,Wolverhampton Wanderers,1,2493.6,Touch,Nick BLACKMAN,Blackburn Rovers,,-34.35,29.67,A,246,False,False,0.0
Blackburn Rovers,Wolverhampton Wanderers,1,2494.2,Touch,Nick BLACKMAN,Blackburn Rovers,,-35.9,27.2,A,246,False,False,0.0
Blackburn Rovers,Wolverhampton Wanderers,1,2495.1,Touch,Nick BLACKMAN,Blackburn Rovers,,-38.91,23.4,A,246,False,False,0.0
Blackburn Rovers,Wolverhampton Wanderers,1,2496.2,Touch,Nick BLACKMAN,Blackburn Rovers,,-42.36,19.14,A,246,False,True,0.0
Blackburn Rovers,Wolverhampton Wanderers,1,2497.7,Tackle,Nick BLACKMAN,Blackburn Rovers,Kevin FOLEY,-49.51,16.48,B,247,True,False,0.0
Blackburn Rovers,Wolverhampton Wanderers,1,2498.9,Touch,Kevin FOLEY,Wolverhampton Wanderers,,-50.14,17.93,B,247,False,False,0.0
Blackburn Rovers,Wolverhampton Wanderers,1,2500.0,Pass,Kevin FOLEY,Wolverhampton Wanderers,,-47.99,20.0,B,247,False,False,0.0
Blackburn Rovers,Wolverhampton Wanderers,1,2503.2,Header,Steven FLETCHER,Wolverhampton Wanderers,,-1.83,30.95,B,247,False,False,0.0
Blackburn Rovers,Wolverhampton Wanderers,1,2503.8,Pass,Steven FLETCHER,Wolverhampton Wanderers,,0.39,31.93,B,247,False,False,0.0
Blackburn Rovers,Wolverhampton Wanderers,1,2505.6,Touch,Kevin DOYLE,Wolverhampton Wanderers,,-2.22,24.98,B,247,False,False,0.0
Blackburn Rovers,Wolverhampton Wanderers,1,2506.9,Touch,Kevin DOYLE,Wolverhampton Wanderers,,4.06,25.12,B,247,False,False,0.0
Blackburn Rovers,Wolverhampton Wanderers,1,2507.6,Touch,Kevin DOYLE,Wolverhampton Wanderers,,8.48,24.97,B,247,False,False,0.0
Blackburn Rovers,Wolverhampton Wanderers,1,2508.2,Touch,Kevin DOYLE,Wolverhampton Wanderers,,11.27,25.15,B,247,False,False,0.0
Blackburn Rovers,Wolverhampton Wanderers,1,2508.9,Touch,Kevin DOYLE,Wolverhampton Wanderers,,12.81,25.8,B,247,False,False,0.0
Blackburn Rovers,Wolverhampton Wanderers,1,2509.9,Pass,Kevin DOYLE,Wolverhampton Wanderers,,12.43,26.78,B,247,False,False,0.0
Blackburn Rovers,Wolverhampton Wanderers,1,2511.5,Touch,Karl HENRY,Wolverhampton Wanderers,,1.06,18.09,B,247,False,False,0.0
Blackburn Rovers,Wolverhampton Wanderers,1,2512.0,Pass,Karl HENRY,Wolverhampton Wanderers,,1.66,17.47,B,247,False,False,0.0
Blackburn Rovers,Wolverhampton Wanderers,1,2513.4,Touch,Jamie O'HARA,Wolverhampton Wanderers,,-0.14,5.6,B,247,False,False,0.0
Blackburn Rovers,Wolverhampton Wanderers,1,2513.8,Touch,Jamie O'HARA,Wolverhampton Wanderers,,-0.06,5.54,B,247,False,False,0.0
Blackburn Rovers,Wolverhampton Wanderers,1,2514.9,Touch,Jamie O'HARA,Wolverhampton Wanderers,,-0.14,4.16,B,247,False,False,0.0
Blackburn Rovers,Wolverhampton Wanderers,1,2515.3,Touch,Jamie O'HARA,Wolverhampton Wanderers,,-0.11,3.39,B,247,False,False,0.0
Blackburn Rovers,Wolverhampton Wanderers,1,2516.6,Pass,Jamie O'HARA,Wolverhampton Wanderers,,1.88,1.78,B,247,False,False,0.0
Blackburn Rovers,Wolverhampton Wanderers,1,2517.5,Pass,Karl HENRY,Wolverhampton Wanderers,,2.09,11.16,B,247,False,False,0.0
Blackburn Rovers,Wolverhampton Wanderers,1,2518.5,Pass,Jamie O'HARA,Wolverhampton Wanderers,,-0.54,5.08,B,247,False,False,0.0
Blackburn Rovers,Wolverhampton Wanderers,1,2520.2,Pass,Kevin FOLEY,Wolverhampton Wanderers,,-5.12,24.7,B,247,False,False,0.0
Blackburn Rovers,Wolverhampton Wanderers,1,2521.2,Touch,Stephen HUNT,Wolverhampton Wanderers,,-5.67,18.13,B,247,False,False,0.0
Blackburn Rovers,Wolverhampton Wanderers,1,2521.8,Pass,Stephen HUNT,Wolverhampton Wanderers,,-5.56,19.17,B,247,False,False,0.0
Blackburn Rovers,Wolverhampton Wanderers,1,2522.5,Touch,Jamie O'HARA,Wolverhampton Wanderers,,-4.35,10.96,B,247,False,False,0.0
Blackburn Rovers,Wolverhampton Wanderers,1,2523.2,Pass,Jamie O'HARA,Wolverhampton Wanderers,,-4.92,11.87,B,247,False,False,0.0
Blackburn Rovers,Wolverhampton Wanderers,1,2525.9,Header,Martin OLSSON,Blackburn Rovers,,22.92,26.68,B,247,False,False,0.0
Blackburn Rovers,Wolverhampton Wanderers,1,2527.9,Touch,Stephen HUNT,Wolverhampton Wanderers,,13.18,18.95,B,247,False,False,0.0
Blackburn Rovers,Wolverhampton Wanderers,1,2529.1,Touch,Stephen HUNT,Wolverhampton Wanderers,,18.02,12.3,B,247,False,False,0.0
Blackburn Rovers,Wolverhampton Wanderers,1,2530.1,Touch,Stephen HUNT,Wolverhampton Wanderers,,21.55,7.02,B,247,False,False,0.0
Blackburn Rovers,Wolverhampton Wanderers,1,2531.2,Dribble,Stephen HUNT,Wolverhampton Wanderers,,26.940000000006684,1.5291666666598571,B,247,False,False,0.0
Blackburn Rovers,Wolverhampton Wanderers,1,2531.3,Shot,Stephen HUNT,Wolverhampton Wanderers,,27.43,1.03,B,247,False,True,0.0497624467803634
Blackburn Rovers,Wolverhampton Wanderers,1,2532.4,Ball Out Of Play,,,,55.0,7.0,U,-1,False,False,0.0
Blackburn Rovers,Wolverhampton Wanderers,1,2543.5,Goal Kick,Paul ROBINSON,Blackburn Rovers,,50.6,7.05,A,248,False,False,0.0
Blackburn Rovers,Wolverhampton Wanderers,1,2547.2,Touch,Jason ROBERTS,Blackburn Rovers,,-18.4,14.79,A,248,False,False,0.0
Blackburn Rovers,Wolverhampton Wanderers,1,2549.0,Touch,Jason ROBERTS,Blackburn Rovers,,-23.66,18.98,A,248,False,False,0.0
Blackburn Rovers,Wolverhampton Wanderers,1,2549.6,Pass,Jason ROBERTS,Blackburn Rovers,,-24.71,20.76,A,248,False,True,0.0
Blackburn Rovers,Wolverhampton Wanderers,1,2550.7,Touch,Karl HENRY,Wolverhampton Wanderers,,-19.21,25.6,B,249,True,False,0.0
Blackburn Rovers,Wolverhampton Wanderers,1,2552.2,Touch,Karl HENRY,Wolverhampton Wanderers,,-23.88,31.11,B,249,False,False,0.0
Blackburn Rovers,Wolverhampton Wanderers,1,2553.1,Pass,Karl HENRY,Wolverhampton Wanderers,,-28.41,31.4,B,249,False,False,0.0
Blackburn Rovers,Wolverhampton Wanderers,1,2554.2,Pass,Kevin FOLEY,Wolverhampton Wanderers,,-36.1,23.82,B,249,False,False,0.0
Blackburn Rovers,Wolverhampton Wanderers,1,2555.0,Pass,Roger JOHNSON,Wolverhampton Wanderers,,-27.62,24.03,B,249,False,False,0.0
Blackburn Rovers,Wolverhampton Wanderers,1,2555.6,Touch,Karl HENRY,Wolverhampton Wanderers,,-27.73,30.76,B,249,False,False,0.0
Blackburn Rovers,Wolverhampton Wanderers,1,2556.8,Pass,Karl HENRY,Wolverhampton Wanderers,,-26.81,30.6,B,249,False,False,0.0
Blackburn Rovers,Wolverhampton Wanderers,1,2558.2,Touch,Kevin DOYLE,Wolverhampton Wanderers,,-1.43,27.73,B,249,False,False,0.0
Blackburn Rovers,Wolverhampton Wanderers,1,2560.1,Pass,Kevin DOYLE,Wolverhampton Wanderers,,-4.03,30.0,B,249,False,False,0.0
Blackburn Rovers,Wolverhampton Wanderers,1,2561.0,Pass,Karl HENRY,Wolverhampton Wanderers,,-15.0,26.9,B,249,False,False,0.0
Blackburn Rovers,Wolverhampton Wanderers,1,2562.8,Pass,Grant HANLEY,Blackburn Rovers,,11.63,20.49,B,249,False,False,0.0
Blackburn Rovers,Wolverhampton Wanderers,1,2564.8,Ball Out Of Play,,,,-21.0,34.0,U,-1,False,False,0.0
Blackburn Rovers,Wolverhampton Wanderers,1,2588.2,Throw In,Kevin FOLEY,Wolverhampton Wanderers,,-11.18,34.0,B,250,False,False,0.0
Blackburn Rovers,Wolverhampton Wanderers,1,2589.8,Header,Kevin DOYLE,Wolverhampton Wanderers,,10.22,31.93,B,250,False,False,0.0
Blackburn Rovers,Wolverhampton Wanderers,1,2590.9,Pass,Stephen HUNT,Wolverhampton Wanderers,,7.06,29.98,B,250,False,True,0.0
Blackburn Rovers,Wolverhampton Wanderers,1,2594.0,Touch,Martin OLSSON,Blackburn Rovers,,30.64,21.69,A,251,True,False,0.0
Blackburn Rovers,Wolverhampton Wanderers,1,2594.4,Touch,Martin OLSSON,Blackburn Rovers,,32.51,20.22,A,251,False,False,0.0
Blackburn Rovers,Wolverhampton Wanderers,1,2595.7,Touch,Martin OLSSON,Blackburn Rovers,,34.93,20.97,A,251,False,False,0.0
Blackburn Rovers,Wolverhampton Wanderers,1,2597.9,Pass,Martin OLSSON,Blackburn Rovers,,33.64,27.02,A,251,False,False,0.0
Blackburn Rovers,Wolverhampton Wanderers,1,2601.3,Header,Jason ROBERTS,Blackburn Rovers,,-20.87,20.68,A,251,False,False,0.0
Blackburn Rovers,Wolverhampton Wanderers,1,2603.0,Pass,George ELOKOBI,Wolverhampton Wanderers,,-23.88,5.28,A,251,False,False,0.0
Blackburn Rovers,Wolverhampton Wanderers,1,2604.9,Touch,Ruben ROCHINA,Blackburn Rovers,,-0.19,15.98,A,251,False,False,0.0
Blackburn Rovers,Wolverhampton Wanderers,1,2605.9,Pass,Ruben ROCHINA,Blackburn Rovers,,-0.91,14.48,A,251,False,False,0.0
Blackburn Rovers,Wolverhampton Wanderers,1,2610.1,Touch,Michel SALGADO,Blackburn Rovers,,-17.56,-28.37,A,251,False,False,0.0
Blackburn Rovers,Wolverhampton Wanderers,1,2611.2,Pass,Michel SALGADO,Blackburn Rovers,,-19.21,-28.28,A,251,False,False,0.0
Blackburn Rovers,Wolverhampton Wanderers,1,2612.4,Touch,Steven N'ZONZI,Blackburn Rovers,,-17.13,-17.62,A,251,False,False,0.0
Blackburn Rovers,Wolverhampton Wanderers,1,2613.1,Touch,Steven N'ZONZI,Blackburn Rovers,,-16.27,-17.39,A,251,False,False,0.0
Blackburn Rovers,Wolverhampton Wanderers,1,2614.3,Pass,Steven N'ZONZI,Blackburn Rovers,,-19.75,-16.49,A,251,False,False,0.0
Blackburn Rovers,Wolverhampton Wanderers,1,2615.8,Touch,David DUNN,Blackburn Rovers,,-16.7,-6.93,A,251,False,False,0.0
Blackburn Rovers,Wolverhampton Wanderers,1,2616.8,Touch,David DUNN,Blackburn Rovers,,-19.69,-6.77,A,251,False,False,0.0
Blackburn Rovers,Wolverhampton Wanderers,1,2617.3,Touch,David DUNN,Blackburn Rovers,,-21.01,-6.92,A,251,False,False,0.0
Blackburn Rovers,Wolverhampton Wanderers,1,2618.1,Pass,David DUNN,Blackburn Rovers,,-24.47,-9.08,A,251,False,False,0.0
Blackburn Rovers,Wolverhampton Wanderers,1,2618.8,Pass,Steven N'ZONZI,Blackburn Rovers,,-37.21,-11.38,A,251,False,False,0.0
Blackburn Rovers,Wolverhampton Wanderers,1,2620.4,Cross,David DUNN,Blackburn Rovers,,-37.97,-19.77,A,251,False,True,0.0
Blackburn Rovers,Wolverhampton Wanderers,1,2622.2,Goalkeeper Punch,Wayne HENNESSEY,Wolverhampton Wanderers,,-48.24,1.66,B,252,True,False,0.0
Blackburn Rovers,Wolverhampton Wanderers,1,2625.8,Touch,Kevin DOYLE,Wolverhampton Wanderers,,-29.76,18.54,B,252,False,False,0.0
Blackburn Rovers,Wolverhampton Wanderers,1,2627.1,Pass,Kevin DOYLE,Wolverhampton Wanderers,,-28.17,21.27,B,252,False,False,0.0
Blackburn Rovers,Wolverhampton Wanderers,1,2628.3,Pass,Kevin FOLEY,Wolverhampton Wanderers,,-32.05,26.06,B,252,False,False,0.0
Blackburn Rovers,Wolverhampton Wanderers,1,2628.5,Foul,Kevin FOLEY,Wolverhampton Wanderers,Steven N'ZONZI,-31.76,26.22,U,-1,False,False,0.0
Blackburn Rovers,Wolverhampton Wanderers,1,2649.7,Yellow Card,Steven N'ZONZI,Blackburn Rovers,,-11.32,19.2,U,-1,False,False,0.0
Blackburn Rovers,Wolverhampton Wanderers,1,2689.7,Substitution,Stephen HUNT,Wolverhampton Wanderers,Stefan MAIERHOFER,2.13,31.29,U,-1,False,False,0.0
Blackburn Rovers,Wolverhampton Wanderers,1,2702.7,Direct Free Kick Pass,Wayne HENNESSEY,Wolverhampton Wanderers,,-35.39,24.4,B,253,False,True,0.0
Blackburn Rovers,Wolverhampton Wanderers,1,2706.5,Header,Grant HANLEY,Blackburn Rovers,,31.2,21.94,A,254,True,False,0.0
Blackburn Rovers,Wolverhampton Wanderers,1,2710.0,Clearance,Martin OLSSON,Blackburn Rovers,,39.44,31.09,A,254,False,False,0.0
Blackburn Rovers,Wolverhampton Wanderers,1,2714.0,Header,Christophe BERRA,Wolverhampton Wanderers,,4.54,7.58,A,254,False,False,0.0
Blackburn Rovers,Wolverhampton Wanderers,1,2715.8,Touch,Michel SALGADO,Blackburn Rovers,,22.28,-0.41,A,254,False,False,0.0
Blackburn Rovers,Wolverhampton Wanderers,1,2716.9,Pass,Michel SALGADO,Blackburn Rovers,,19.83,0.95,A,254,False,True,0.0
Blackburn Rovers,Wolverhampton Wanderers,1,2718.4,Touch,Karl HENRY,Wolverhampton Wanderers,,5.4,11.27,B,255,True,False,0.0
Blackburn Rovers,Wolverhampton Wanderers,1,2719.1,Touch,Karl HENRY,Wolverhampton Wanderers,,9.23,11.3,B,255,False,False,0.0
Blackburn Rovers,Wolverhampton Wanderers,1,2719.8,Touch,Karl HENRY,Wolverhampton Wanderers,,11.87,11.25,B,255,False,False,0.0
Blackburn Rovers,Wolverhampton Wanderers,1,2720.4,Foul,Karl HENRY,Wolverhampton Wanderers,Ruben ROCHINA,12.85,11.71,U,-1,False,False,0.0
Blackburn Rovers,Wolverhampton Wanderers,1,2744.9,Direct Free Kick Pass,Jamie O'HARA,Wolverhampton Wanderers,,11.05,7.58,B,256,False,False,0.0
Blackburn Rovers,Wolverhampton Wanderers,1,2747.3,Touch,Christophe BERRA,Wolverhampton Wanderers,,-0.14,-2.21,B,256,False,False,0.0
Blackburn Rovers,Wolverhampton Wanderers,1,2749.2,Pass,Christophe BERRA,Wolverhampton Wanderers,,-3.13,-3.55,B,256,False,False,0.0
Blackburn Rovers,Wolverhampton Wanderers,1,2752.7,Pass,Wayne HENNESSEY,Wolverhampton Wanderers,,-39.73,9.01,B,256,False,True,0.0
Blackburn Rovers,Wolverhampton Wanderers,1,2756.9,Header,David DUNN,Blackburn Rovers,,11.47,19.73,A,257,True,False,0.0
Blackburn Rovers,Wolverhampton Wanderers,1,2759.0,Header,Grant HANLEY,Blackburn Rovers,,20.68,19.83,A,257,False,True,0.0
Blackburn Rovers,Wolverhampton Wanderers,1,2760.0,Header,Karl HENRY,Wolverhampton Wanderers,,6.25,18.34,B,258,True,False,0.0
Blackburn Rovers,Wolverhampton Wanderers,1,2761.7,Pass,Steven FLETCHER,Wolverhampton Wanderers,,18.33,11.85,B,258,False,False,0.0
Blackburn Rovers,Wolverhampton Wanderers,1,2762.3,Touch,Stefan MAIERHOFER,Wolverhampton Wanderers,,15.52,12.26,B,258,False,False,0.0
Blackburn Rovers,Wolverhampton Wanderers,1,2763.2,Pass,Stefan MAIERHOFER,Wolverhampton Wanderers,,14.68,9.06,B,258,False,False,0.0
Blackburn Rovers,Wolverhampton Wanderers,1,2763.7,Touch,Jamie O'HARA,Wolverhampton Wanderers,,8.2,8.77,B,258,False,False,0.0
Blackburn Rovers,Wolverhampton Wanderers,1,2764.2,Touch,Jamie O'HARA,Wolverhampton Wanderers,,8.22,8.62,B,258,False,False,0.0
Blackburn Rovers,Wolverhampton Wanderers,1,2765.7,Pass,Jamie O'HARA,Wolverhampton Wanderers,,8.52,5.75,B,258,False,False,0.0
Blackburn Rovers,Wolverhampton Wanderers,1,2768.0,Touch,George ELOKOBI,Wolverhampton Wanderers,,3.34,-23.56,B,258,False,False,0.0
Blackburn Rovers,Wolverhampton Wanderers,1,2770.0,Touch,George ELOKOBI,Wolverhampton Wanderers,,9.82,-26.28,B,258,False,False,0.0
Blackburn Rovers,Wolverhampton Wanderers,1,2771.0,Pass,George ELOKOBI,Wolverhampton Wanderers,,12.3,-26.62,B,258,False,False,0.0
Blackburn Rovers,Wolverhampton Wanderers,1,2774.0,Touch,Stephen WARD,Wolverhampton Wanderers,,42.25,-26.83,B,258,False,False,0.0
Blackburn Rovers,Wolverhampton Wanderers,1,2776.1,Touch,Stephen WARD,Wolverhampton Wanderers,,49.94,-30.08,B,258,False,False,0.0
Blackburn Rovers,Wolverhampton Wanderers,1,2778.9,Touch,Stephen WARD,Wolverhampton Wanderers,,51.6,-31.02,B,258,False,False,0.0
Blackburn Rovers,Wolverhampton Wanderers,1,2780.7,Clearance,Michel SALGADO,Blackburn Rovers,,52.13,-30.05,B,258,False,False,0.0
Blackburn Rovers,Wolverhampton Wanderers,1,2780.9,Ball Out Of Play,,,,44.0,-35.0,U,-1,False,False,0.0
Blackburn Rovers,Wolverhampton Wanderers,1,2792.6,Throw In,George ELOKOBI,Wolverhampton Wanderers,,42.62,-34.0,B,259,False,False,0.0
Blackburn Rovers,Wolverhampton Wanderers,1,2793.4,Touch,Stephen WARD,Wolverhampton Wanderers,,48.66,-26.76,B,259,False,False,0.0
Blackburn Rovers,Wolverhampton Wanderers,1,2794.4,Touch,Stephen WARD,Wolverhampton Wanderers,,49.16,-28.54,B,259,False,False,0.0
Blackburn Rovers,Wolverhampton Wanderers,1,2795.0,Touch,Stephen WARD,Wolverhampton Wanderers,,49.79,-29.08,B,259,False,False,0.0
Blackburn Rovers,Wolverhampton Wanderers,1,2796.1,Touch,Stephen WARD,Wolverhampton Wanderers,,51.36,-29.22,B,259,False,False,0.0
Blackburn Rovers,Wolverhampton Wanderers,1,2796.7,Touch,Stephen WARD,Wolverhampton Wanderers,,52.13,-29.49,B,259,False,False,0.0
Blackburn Rovers,Wolverhampton Wanderers,1,2797.3,Tackle,Stephen WARD,Wolverhampton Wanderers,David HOILETT,52.23,-30.15,B,259,False,False,0.0
Blackburn Rovers,Wolverhampton Wanderers,1,2798.1,Ball Out Of Play,,,,47.0,-35.0,U,-1,False,False,0.0
Blackburn Rovers,Wolverhampton Wanderers,1,2811.8,Throw In,George ELOKOBI,Wolverhampton Wanderers,,48.03,-33.93,B,260,False,False,0.0
Blackburn Rovers,Wolverhampton Wanderers,1,2812.7,Pass,Jamie O'HARA,Wolverhampton Wanderers,,44.25,-27.07,B,260,False,False,0.0
Blackburn Rovers,Wolverhampton Wanderers,1,2813.6,Touch,George ELOKOBI,Wolverhampton Wanderers,,45.22,-31.33,B,260,False,False,0.0
Blackburn Rovers,Wolverhampton Wanderers,1,2814.2,Touch,George ELOKOBI,Wolverhampton Wanderers,,46.9,-31.4,B,260,False,False,0.0
Blackburn Rovers,Wolverhampton Wanderers,1,2815.3,Touch,George ELOKOBI,Wolverhampton Wanderers,,50.12,-30.51,B,260,False,False,0.0
Blackburn Rovers,Wolverhampton Wanderers,1,2816.1,Touch,George ELOKOBI,Wolverhampton Wanderers,,51.1,-28.89,B,260,False,False,0.0
Blackburn Rovers,Wolverhampton Wanderers,1,2816.5,Touch,George ELOKOBI,Wolverhampton Wanderers,,51.12,-28.61,B,260,False,False,0.0
Blackburn Rovers,Wolverhampton Wanderers,1,2818.2,Touch,George ELOKOBI,Wolverhampton Wanderers,,51.76,-30.59,B,260,False,False,0.0
Blackburn Rovers,Wolverhampton Wanderers,1,2818.9,Touch,George ELOKOBI,Wolverhampton Wanderers,,52.16,-30.27,B,260,False,True,0.0
Blackburn Rovers,Wolverhampton Wanderers,1,2819.4,Ball Out Of Play,,,,46.0,-35.0,U,-1,False,False,0.0
Blackburn Rovers,Wolverhampton Wanderers,1,2822.7,Throw In,David DUNN,Blackburn Rovers,,47.42,-33.96,A,261,False,False,0.0
Blackburn Rovers,Wolverhampton Wanderers,1,2825.2,Pass,David GOODWILLIE,Blackburn Rovers,,16.58,-30.53,A,261,False,False,0.0
Blackburn Rovers,Wolverhampton Wanderers,1,2827.1,Touch,Jason ROBERTS,Blackburn Rovers,,3.42,-30.15,A,261,False,False,0.0
Blackburn Rovers,Wolverhampton Wanderers,1,2827.4,Touch,Jason ROBERTS,Blackburn Rovers,,3.87,-30.47,A,261,False,False,0.0
Blackburn Rovers,Wolverhampton Wanderers,1,2828.2,Touch,Jason ROBERTS,Blackburn Rovers,,4.59,-31.84,A,261,False,True,0.0
Blackburn Rovers,Wolverhampton Wanderers,1,2828.4,Ball Out Of Play,,,,5.0,-35.0,U,-1,False,False,0.0
Blackburn Rovers,Wolverhampton Wanderers,1,2840.4,Throw In,George ELOKOBI,Wolverhampton Wanderers,,1.09,-34.0,B,262,False,False,0.0
Blackburn Rovers,Wolverhampton Wanderers,1,2844.1,Clearance,Steven N'ZONZI,Blackburn Rovers,,41.62,-24.69,B,262,False,False,0.0
Blackburn Rovers,Wolverhampton Wanderers,1,2848.3,Ball Out Of Play,,,,8.0,-35.0,U,-1,False,False,0.0
Blackburn Rovers,Wolverhampton Wanderers,1,2863.7,Throw In,George ELOKOBI,Wolverhampton Wanderers,,12.58,-33.9,B,263,False,False,0.0
Blackburn Rovers,Wolverhampton Wanderers,1,2865.0,Header,Stefan MAIERHOFER,Wolverhampton Wanderers,,37.94,-29.55,B,263,False,False,0.0
Blackburn Rovers,Wolverhampton Wanderers,1,2866.2,Touch,Stephen WARD,Wolverhampton Wanderers,,32.38,-24.25,B,263,False,False,0.0
Blackburn Rovers,Wolverhampton Wanderers,1,2867.0,Pass,Stephen WARD,Wolverhampton Wanderers,,33.69,-23.69,B,263,False,False,0.0
Blackburn Rovers,Wolverhampton Wanderers,1,2867.7,Touch,Stefan MAIERHOFER,Wolverhampton Wanderers,,38.09,-31.07,B,263,False,False,0.0
Blackburn Rovers,Wolverhampton Wanderers,1,2869.5,Touch,Stefan MAIERHOFER,Wolverhampton Wanderers,,37.87,-30.94,B,263,False,False,0.0
Blackburn Rovers,Wolverhampton Wanderers,1,2870.1,Touch,Stefan MAIERHOFER,Wolverhampton Wanderers,,38.55,-31.02,B,263,False,True,0.0
Blackburn Rovers,Wolverhampton Wanderers,1,2871.0,Touch,Michel SALGADO,Blackburn Rovers,,42.13,-30.46,A,264,True,False,0.0
Blackburn Rovers,Wolverhampton Wanderers,1,2872.5,Touch,Michel SALGADO,Blackburn Rovers,,47.65,-29.77,A,264,False,False,0.0
Blackburn Rovers,Wolverhampton Wanderers,1,2872.9,Touch,Michel SALGADO,Blackburn Rovers,,48.65,-29.38,A,264,False,False,0.0
Blackburn Rovers,Wolverhampton Wanderers,1,2873.9,Clearance,Michel SALGADO,Blackburn Rovers,,49.88,-30.09,A,264,False,False,0.0
Blackburn Rovers,Wolverhampton Wanderers,1,2875.1,Header,David DUNN,Blackburn Rovers,,30.51,-22.25,A,264,False,False,0.0
Blackburn Rovers,Wolverhampton Wanderers,1,2877.0,Pass,Christophe BERRA,Wolverhampton Wanderers,,11.66,-22.7,A,264,False,False,0.0
Blackburn Rovers,Wolverhampton Wanderers,1,2879.3,Ball Out Of Play,,,,10.0,-35.0,U,-1,False,False,0.0
Blackburn Rovers,Wolverhampton Wanderers,1,2889.2,Throw In,Michel SALGADO,Blackburn Rovers,,12.08,-34.0,A,265,False,False,0.0
Blackburn Rovers,Wolverhampton Wanderers,1,2891.5,Touch,Ruben ROCHINA,Blackburn Rovers,,7.94,-11.86,A,265,False,False,0.0
Blackburn Rovers,Wolverhampton Wanderers,1,2893.4,Touch,Ruben ROCHINA,Blackburn Rovers,,11.02,-14.54,A,265,False,False,0.0
Blackburn Rovers,Wolverhampton Wanderers,1,2894.0,Touch,Ruben ROCHINA,Blackburn Rovers,,9.78,-15.8,A,265,False,False,0.0
Blackburn Rovers,Wolverhampton Wanderers,1,2894.6,Touch,Ruben ROCHINA,Blackburn Rovers,,7.34,-15.76,A,265,False,False,0.0
Blackburn Rovers,Wolverhampton Wanderers,1,2895.0,Touch,Ruben ROCHINA,Blackburn Rovers,,5.32,-14.81,A,265,False,False,0.0
Blackburn Rovers,Wolverhampton Wanderers,1,2895.6,Touch,Ruben ROCHINA,Blackburn Rovers,,2.74,-12.22,A,265,False,False,0.0
Blackburn Rovers,Wolverhampton Wanderers,1,2896.5,Touch,Ruben ROCHINA,Blackburn Rovers,,0.8,-8.88,A,265,False,False,0.0
Blackburn Rovers,Wolverhampton Wanderers,1,2897.4,Touch,Ruben ROCHINA,Blackburn Rovers,,-3.8,-4.07,A,265,False,False,0.0
Blackburn Rovers,Wolverhampton Wanderers,1,2898.7,Pass,Ruben ROCHINA,Blackburn Rovers,,-5.88,1.93,A,265,False,False,0.0
Blackburn Rovers,Wolverhampton Wanderers,1,2900.0,Touch,Martin OLSSON,Blackburn Rovers,,0.13,10.62,A,265,False,False,0.0
Blackburn Rovers,Wolverhampton Wanderers,1,2901.3,Pass,Martin OLSSON,Blackburn Rovers,,-4.39,16.03,A,265,False,False,0.0
Blackburn Rovers,Wolverhampton Wanderers,1,2902.7,Touch,Nick BLACKMAN,Blackburn Rovers,,-12.64,31.92,A,265,False,False,0.0
Blackburn Rovers,Wolverhampton Wanderers,1,2903.3,Touch,Nick BLACKMAN,Blackburn Rovers,,-12.59,31.19,A,265,False,False,0.0
Blackburn Rovers,Wolverhampton Wanderers,1,2904.4,Pass,Nick BLACKMAN,Blackburn Rovers,,-12.33,27.72,A,265,False,True,0.0
Blackburn Rovers,Wolverhampton Wanderers,1,2904.5,Block,Stefan MAIERHOFER,Wolverhampton Wanderers,,-13.12,26.14,B,266,True,False,0.0
Blackburn Rovers,Wolverhampton Wanderers,1,2905.1,Touch,Kevin DOYLE,Wolverhampton Wanderers,,-15.45,27.19,B,266,False,False,0.0
Blackburn Rovers,Wolverhampton Wanderers,1,2906.0,Pass,Kevin DOYLE,Wolverhampton Wanderers,,-15.76,25.95,B,266,False,True,0.0
Blackburn Rovers,Wolverhampton Wanderers,1,2906.1,Block,Ruben ROCHINA,Blackburn Rovers,,-15.6,23.6,A,267,True,False,0.0
Blackburn Rovers,Wolverhampton Wanderers,1,2908.7,Pass,Martin OLSSON,Blackburn Rovers,,-24.16,30.13,A,267,False,False,0.0
Blackburn Rovers,Wolverhampton Wanderers,1,2909.4,Touch,David GOODWILLIE,Blackburn Rovers,,-33.28,18.14,A,267,False,False,0.0
Blackburn Rovers,Wolverhampton Wanderers,1,2910.5,Touch,David GOODWILLIE,Blackburn Rovers,,-32.31,17.74,A,267,False,False,0.0
Blackburn Rovers,Wolverhampton Wanderers,1,2911.3,Pass,David GOODWILLIE,Blackburn Rovers,,-30.83,15.85,A,267,False,False,0.0
Blackburn Rovers,Wolverhampton Wanderers,1,2911.4,Block,Karl HENRY,Wolverhampton Wanderers,,-30.94,16.77,A,267,False,False,0.0
Blackburn Rovers,Wolverhampton Wanderers,1,2913.3,Touch,David HOILETT,Blackburn Rovers,,-22.42,6.0,A,267,False,False,0.0
Blackburn Rovers,Wolverhampton Wanderers,1,2913.8,Touch,David HOILETT,Blackburn Rovers,,-21.72,5.51,A,267,False,False,0.0
Blackburn Rovers,Wolverhampton Wanderers,1,2916.3,Touch,Steven FLETCHER,Wolverhampton Wanderers,,-18.41,9.26,A,267,False,False,0.0
Blackburn Rovers,Wolverhampton Wanderers,1,2917.9,Tackle,Steven FLETCHER,Wolverhampton Wanderers,David DUNN,-9.92,9.01,A,267,False,False,0.0
Blackburn Rovers,Wolverhampton Wanderers,1,2918.5,Touch,Nick BLACKMAN,Blackburn Rovers,,-5.14,20.89,A,267,False,False,0.0
Blackburn Rovers,Wolverhampton Wanderers,1,2919.9,Pass,Nick BLACKMAN,Blackburn Rovers,,-1.06,18.85,A,267,False,False,0.0
Blackburn Rovers,Wolverhampton Wanderers,1,2921.5,Touch,Grant HANLEY,Blackburn Rovers,,11.2,11.79,A,267,False,False,0.0
Blackburn Rovers,Wolverhampton Wanderers,1,2922.5,Pass,Grant HANLEY,Blackburn Rovers,,10.64,10.02,A,267,False,False,0.0
Blackburn Rovers,Wolverhampton Wanderers,1,2925.4,Touch,Michel SALGADO,Blackburn Rovers,,0.88,-21.95,A,267,False,False,0.0
Blackburn Rovers,Wolverhampton Wanderers,1,2927.0,Pass,Michel SALGADO,Blackburn Rovers,,-1.1,-23.94,A,267,False,True,0.0
Blackburn Rovers,Wolverhampton Wanderers,1,2930.0,Touch,Wayne HENNESSEY,Wolverhampton Wanderers,,-40.3,-0.83,B,268,True,False,0.0
Blackburn Rovers,Wolverhampton Wanderers,1,2931.6,Goalkeeper Pick Up,Wayne HENNESSEY,Wolverhampton Wanderers,,-37.36,-3.61,B,268,False,False,0.0
Blackburn Rovers,Wolverhampton Wanderers,1,2942.4,Goalkeeper Throw,Wayne HENNESSEY,Wolverhampton Wanderers,,-38.8,1.84,B,268,False,False,0.0
Blackburn Rovers,Wolverhampton Wanderers,1,2946.0,End Of Half,,,,,,U,-1,False,False,0.0
